unique_path_id,source_record_count,path_probability_min,path_probability_max,path_probability_range,probability_consistent,observed_frequency_range,observed_empirical_mass_range
1,3,2.088326521875e-08,2.088326521875e-08,0,1,0,0
2,12,6.206390775e-09,6.206390775e-09,0,1,0,0
3,3,2.592e-15,2.592e-15,0,1,0,0
4,3,1.0368e-13,1.0368e-13,0,1,0,0
5,3,2.7e-14,2.7e-14,0,1,0,0
6,3,5.76e-16,5.76e-16,0,1,0,0
7,3,1.44e-15,1.44e-15,0,1,0,0
8,3,7.2e-16,7.2e-16,0,1,0,0
9,3,1.0368e-13,1.0368e-13,0,1,0,0
10,3,2.88e-14,2.88e-14,0,1,0,0
11,3,2.7e-14,2.7e-14,0,1,0,0
12,3,1.44e-15,1.44e-15,0,1,0,0
13,3,1.8e-15,1.8e-15,0,1,0,0
14,3,3.168e-15,3.168e-15,0,1,0,0
15,3,7.2e-16,7.2e-16,0,1,0,0
16,3,1.8e-15,1.8e-15,0,1,0,0
17,8,2.1756976744186e-10,2.1756976744186e-10,0,1,0,0
18,3,4.8384e-13,4.8384e-13,0,1,0,0
19,3,4.43232e-11,4.43232e-11,0,1,0,0
20,3,2.736e-12,2.736e-12,0,1,0,0
21,3,1.846553436e-07,1.846553436e-07,0,1,0,0
22,6,9.3665754e-07,9.3665754e-07,0,1,0,0
23,12,6.912675e-08,6.912675e-08,0,1,0,0
24,3,4.8384e-13,4.8384e-13,0,1,0,0
25,3,1.344e-13,1.344e-13,0,1,0,0
26,3,6.72e-15,6.72e-15,0,1,0,0
27,3,8.4e-15,8.4e-15,0,1,0,0
28,3,1.4784e-14,1.4784e-14,0,1,0,0
29,3,8e-16,8e-16,0,1,0,0
30,3,1e-15,1e-15,0,1,0,0
31,3,8e-15,8e-15,0,1,0,0
32,3,2.736e-12,2.736e-12,0,1,0,0
33,3,7.6e-13,7.6e-13,0,1,0,0
34,3,4.75e-14,4.75e-14,0,1,0,0
35,3,8.36e-14,8.36e-14,0,1,0,0
36,9,3.742931052e-08,3.742931052e-08,0,1,0,0
37,3,3.168e-15,3.168e-15,0,1,0,0
38,3,1.2672e-13,1.2672e-13,0,1,0,0
39,3,4.8244541860465e-08,4.8244541860465e-08,0,1,0,0
40,6,3.756324e-10,3.756324e-10,0,1,0,0
41,3,2.69568e-13,2.69568e-13,0,1,0,0
42,3,7.488e-14,7.488e-14,0,1,0,0
43,6,6.37875e-09,6.37875e-09,0,1,0,0
44,3,5.76e-16,5.76e-16,0,1,0,0
45,3,3.168e-15,3.168e-15,0,1,0,0
46,3,7.2e-16,7.2e-16,0,1,0,0
47,3,1.44e-15,1.44e-15,0,1,0,0
48,6,4.9063014e-08,4.9063014e-08,0,1,0,0
49,3,5.9136e-13,5.9136e-13,0,1,0,0
50,3,5.41728e-11,5.41728e-11,0,1,0,0
51,3,2.1736e-13,2.1736e-13,0,1,0,0
52,3,3.344e-12,3.344e-12,0,1,0,0
53,3,2.116688574e-07,2.116688574e-07,0,1,0,0
54,9,3.0584736e-10,3.0584736e-10,0,1,0,0
55,6,4.9063014e-08,4.9063014e-08,0,1,0,0
56,3,3.4944e-13,3.4944e-13,0,1,0,0
57,3,7.1136e-12,7.1136e-12,0,1,0,0
58,3,1.976e-12,1.976e-12,0,1,0,0
59,3,1.235e-13,1.235e-13,0,1,0,0
60,12,4.50613333333332e-10,4.50613333333332e-10,0,1,0,0
61,3,2.688e-15,2.688e-15,0,1,0,0
62,3,3.36e-15,3.36e-15,0,1,0,0
63,3,6.72e-15,6.72e-15,0,1,0,0
64,3,1.52e-14,1.52e-14,0,1,0,0
65,3,1.9e-14,1.9e-14,0,1,0,0
66,3,1.976e-12,1.976e-12,0,1,0,0
67,3,7.6e-13,7.6e-13,0,1,0,0
68,3,3.8e-14,3.8e-14,0,1,0,0
69,3,6e-16,6e-16,0,1,0,0
70,3,1.44e-15,1.44e-15,0,1,0,0
71,3,5.76e-14,5.76e-14,0,1,0,0
72,3,1.872e-15,1.872e-15,0,1,0,0
73,3,5.76e-16,5.76e-16,0,1,0,0
74,3,1.44e-15,1.44e-15,0,1,0,0
75,3,1.44e-15,1.44e-15,0,1,0,0
76,3,5.76e-14,5.76e-14,0,1,0,0
77,3,2.8e-15,2.8e-15,0,1,0,0
78,3,1.58333333333333e-14,1.58333333333333e-14,0,1,0,0
79,3,2.688e-13,2.688e-13,0,1,0,0
80,3,2.4624e-11,2.4624e-11,0,1,0,0
81,3,9.88e-14,9.88e-14,0,1,0,0
82,3,1.52e-12,1.52e-12,0,1,0,0
83,12,7.4977056e-10,7.4977056e-10,0,1,0,0
84,12,5.05659e-09,5.05659e-09,0,1,0,0
85,3,1.53216e-11,1.53216e-11,0,1,0,0
86,3,8.736e-15,8.736e-15,0,1,0,0
87,3,4.94e-14,4.94e-14,0,1,0,0
88,3,2.688e-15,2.688e-15,0,1,0,0
89,3,1.52e-14,1.52e-14,0,1,0,0
90,12,2.83344726562501e-09,2.83344726562501e-09,0,1,0,0
91,3,1.4976e-15,1.4976e-15,0,1,0,0
92,3,5.76e-16,5.76e-16,0,1,0,0
93,3,2.304e-14,2.304e-14,0,1,0,0
94,6,4.13437500000001e-08,4.13437500000001e-08,0,1,0,0
95,6,3.3960465e-08,3.3960465e-08,0,1,0,0
96,3,5.76e-16,5.76e-16,0,1,0,0
97,3,2.304e-14,2.304e-14,0,1,0,0
98,3,6.9888e-15,6.9888e-15,0,1,0,0
99,3,1.0752e-13,1.0752e-13,0,1,0,0
100,3,9.8496e-12,9.8496e-12,0,1,0,0
101,3,3.952e-14,3.952e-14,0,1,0,0
102,3,8e-16,8e-16,0,1,0,0
103,3,6.08e-13,6.08e-13,0,1,0,0
104,3,7.4844e-10,7.4844e-10,0,1,0,0
105,12,4.075918e-09,4.075918e-09,0,1,0,0
106,3,9.8496e-12,9.8496e-12,0,1,0,0
107,3,2.930799564e-07,2.930799564e-07,0,1,0,0
108,6,1.01900106e-06,1.01900106e-06,0,1,0,0
109,6,1.29691044e-06,1.29691044e-06,0,1,0,0
110,12,5.58095484375e-08,5.58095484375e-08,0,1,0,0
111,3,2.16e-14,2.16e-14,0,1,0,0
112,3,2.0736e-15,2.0736e-15,0,1,0,0
113,3,3.2256e-15,3.2256e-15,0,1,0,0
114,3,1.4976e-15,1.4976e-15,0,1,0,0
115,3,5.9904e-14,5.9904e-14,0,1,0,0
116,3,5.76e-16,5.76e-16,0,1,0,0
117,3,7.2e-16,7.2e-16,0,1,0,0
118,3,2.304e-14,2.304e-14,0,1,0,0
119,3,2.16e-14,2.16e-14,0,1,0,0
120,3,7.92e-15,7.92e-15,0,1,0,0
121,3,2.0736e-15,2.0736e-15,0,1,0,0
122,3,2.592e-15,2.592e-15,0,1,0,0
123,3,5.184e-15,5.184e-15,0,1,0,0
124,3,3.2256e-15,3.2256e-15,0,1,0,0
125,3,2.79552e-13,2.79552e-13,0,1,0,0
126,3,1.5808e-12,1.5808e-12,0,1,0,0
127,3,8e-16,8e-16,0,1,0,0
128,3,1e-15,1e-15,0,1,0,0
129,3,6.08e-13,6.08e-13,0,1,0,0
130,3,5.7e-13,5.7e-13,0,1,0,0
131,3,3.696e-14,3.696e-14,0,1,0,0
132,3,1.20384e-11,1.20384e-11,0,1,0,0
133,3,3.344e-12,3.344e-12,0,1,0,0
134,3,2.09e-13,2.09e-13,0,1,0,0
135,12,5.77368e-10,5.77368e-10,0,1,0,0
136,3,9.6768e-15,9.6768e-15,0,1,0,0
137,3,2.4192e-14,2.4192e-14,0,1,0,0
138,3,1.2096e-14,1.2096e-14,0,1,0,0
139,3,2.4192e-14,2.4192e-14,0,1,0,0
140,3,5.472e-14,5.472e-14,0,1,0,0
141,3,6.84e-14,6.84e-14,0,1,0,0
142,3,1.368e-13,1.368e-13,0,1,0,0
143,6,3.00570515930667e-08,3.00570515930667e-08,0,1,0,0
144,3,1.10151657e-06,1.10151657e-06,0,1,0,0
145,3,2.25e-14,2.25e-14,0,1,0,0
146,3,5.4e-14,5.4e-14,0,1,0,0
147,3,6e-16,6e-16,0,1,0,0
148,3,2.25e-14,2.25e-14,0,1,0,0
149,3,1.152e-15,1.152e-15,0,1,0,0
150,3,1.44e-15,1.44e-15,0,1,0,0
151,3,2.0736e-13,2.0736e-13,0,1,0,0
152,3,5.76e-14,5.76e-14,0,1,0,0
153,3,2.0736e-15,2.0736e-15,0,1,0,0
154,3,3.2256e-15,3.2256e-15,0,1,0,0
155,3,1.29024e-13,1.29024e-13,0,1,0,0
156,3,5.76e-16,5.76e-16,0,1,0,0
157,3,1.44e-15,1.44e-15,0,1,0,0
158,3,7.2e-16,7.2e-16,0,1,0,0
159,3,5.4e-14,5.4e-14,0,1,0,0
160,12,9.4527e-10,9.4527e-10,0,1,0,0
161,3,1.152e-15,1.152e-15,0,1,0,0
162,3,1.44e-15,1.44e-15,0,1,0,0
163,3,2.0736e-13,2.0736e-13,0,1,0,0
164,3,5.76e-14,5.76e-14,0,1,0,0
165,3,3.6e-15,3.6e-15,0,1,0,0
166,3,6.336e-15,6.336e-15,0,1,0,0
167,3,1.44e-15,1.44e-15,0,1,0,0
168,3,3.168e-15,3.168e-15,0,1,0,0
169,3,2.0736e-15,2.0736e-15,0,1,0,0
170,3,3.2256e-15,3.2256e-15,0,1,0,0
171,3,1.29024e-13,1.29024e-13,0,1,0,0
172,9,1.95590131578947e-08,1.95590131578947e-08,0,1,0,0
173,3,9.6768e-15,9.6768e-15,0,1,0,0
174,3,8.33333333333333e-16,8.33333333333333e-16,0,1,0,0
175,3,5.472e-14,5.472e-14,0,1,0,0
176,3,8e-16,8e-16,0,1,0,0
177,3,1.425e-12,1.425e-12,0,1,0,0
178,3,9.6768e-13,9.6768e-13,0,1,0,0
179,3,2.688e-13,2.688e-13,0,1,0,0
180,3,1.68e-14,1.68e-14,0,1,0,0
181,3,2.9568e-14,2.9568e-14,0,1,0,0
182,3,9.6768e-13,9.6768e-13,0,1,0,0
183,3,1.6e-15,1.6e-15,0,1,0,0
184,3,2e-15,2e-15,0,1,0,0
185,3,1.6e-14,1.6e-14,0,1,0,0
186,3,5.472e-12,5.472e-12,0,1,0,0
187,3,1.52e-12,1.52e-12,0,1,0,0
188,3,9.5e-14,9.5e-14,0,1,0,0
189,3,1.672e-13,1.672e-13,0,1,0,0
190,12,7.55960205e-08,7.55960205e-08,0,1,0,0
191,3,1.4784e-14,1.4784e-14,0,1,0,0
192,3,8.36e-14,8.36e-14,0,1,0,0
193,3,9.6768e-15,9.6768e-15,0,1,0,0
194,3,5.472e-14,5.472e-14,0,1,0,0
195,12,2.2644468e-07,2.2644468e-07,0,1,0,0
196,12,1.43621775e-08,1.43621775e-08,0,1,0,0
197,3,8.44593750000001e-09,8.44593750000001e-09,0,1,0,0
198,3,2.16e-14,2.16e-14,0,1,0,0
199,3,4.608e-16,4.608e-16,0,1,0,0
200,3,1.152e-15,1.152e-15,0,1,0,0
201,3,2.0736e-15,2.0736e-15,0,1,0,0
202,3,5.76e-16,5.76e-16,0,1,0,0
203,3,8.2944e-14,8.2944e-14,0,1,0,0
204,3,2.304e-14,2.304e-14,0,1,0,0
205,3,2.16e-14,2.16e-14,0,1,0,0
206,3,1.152e-15,1.152e-15,0,1,0,0
207,3,1.44e-15,1.44e-15,0,1,0,0
208,3,2.5344e-15,2.5344e-15,0,1,0,0
209,3,2.0736e-15,2.0736e-15,0,1,0,0
210,3,5.76e-16,5.76e-16,0,1,0,0
211,3,1.44e-15,1.44e-15,0,1,0,0
212,3,1.152e-15,1.152e-15,0,1,0,0
213,3,1.44e-15,1.44e-15,0,1,0,0
214,3,2.5344e-15,2.5344e-15,0,1,0,0
215,3,2.0736e-15,2.0736e-15,0,1,0,0
216,3,8.2944e-14,8.2944e-14,0,1,0,0
217,3,3.87072e-13,3.87072e-13,0,1,0,0
218,3,1.0752e-13,1.0752e-13,0,1,0,0
219,3,5.376e-15,5.376e-15,0,1,0,0
220,3,6.72e-15,6.72e-15,0,1,0,0
221,3,1.18272e-14,1.18272e-14,0,1,0,0
222,3,3.87072e-13,3.87072e-13,0,1,0,0
223,3,6.4e-16,6.4e-16,0,1,0,0
224,3,8e-16,8e-16,0,1,0,0
225,3,6.4e-15,6.4e-15,0,1,0,0
226,3,2.1888e-12,2.1888e-12,0,1,0,0
227,3,6.08e-13,6.08e-13,0,1,0,0
228,3,3.8e-14,3.8e-14,0,1,0,0
229,3,6.688e-14,6.688e-14,0,1,0,0
230,12,3.7850736e-09,3.7850736e-09,0,1,0,0
231,6,1.90509868421053e-08,1.90509868421053e-08,0,1,0,0
232,9,5.734638e-08,5.734638e-08,0,1,0,0
233,4,3.4155387288e-09,3.4155387288e-09,0,1,0,0
234,6,5.9590705263158e-07,5.9590705263158e-07,0,1,0,0
235,6,2.501296875e-08,2.501296875e-08,0,1,0,0
236,11,8.30699999999998e-11,8.30699999999998e-11,0,1,0,0
237,6,3.20945625e-07,3.20945625e-07,0,1,0,0
238,2,1.00794694e-08,1.00794694e-08,0,1,0,0
239,12,4.36450781250001e-08,4.36450781250001e-08,0,1,0,0
240,3,3.6e-15,3.6e-15,0,1,0,0
241,3,5.318784e-11,5.318784e-11,0,1,0,0
242,3,2.13408e-13,2.13408e-13,0,1,0,0
243,3,2.6e-15,2.6e-15,0,1,0,0
244,3,8e-16,8e-16,0,1,0,0
245,3,3.6e-15,3.6e-15,0,1,0,0
246,3,2.5e-15,2.5e-15,0,1,0,0
247,3,3.6e-15,3.6e-15,0,1,0,0
248,3,2.5e-15,2.5e-15,0,1,0,0
249,3,3.528e-14,3.528e-14,0,1,0,0
250,3,3.528e-14,3.528e-14,0,1,0,0
251,6,1.5210678e-08,1.5210678e-08,0,1,0,0
252,3,9.6e-16,9.6e-16,0,1,0,0
253,3,1.2e-15,1.2e-15,0,1,0,0
254,3,9.6e-15,9.6e-15,0,1,0,0
255,3,3.12e-14,3.12e-14,0,1,0,0
256,3,1.2e-14,1.2e-14,0,1,0,0
257,3,4.8e-14,4.8e-14,0,1,0,0
258,3,3.2832e-12,3.2832e-12,0,1,0,0
259,3,5.928e-13,5.928e-13,0,1,0,0
260,3,2.28e-13,2.28e-13,0,1,0,0
261,3,9.12e-13,9.12e-13,0,1,0,0
262,3,8.55e-13,8.55e-13,0,1,0,0
263,3,2.4e-15,2.4e-15,0,1,0,0
264,3,3e-15,3e-15,0,1,0,0
265,3,4.56e-14,4.56e-14,0,1,0,0
266,3,5.7e-14,5.7e-14,0,1,0,0
267,3,5.28e-15,5.28e-15,0,1,0,0
268,3,1.0032e-13,1.0032e-13,0,1,0,0
269,12,1.76877421875e-08,1.76877421875e-08,0,1,0,0
270,8,4.71915755208333e-09,4.71915755208333e-09,0,1,0,0
271,2,6.77062790697675e-09,6.77062790697675e-09,0,1,0,0
272,3,8.7607575e-08,8.7607575e-08,0,1,0,0
273,6,4.04024414062501e-07,4.04024414062501e-07,0,1,0,0
274,3,1.84338e-07,1.84338e-07,0,1,0,0
275,3,4.4e-15,4.4e-15,0,1,0,0
276,3,6.500736e-11,6.500736e-11,0,1,0,0
277,3,2.60832e-13,2.60832e-13,0,1,0,0
278,3,4.0128e-12,4.0128e-12,0,1,0,0
279,12,2.85768e-08,2.85768e-08,0,1,0,0
280,7,8.97999069767442e-10,8.97999069767442e-10,0,1,0,0
281,3,2.08e-15,2.08e-15,0,1,0,0
282,3,8.53632e-12,8.53632e-12,0,1,0,0
283,3,5.928e-13,5.928e-13,0,1,0,0
284,3,2.3712e-12,2.3712e-12,0,1,0,0
285,3,7.8e-15,7.8e-15,0,1,0,0
286,3,1.482e-13,1.482e-13,0,1,0,0
287,3,8e-16,8e-16,0,1,0,0
288,3,4.4e-15,4.4e-15,0,1,0,0
289,3,1e-15,1e-15,0,1,0,0
290,3,7.84e-15,7.84e-15,0,1,0,0
291,3,4.312e-14,4.312e-14,0,1,0,0
292,3,9.8e-15,9.8e-15,0,1,0,0
293,3,4.312e-14,4.312e-14,0,1,0,0
294,3,9.6e-16,9.6e-16,0,1,0,0
295,3,1.2e-15,1.2e-15,0,1,0,0
296,3,1.824e-14,1.824e-14,0,1,0,0
297,3,2.28e-14,2.28e-14,0,1,0,0
298,3,9.6e-15,9.6e-15,0,1,0,0
299,3,2.3712e-12,2.3712e-12,0,1,0,0
300,3,9.12e-13,9.12e-13,0,1,0,0
301,3,2.4e-15,2.4e-15,0,1,0,0
302,3,7.8e-15,7.8e-15,0,1,0,0
303,3,4.56e-14,4.56e-14,0,1,0,0
304,3,2.4e-14,2.4e-14,0,1,0,0
305,6,2.4457125e-07,2.4457125e-07,0,1,0,0
306,6,3.898125e-07,3.898125e-07,0,1,0,0
307,6,1.92375e-09,1.92375e-09,0,1,0,0
308,3,8.33333333333333e-16,8.33333333333333e-16,0,1,0,0
309,3,8.16666666666667e-15,8.16666666666667e-15,0,1,0,0
310,3,1e-15,1e-15,0,1,0,0
311,3,1.9e-14,1.9e-14,0,1,0,0
312,3,7.6e-13,7.6e-13,0,1,0,0
313,8,1.4017212e-09,1.4017212e-09,0,1,0,0
314,3,2e-15,2e-15,0,1,0,0
315,6,1.77896750625e-07,1.77896750625e-07,0,1,0,0
316,3,2.95488e-11,2.95488e-11,0,1,0,0
317,3,6.24e-15,6.24e-15,0,1,0,0
318,3,1.1856e-13,1.1856e-13,0,1,0,0
319,3,2.4e-15,2.4e-15,0,1,0,0
320,3,1.71e-12,1.71e-12,0,1,0,0
321,3,1.824e-12,1.824e-12,0,1,0,0
322,3,1.14e-12,1.14e-12,0,1,0,0
323,3,2.1463464e-09,2.1463464e-09,0,1,0,0
324,6,1.29833418e-08,1.29833418e-08,0,1,0,0
325,3,1.838592e-11,1.838592e-11,0,1,0,0
326,3,6.24e-15,6.24e-15,0,1,0,0
327,3,3.12e-15,3.12e-15,0,1,0,0
328,3,5.928e-14,5.928e-14,0,1,0,0
329,3,8e-16,8e-16,0,1,0,0
330,3,2e-15,2e-15,0,1,0,0
331,3,2e-15,2e-15,0,1,0,0
332,3,7.84e-15,7.84e-15,0,1,0,0
333,3,1.96e-14,1.96e-14,0,1,0,0
334,3,9.6e-16,9.6e-16,0,1,0,0
335,3,1.824e-14,1.824e-14,0,1,0,0
336,3,9.6e-15,9.6e-15,0,1,0,0
337,6,4.44675e-08,4.44675e-08,0,1,0,0
338,6,2.3477025e-08,2.3477025e-08,0,1,0,0
339,6,3.189375e-07,3.189375e-07,0,1,0,0
340,3,2.08e-15,2.08e-15,0,1,0,0
341,3,8e-16,8e-16,0,1,0,0
342,3,3.456e-14,3.456e-14,0,1,0,0
343,3,1.181952e-11,1.181952e-11,0,1,0,0
344,3,6.72e-15,6.72e-15,0,1,0,0
345,3,2.496e-15,2.496e-15,0,1,0,0
346,3,8.112e-15,8.112e-15,0,1,0,0
347,3,4.7424e-14,4.7424e-14,0,1,0,0
348,3,9.6e-16,9.6e-16,0,1,0,0
349,3,6.84e-13,6.84e-13,0,1,0,0
350,3,1.824e-14,1.824e-14,0,1,0,0
351,3,9.6e-15,9.6e-15,0,1,0,0
352,3,3.84e-14,3.84e-14,0,1,0,0
353,3,7.296e-13,7.296e-13,0,1,0,0
354,3,4.56e-13,4.56e-13,0,1,0,0
355,3,3.456e-14,3.456e-14,0,1,0,0
356,3,1.181952e-11,1.181952e-11,0,1,0,0
357,12,7.303296e-11,7.303296e-11,0,1,0,0
358,3,8e-16,8e-16,0,1,0,0
359,3,7.84e-15,7.84e-15,0,1,0,0
360,4,1.3047034e-08,1.3047034e-08,0,1,0,0
361,12,6.5690625e-08,6.5690625e-08,0,1,0,0
362,11,2.0010375e-08,2.0010375e-08,0,1,0,0
363,7,8.9718354e-09,8.9718354e-09,0,1,0,0
364,1,7.59375e-09,7.59375e-09,0,1,0,0
365,12,1.069453125e-07,1.069453125e-07,0,1,0,0
366,6,5.5130625e-07,5.5130625e-07,0,1,0,0
367,4,3.86820622222222e-09,3.86820622222222e-09,0,1,0,0
368,3,2.08e-15,2.08e-15,0,1,0,0
369,2,8e-16,8e-16,0,1,0,0
370,3,2.496e-15,2.496e-15,0,1,0,0
371,3,2.496e-14,2.496e-14,0,1,0,0
372,3,1.89696e-12,1.89696e-12,0,1,0,0
373,3,9.6e-16,9.6e-16,0,1,0,0
374,3,1.2e-15,1.2e-15,0,1,0,0
375,3,9.6e-15,9.6e-15,0,1,0,0
376,3,3.84e-14,3.84e-14,0,1,0,0
377,3,2.4e-14,2.4e-14,0,1,0,0
378,3,7.296e-13,7.296e-13,0,1,0,0
379,3,3.6e-14,3.6e-14,0,1,0,0
380,3,6.84e-13,6.84e-13,0,1,0,0
381,3,4.118352336e-08,4.118352336e-08,0,1,0,0
382,3,2e-15,2e-15,0,1,0,0
383,6,5.2837092e-08,5.2837092e-08,0,1,0,0
384,6,1.30977e-07,1.30977e-07,0,1,0,0
385,3,4.224e-14,4.224e-14,0,1,0,0
386,3,1.444608e-11,1.444608e-11,0,1,0,0
387,3,4.0128e-12,4.0128e-12,0,1,0,0
388,3,2.508e-13,2.508e-13,0,1,0,0
389,3,4.41408e-13,4.41408e-13,0,1,0,0
390,3,3.6e-15,3.6e-15,0,1,0,0
391,3,3.528e-14,3.528e-14,0,1,0,0
392,3,3.456e-15,3.456e-15,0,1,0,0
393,3,8.64e-15,8.64e-15,0,1,0,0
394,3,4.32e-15,4.32e-15,0,1,0,0
395,3,6.5664e-14,6.5664e-14,0,1,0,0
396,3,8.208e-14,8.208e-14,0,1,0,0
397,3,8.64e-15,8.64e-15,0,1,0,0
398,3,1.6416e-13,1.6416e-13,0,1,0,0
399,3,2.08e-15,2.08e-15,0,1,0,0
400,3,2.0384e-14,2.0384e-14,0,1,0,0
401,6,2.258025e-09,2.258025e-09,0,1,0,0
402,12,4.455e-10,4.455e-10,0,1,0,0
403,6,2.027025e-08,2.027025e-08,0,1,0,0
404,3,4.48e-15,4.48e-15,0,1,0,0
405,3,8e-16,8e-16,0,1,0,0
406,3,9.99999999999999e-16,9.99999999999999e-16,0,1,0,0
407,3,1e-14,1e-14,0,1,0,0
408,3,7.125e-13,7.125e-13,0,1,0,0
409,3,1.92e-14,1.92e-14,0,1,0,0
410,3,3.456e-15,3.456e-15,0,1,0,0
411,3,6.5664e-14,6.5664e-14,0,1,0,0
412,3,9.6e-16,9.6e-16,0,1,0,0
413,3,9.6e-15,9.6e-15,0,1,0,0
414,3,1.71e-12,1.71e-12,0,1,0,0
415,3,5e-15,5e-15,0,1,0,0
416,3,5e-15,5e-15,0,1,0,0
417,3,1.92e-15,1.92e-15,0,1,0,0
418,3,2.4e-15,2.4e-15,0,1,0,0
419,3,1.92e-14,1.92e-14,0,1,0,0
420,3,6.24e-14,6.24e-14,0,1,0,0
421,3,2.4e-14,2.4e-14,0,1,0,0
422,3,6.5664e-12,6.5664e-12,0,1,0,0
423,3,1.1856e-12,1.1856e-12,0,1,0,0
424,3,4.56e-13,4.56e-13,0,1,0,0
425,3,1.824e-12,1.824e-12,0,1,0,0
426,3,1.71e-12,1.71e-12,0,1,0,0
427,3,4.8e-15,4.8e-15,0,1,0,0
428,3,6e-15,6e-15,0,1,0,0
429,3,1.14e-13,1.14e-13,0,1,0,0
430,3,1.056e-14,1.056e-14,0,1,0,0
431,3,2.0064e-13,2.0064e-13,0,1,0,0
432,3,1.7302799745e-05,1.7302799745e-05,0,1,0,0
433,3,4.4e-15,4.4e-15,0,1,0,0
434,3,4.224e-15,4.224e-15,0,1,0,0
435,3,5.28e-15,5.28e-15,0,1,0,0
436,3,1.0032e-13,1.0032e-13,0,1,0,0
437,3,3.456e-15,3.456e-15,0,1,0,0
438,3,6.5664e-14,6.5664e-14,0,1,0,0
439,3,3.456e-14,3.456e-14,0,1,0,0
440,3,4.48e-15,4.48e-15,0,1,0,0
441,3,4.3904e-14,4.3904e-14,0,1,0,0
442,6,6.15824999999999e-09,6.15824999999999e-09,0,1,0,0
443,6,1.00051875e-07,1.00051875e-07,0,1,0,0
444,6,1.477575e-08,1.477575e-08,0,1,0,0
445,3,6.4e-16,6.4e-16,0,1,0,0
446,3,2.88e-15,2.88e-15,0,1,0,0
447,3,2e-15,2e-15,0,1,0,0
448,3,2e-15,2e-15,0,1,0,0
449,3,2.8224e-14,2.8224e-14,0,1,0,0
450,3,7.68e-16,7.68e-16,0,1,0,0
451,3,1.92e-15,1.92e-15,0,1,0,0
452,3,9.6e-16,9.6e-16,0,1,0,0
453,3,7.68e-15,7.68e-15,0,1,0,0
454,3,2.496e-14,2.496e-14,0,1,0,0
455,3,9.6e-15,9.6e-15,0,1,0,0
456,3,3.84e-14,3.84e-14,0,1,0,0
457,3,2.62656e-12,2.62656e-12,0,1,0,0
458,3,4.7424e-13,4.7424e-13,0,1,0,0
459,3,1.824e-13,1.824e-13,0,1,0,0
460,3,7.296e-13,7.296e-13,0,1,0,0
461,3,6.84e-13,6.84e-13,0,1,0,0
462,3,1.92e-15,1.92e-15,0,1,0,0
463,3,2.4e-15,2.4e-15,0,1,0,0
464,3,3.648e-14,3.648e-14,0,1,0,0
465,3,4.56e-14,4.56e-14,0,1,0,0
466,3,4.224e-15,4.224e-15,0,1,0,0
467,3,8.0256e-14,8.0256e-14,0,1,0,0
468,12,3.792096e-10,3.792096e-10,0,1,0,0
469,3,2.8224e-14,2.8224e-14,0,1,0,0
470,3,3.6e-15,3.6e-15,0,1,0,0
471,3,3.6e-15,3.6e-15,0,1,0,0
472,3,3.6e-15,3.6e-15,0,1,0,0
473,6,1.03842659883721e-08,1.03842659883721e-08,0,1,0,0
474,9,3.11512499999999e-09,3.11512499999999e-09,0,1,0,0
475,6,1.01833654692e-07,1.01833654692e-07,0,1,0,0
476,6,1.18832175e-07,1.18832175e-07,0,1,0,0
477,6,6.03095625e-07,6.03095625e-07,0,1,0,0
478,6,9.38148750000001e-07,9.38148750000001e-07,0,1,0,0
479,3,9.36e-15,9.36e-15,0,1,0,0
480,3,3.6e-15,3.6e-15,0,1,0,0
481,3,1.44e-13,1.44e-13,0,1,0,0
482,3,5.184e-12,5.184e-12,0,1,0,0
483,3,3.3685632e-09,3.3685632e-09,0,1,0,0
484,6,3.563746875e-07,3.563746875e-07,0,1,0,0
485,3,2.6e-15,2.6e-15,0,1,0,0
486,6,2.885625e-08,2.885625e-08,0,1,0,0
487,3,8e-16,8e-16,0,1,0,0
488,3,2e-15,2e-15,0,1,0,0
489,3,4.4e-15,4.4e-15,0,1,0,0
490,3,3.6e-15,3.6e-15,0,1,0,0
491,3,4e-14,4e-14,0,1,0,0
492,3,3.75e-14,3.75e-14,0,1,0,0
493,3,2e-15,2e-15,0,1,0,0
494,3,2.5e-15,2.5e-15,0,1,0,0
495,3,4.4e-15,4.4e-15,0,1,0,0
496,3,3.6e-15,3.6e-15,0,1,0,0
497,3,2.5e-15,2.5e-15,0,1,0,0
498,3,1.44e-12,1.44e-12,0,1,0,0
499,3,2.07936e-10,2.07936e-10,0,1,0,0
500,3,5.776e-11,5.776e-11,0,1,0,0
501,3,4.4e-15,4.4e-15,0,1,0,0
502,3,4.4e-15,4.4e-15,0,1,0,0
503,2,4.01144542655999e-09,4.01144542655999e-09,0,1,0,0
504,2,2.20238853488372e-08,2.20238853488372e-08,0,1,0,0
505,4,7.540218455e-08,7.540218455e-08,0,1,0,0
506,6,1.678820715e-07,1.678820715e-07,0,1,0,0
507,6,2.8279125e-07,2.8279125e-07,0,1,0,0
508,6,2.0575296e-07,2.0575296e-07,0,1,0,0
509,2,3.7856e-12,3.7856e-12,0,1,0,0
510,6,1.03892441860465e-07,1.03892441860465e-07,0,1,0,0
511,3,1.144e-14,1.144e-14,0,1,0,0
512,3,4.4e-15,4.4e-15,0,1,0,0
513,3,1.76e-13,1.76e-13,0,1,0,0
514,3,6.336e-12,6.336e-12,0,1,0,0
515,3,4.1171328e-09,4.1171328e-09,0,1,0,0
516,3,2.54144e-10,2.54144e-10,0,1,0,0
517,2,5.1597e-08,5.1597e-08,0,1,0,0
518,1,3.241134e-08,3.241134e-08,0,1,0,0
519,3,2.08e-15,2.08e-15,0,1,0,0
520,3,1.144e-14,1.144e-14,0,1,0,0
521,3,1.04e-13,1.04e-13,0,1,0,0
522,3,9.75e-14,9.75e-14,0,1,0,0
523,3,6.5e-15,6.5e-15,0,1,0,0
524,3,3.744e-12,3.744e-12,0,1,0,0
525,3,1.50176e-10,1.50176e-10,0,1,0,0
526,12,1.02749625e-07,1.02749625e-07,0,1,0,0
527,6,9.3814875e-07,9.3814875e-07,0,1,0,0
528,3,8e-16,8e-16,0,1,0,0
529,3,2e-15,2e-15,0,1,0,0
530,3,4.4e-15,4.4e-15,0,1,0,0
531,3,1e-15,1e-15,0,1,0,0
532,3,4e-14,4e-14,0,1,0,0
533,3,2e-15,2e-15,0,1,0,0
534,3,3.6e-14,3.6e-14,0,1,0,0
535,3,3.744e-12,3.744e-12,0,1,0,0
536,3,1.44e-12,1.44e-12,0,1,0,0
537,3,7.2e-14,7.2e-14,0,1,0,0
538,3,2.888e-12,2.888e-12,0,1,0,0
539,3,1.444e-12,1.444e-12,0,1,0,0
540,3,1.50176e-10,1.50176e-10,0,1,0,0
541,3,5.776e-11,5.776e-11,0,1,0,0
542,3,2.888e-12,2.888e-12,0,1,0,0
543,3,2e-15,2e-15,0,1,0,0
544,3,8e-16,8e-16,0,1,0,0
545,3,2e-15,2e-15,0,1,0,0
546,3,2e-15,2e-15,0,1,0,0
547,6,3.3048499737e-07,3.3048499737e-07,0,1,0,0
548,3,3.027888864e-08,3.027888864e-08,0,1,0,0
549,6,1.1675664e-07,1.1675664e-07,0,1,0,0
550,3,8.33333333333333e-16,8.33333333333333e-16,0,1,0,0
551,3,3e-14,3e-14,0,1,0,0
552,3,7.5178125e-09,7.5178125e-09,0,1,0,0
553,3,1.296e-12,1.296e-12,0,1,0,0
554,3,5.2e-15,5.2e-15,0,1,0,0
555,3,7.5e-14,7.5e-14,0,1,0,0
556,3,2e-15,2e-15,0,1,0,0
557,3,8e-14,8e-14,0,1,0,0
558,3,7.5e-14,7.5e-14,0,1,0,0
559,3,4.6656e-11,4.6656e-11,0,1,0,0
560,6,1.3170762e-07,1.3170762e-07,0,1,0,0
561,3,2.88e-12,2.88e-12,0,1,0,0
562,12,6.174e-10,6.174e-10,0,1,0,0
563,3,1.871424e-09,1.871424e-09,0,1,0,0
564,3,1.1552e-10,1.1552e-10,0,1,0,0
565,6,1.20619125e-06,1.20619125e-06,0,1,0,0
566,6,2.2743e-07,2.2743e-07,0,1,0,0
567,3,2.6e-15,2.6e-15,0,1,0,0
568,3,8e-16,8e-16,0,1,0,0
569,3,2e-15,2e-15,0,1,0,0
570,3,2e-15,2e-15,0,1,0,0
571,3,8e-16,8e-16,0,1,0,0
572,3,8e-16,8e-16,0,1,0,0
573,6,1.45548525375e-06,1.45548525375e-06,0,1,0,0
574,6,6.43566000000001e-08,6.43566000000001e-08,0,1,0,0
575,6,1.74685896e-07,1.74685896e-07,0,1,0,0
576,3,6.216279552e-09,6.216279552e-09,0,1,0,0
577,3,5.184e-13,5.184e-13,0,1,0,0
578,3,2.08e-15,2.08e-15,0,1,0,0
579,3,8e-16,8e-16,0,1,0,0
580,3,3.2e-14,3.2e-14,0,1,0,0
581,3,3e-14,3e-14,0,1,0,0
582,12,1.56323720930232e-09,1.56323720930232e-09,0,1,0,0
583,3,1.86624e-11,1.86624e-11,0,1,0,0
584,3,1.152e-12,1.152e-12,0,1,0,0
585,3,7.485696e-10,7.485696e-10,0,1,0,0
586,3,4.6208e-11,4.6208e-11,0,1,0,0
587,3,8.46093750000003e-08,8.46093750000003e-08,0,1,0,0
588,3,7.37352e-08,7.37352e-08,0,1,0,0
589,6,2.66342076e-07,2.66342076e-07,0,1,0,0
590,6,9.37375488000001e-09,9.37375488000001e-09,0,1,0,0
591,3,2.8019376e-07,2.8019376e-07,0,1,0,0
592,6,4.181463e-07,4.181463e-07,0,1,0,0
593,3,8e-16,8e-16,0,1,0,0
594,3,2.08e-15,2.08e-15,0,1,0,0
595,3,2.08e-15,2.08e-15,0,1,0,0
596,9,4.382378e-10,4.382378e-10,0,1,0,0
597,6,4.108104e-08,4.108104e-08,0,1,0,0
598,6,1.439100432e-07,1.439100432e-07,0,1,0,0
599,3,2.08e-15,2.08e-15,0,1,0,0
600,3,8.32e-14,8.32e-14,0,1,0,0
601,3,8e-16,8e-16,0,1,0,0
602,2,1e-15,1e-15,0,1,0,0
603,3,3.2e-14,3.2e-14,0,1,0,0
604,3,2.9952e-12,2.9952e-12,0,1,0,0
605,3,1.201408e-10,1.201408e-10,0,1,0,0
606,6,2.388015e-06,2.388015e-06,0,1,0,0
607,3,2e-15,2e-15,0,1,0,0
608,3,1.936e-14,1.936e-14,0,1,0,0
609,3,6.336e-13,6.336e-13,0,1,0,0
610,3,1.76e-13,1.76e-13,0,1,0,0
611,3,1.65e-13,1.65e-13,0,1,0,0
612,3,1.1e-14,1.1e-14,0,1,0,0
613,6,1.305832e-09,1.305832e-09,0,1,0,0
614,3,1.936e-14,1.936e-14,0,1,0,0
615,3,2.28096e-11,2.28096e-11,0,1,0,0
616,3,6.336e-12,6.336e-12,0,1,0,0
617,3,9.149184e-10,9.149184e-10,0,1,0,0
618,3,2.54144e-10,2.54144e-10,0,1,0,0
619,3,2.88e-15,2.88e-15,0,1,0,0
620,3,7.2e-15,7.2e-15,0,1,0,0
621,3,3.6e-15,3.6e-15,0,1,0,0
622,3,1.44e-13,1.44e-13,0,1,0,0
623,3,7.2e-15,7.2e-15,0,1,0,0
624,3,1.296e-13,1.296e-13,0,1,0,0
625,3,2.08e-15,2.08e-15,0,1,0,0
626,6,8.0028e-09,8.0028e-09,0,1,0,0
627,3,4.48e-15,4.48e-15,0,1,0,0
628,3,4.48e-15,4.48e-15,0,1,0,0
629,6,1.99367168e-09,1.99367168e-09,0,1,0,0
630,3,7.354368e-11,7.354368e-11,0,1,0,0
631,6,3.3891858e-07,3.3891858e-07,0,1,0,0
632,12,2.10672e-09,2.10672e-09,0,1,0,0
633,12,3.7740384e-09,3.7740384e-09,0,1,0,0
634,1,8.33333333333333e-16,8.33333333333333e-16,0,1,0,0
635,3,2.88e-15,2.88e-15,0,1,0,0
636,3,4.48e-15,4.48e-15,0,1,0,0
637,3,8e-16,8e-16,0,1,0,0
638,1,1e-15,1e-15,0,1,0,0
639,3,2.475e-10,2.475e-10,0,1,0,0
640,3,1.89054e-07,1.89054e-07,0,1,0,0
641,6,1.315845e-07,1.315845e-07,0,1,0,0
642,3,1.6e-15,1.6e-15,0,1,0,0
643,3,8.8e-15,8.8e-15,0,1,0,0
644,3,2.88e-13,2.88e-13,0,1,0,0
645,3,8e-14,8e-14,0,1,0,0
646,3,7.5e-14,7.5e-14,0,1,0,0
647,3,5e-15,5e-15,0,1,0,0
648,3,8.8e-15,8.8e-15,0,1,0,0
649,3,2.88e-13,2.88e-13,0,1,0,0
650,3,5e-15,5e-15,0,1,0,0
651,3,1.0368e-11,1.0368e-11,0,1,0,0
652,3,2.88e-12,2.88e-12,0,1,0,0
653,3,2.7e-12,2.7e-12,0,1,0,0
654,3,1.0368e-11,1.0368e-11,0,1,0,0
655,3,4.15872e-10,4.15872e-10,0,1,0,0
656,3,1.1552e-10,1.1552e-10,0,1,0,0
657,6,3.37566768e-08,3.37566768e-08,0,1,0,0
658,3,4.4e-15,4.4e-15,0,1,0,0
659,3,2.88e-15,2.88e-15,0,1,0,0
660,3,4.48e-15,4.48e-15,0,1,0,0
661,3,2.88e-15,2.88e-15,0,1,0,0
662,6,1.24773e-08,1.24773e-08,0,1,0,0
663,6,5.39068612500001e-07,5.39068612500001e-07,0,1,0,0
664,3,5.65013735e-08,5.65013735e-08,0,1,0,0
665,3,2.9417472e-11,2.9417472e-11,0,1,0,0
666,6,7.4844e-08,7.4844e-08,0,1,0,0
667,12,2.444904e-08,2.444904e-08,0,1,0,0
668,4,8.5995e-09,8.5995e-09,0,1,0,0
669,6,6.14061e-07,6.14061e-07,0,1,0,0
670,2,8.80308e-09,8.80308e-09,0,1,0,0
671,3,6.4e-16,6.4e-16,0,1,0,0
672,3,1.6e-15,1.6e-15,0,1,0,0
673,3,3.52e-15,3.52e-15,0,1,0,0
674,3,2.88e-15,2.88e-15,0,1,0,0
675,3,1.152e-13,1.152e-13,0,1,0,0
676,3,3.2e-14,3.2e-14,0,1,0,0
677,3,3e-14,3e-14,0,1,0,0
678,3,1.6e-15,1.6e-15,0,1,0,0
679,3,2e-15,2e-15,0,1,0,0
680,3,3.52e-15,3.52e-15,0,1,0,0
681,3,3e-14,3e-14,0,1,0,0
682,3,2e-15,2e-15,0,1,0,0
683,3,3e-14,3e-14,0,1,0,0
684,3,4.1472e-12,4.1472e-12,0,1,0,0
685,3,1.152e-12,1.152e-12,0,1,0,0
686,3,1.08e-12,1.08e-12,0,1,0,0
687,3,4.1472e-12,4.1472e-12,0,1,0,0
688,3,1.663488e-10,1.663488e-10,0,1,0,0
689,3,4.6208e-11,4.6208e-11,0,1,0,0
690,6,9.828225e-08,9.828225e-08,0,1,0,0
691,3,4.32e-15,4.32e-15,0,1,0,0
692,3,4.32e-15,4.32e-15,0,1,0,0
693,3,4.32e-15,4.32e-15,0,1,0,0
694,4,7.54600000000001e-10,7.54600000000001e-10,0,1,0,0
695,6,4.05559639534883e-08,4.05559639534883e-08,0,1,0,0
696,8,3.1130892e-09,3.1130892e-09,0,1,0,0
697,6,1.88581365e-06,1.88581365e-06,0,1,0,0
698,3,4.789368e-09,4.789368e-09,0,1,0,0
699,6,6.63022674418604e-08,6.63022674418604e-08,0,1,0,0
700,6,1.84172965116279e-08,1.84172965116279e-08,0,1,0,0
701,6,6.9944472e-09,6.9944472e-09,0,1,0,0
702,3,1.1232e-14,1.1232e-14,0,1,0,0
703,3,4.32e-15,4.32e-15,0,1,0,0
704,3,1.728e-13,1.728e-13,0,1,0,0
705,3,6.2208e-12,6.2208e-12,0,1,0,0
706,3,4.04227584e-09,4.04227584e-09,0,1,0,0
707,3,2.495232e-10,2.495232e-10,0,1,0,0
708,6,3.7253034e-06,3.7253034e-06,0,1,0,0
709,6,8.030309625e-07,8.030309625e-07,0,1,0,0
710,3,3.12e-15,3.12e-15,0,1,0,0
711,5,4.617e-09,4.617e-09,0,1,0,0
712,3,9.6e-16,9.6e-16,0,1,0,0
713,3,2.4e-15,2.4e-15,0,1,0,0
714,3,5.28e-15,5.28e-15,0,1,0,0
715,3,4.32e-15,4.32e-15,0,1,0,0
716,3,4.8e-14,4.8e-14,0,1,0,0
717,3,4.5e-14,4.5e-14,0,1,0,0
718,3,2.4e-15,2.4e-15,0,1,0,0
719,3,3e-15,3e-15,0,1,0,0
720,3,5.28e-15,5.28e-15,0,1,0,0
721,3,3e-15,3e-15,0,1,0,0
722,3,1.728e-12,1.728e-12,0,1,0,0
723,3,2.495232e-10,2.495232e-10,0,1,0,0
724,3,6.9312e-11,6.9312e-11,0,1,0,0
725,3,5.28e-15,5.28e-15,0,1,0,0
726,2,9.6e-16,9.6e-16,0,1,0,0
727,3,5.28e-15,5.28e-15,0,1,0,0
728,3,3.3549516e-07,3.3549516e-07,0,1,0,0
729,3,2.7449604e-07,2.7449604e-07,0,1,0,0
730,4,2.59684526315789e-10,2.59684526315789e-10,0,1,0,0
731,6,2.40593023255814e-08,2.40593023255814e-08,0,1,0,0
732,6,2.5088778e-07,2.5088778e-07,0,1,0,0
733,3,1.3728e-14,1.3728e-14,0,1,0,0
734,3,5.28e-15,5.28e-15,0,1,0,0
735,3,2.112e-13,2.112e-13,0,1,0,0
736,3,7.6032e-12,7.6032e-12,0,1,0,0
737,3,4.94055936e-09,4.94055936e-09,0,1,0,0
738,12,7.0785792e-08,7.0785792e-08,0,1,0,0
739,3,3.049728e-10,3.049728e-10,0,1,0,0
740,6,2.520882e-07,2.520882e-07,0,1,0,0
741,6,1.842183e-06,1.842183e-06,0,1,0,0
742,6,6.3862344e-07,6.3862344e-07,0,1,0,0
743,6,3.7253034e-06,3.7253034e-06,0,1,0,0
744,3,2.496e-15,2.496e-15,0,1,0,0
745,3,1.248e-13,1.248e-13,0,1,0,0
746,3,1.17e-13,1.17e-13,0,1,0,0
747,3,7.8e-15,7.8e-15,0,1,0,0
748,3,4.4928e-12,4.4928e-12,0,1,0,0
749,3,1.802112e-10,1.802112e-10,0,1,0,0
750,3,9.6e-16,9.6e-16,0,1,0,0
751,3,2.4e-15,2.4e-15,0,1,0,0
752,3,5.28e-15,5.28e-15,0,1,0,0
753,3,1.2e-15,1.2e-15,0,1,0,0
754,3,4.8e-14,4.8e-14,0,1,0,0
755,3,2.4e-15,2.4e-15,0,1,0,0
756,3,4.32e-14,4.32e-14,0,1,0,0
757,3,1.728e-12,1.728e-12,0,1,0,0
758,3,8.64e-14,8.64e-14,0,1,0,0
759,3,3.4656e-12,3.4656e-12,0,1,0,0
760,3,1.7328e-12,1.7328e-12,0,1,0,0
761,3,1.802112e-10,1.802112e-10,0,1,0,0
762,3,6.9312e-11,6.9312e-11,0,1,0,0
763,3,3.4656e-12,3.4656e-12,0,1,0,0
764,3,2.4e-15,2.4e-15,0,1,0,0
765,2,9.6e-16,9.6e-16,0,1,0,0
766,3,2.4e-15,2.4e-15,0,1,0,0
767,2,1.432939921875e-08,1.432939921875e-08,0,1,0,0
768,6,5.2997175e-08,5.2997175e-08,0,1,0,0
769,6,1.64634525e-07,1.64634525e-07,0,1,0,0
770,1,1.065368304e-08,1.065368304e-08,0,1,0,0
771,3,2.1347610075e-07,2.1347610075e-07,0,1,0,0
772,6,2.99335500000001e-08,2.99335500000001e-08,0,1,0,0
773,3,4.715055830016e-08,4.715055830016e-08,0,1,0,0
774,6,9.72840375e-07,9.72840375e-07,0,1,0,0
775,3,1e-15,1e-15,0,1,0,0
776,3,3.6e-14,3.6e-14,0,1,0,0
777,3,1.5552e-12,1.5552e-12,0,1,0,0
778,3,6.24e-15,6.24e-15,0,1,0,0
779,3,9.6e-14,9.6e-14,0,1,0,0
780,3,9e-14,9e-14,0,1,0,0
781,3,5.59872e-11,5.59872e-11,0,1,0,0
782,3,3.456e-12,3.456e-12,0,1,0,0
783,3,2.2457088e-09,2.2457088e-09,0,1,0,0
784,3,1.38624e-10,1.38624e-10,0,1,0,0
785,6,7.076322e-07,7.076322e-07,0,1,0,0
786,6,7.64242776e-07,7.64242776e-07,0,1,0,0
787,6,1.08074736e-06,1.08074736e-06,0,1,0,0
788,6,5.1581124e-06,5.1581124e-06,0,1,0,0
789,6,1.76849568e-07,1.76849568e-07,0,1,0,0
790,3,3.12e-15,3.12e-15,0,1,0,0
791,6,6.3900252e-09,6.3900252e-09,0,1,0,0
792,3,9.6e-16,9.6e-16,0,1,0,0
793,3,9.6e-16,9.6e-16,0,1,0,0
794,3,9.6e-16,9.6e-16,0,1,0,0
795,6,1.06203825e-07,1.06203825e-07,0,1,0,0
796,6,1.17306e-07,1.17306e-07,0,1,0,0
797,6,2.2931493984e-07,2.2931493984e-07,0,1,0,0
798,2,1.49688e-09,1.49688e-09,0,1,0,0
799,3,6.2208e-13,6.2208e-13,0,1,0,0
800,3,2.496e-15,2.496e-15,0,1,0,0
801,3,9.6e-16,9.6e-16,0,1,0,0
802,3,3.84e-14,3.84e-14,0,1,0,0
803,3,3.6e-14,3.6e-14,0,1,0,0
804,3,2.239488e-11,2.239488e-11,0,1,0,0
805,3,1.3824e-12,1.3824e-12,0,1,0,0
806,3,8.9828352e-10,8.9828352e-10,0,1,0,0
807,3,5.54496e-11,5.54496e-11,0,1,0,0
808,3,1.9513494e-07,1.9513494e-07,0,1,0,0
809,6,5.17621104e-08,5.17621104e-08,0,1,0,0
810,6,9.690912e-10,9.690912e-10,0,1,0,0
811,6,3.04210368e-08,3.04210368e-08,0,1,0,0
812,12,1.167474e-08,1.167474e-08,0,1,0,0
813,2,1.0144721664e-08,1.0144721664e-08,0,1,0,0
814,6,2.04687e-07,2.04687e-07,0,1,0,0
815,3,2.496e-15,2.496e-15,0,1,0,0
816,3,9.984e-14,9.984e-14,0,1,0,0
817,3,9.6e-16,9.6e-16,0,1,0,0
818,3,3.84e-14,3.84e-14,0,1,0,0
819,3,3.59424e-12,3.59424e-12,0,1,0,0
820,3,1.4416896e-10,1.4416896e-10,0,1,0,0
821,6,9.64953e-08,9.64953e-08,0,1,0,0
822,10,4.002768e-09,4.002768e-09,0,1,0,0
823,3,2.4e-15,2.4e-15,0,1,0,0
824,3,2.3232e-14,2.3232e-14,0,1,0,0
825,3,7.6032e-13,7.6032e-13,0,1,0,0
826,3,2.112e-13,2.112e-13,0,1,0,0
827,3,1.98e-13,1.98e-13,0,1,0,0
828,3,1.32e-14,1.32e-14,0,1,0,0
829,3,2.3232e-14,2.3232e-14,0,1,0,0
830,3,7.6032e-13,7.6032e-13,0,1,0,0
831,3,2.737152e-11,2.737152e-11,0,1,0,0
832,3,7.6032e-12,7.6032e-12,0,1,0,0
833,3,1.09790208e-09,1.09790208e-09,0,1,0,0
834,3,3.049728e-10,3.049728e-10,0,1,0,0
835,6,6.9476616e-07,6.9476616e-07,0,1,0,0
836,3,3.456e-15,3.456e-15,0,1,0,0
837,3,8.64e-15,8.64e-15,0,1,0,0
838,3,4.32e-15,4.32e-15,0,1,0,0
839,3,1.728e-13,1.728e-13,0,1,0,0
840,3,8.64e-15,8.64e-15,0,1,0,0
841,3,1.5552e-13,1.5552e-13,0,1,0,0
842,3,5.376e-15,5.376e-15,0,1,0,0
843,3,5.376e-15,5.376e-15,0,1,0,0
844,6,6.2272287e-07,6.2272287e-07,0,1,0,0
845,3,1.389257521344e-07,1.389257521344e-07,0,1,0,0
846,6,1.9649952e-07,1.9649952e-07,0,1,0,0
847,3,3.456e-15,3.456e-15,0,1,0,0
848,3,5.376e-15,5.376e-15,0,1,0,0
849,3,9.6e-16,9.6e-16,0,1,0,0
850,3,9e-14,9e-14,0,1,0,0
851,3,3.456e-12,3.456e-12,0,1,0,0
852,11,1.4309568e-09,1.4309568e-09,0,1,0,0
853,3,1.92e-15,1.92e-15,0,1,0,0
854,3,1.056e-14,1.056e-14,0,1,0,0
855,3,3.456e-13,3.456e-13,0,1,0,0
856,3,9.6e-14,9.6e-14,0,1,0,0
857,3,9e-14,9e-14,0,1,0,0
858,3,6e-15,6e-15,0,1,0,0
859,3,1.056e-14,1.056e-14,0,1,0,0
860,3,6e-15,6e-15,0,1,0,0
861,3,1.24416e-11,1.24416e-11,0,1,0,0
862,3,3.456e-12,3.456e-12,0,1,0,0
863,3,3.24e-12,3.24e-12,0,1,0,0
864,3,1.24416e-11,1.24416e-11,0,1,0,0
865,3,4.990464e-10,4.990464e-10,0,1,0,0
866,3,1.38624e-10,1.38624e-10,0,1,0,0
867,3,3.809025e-08,3.809025e-08,0,1,0,0
868,6,1.5439248e-07,1.5439248e-07,0,1,0,0
869,3,1.056e-14,1.056e-14,0,1,0,0
870,3,5.28e-15,5.28e-15,0,1,0,0
871,3,3.456e-15,3.456e-15,0,1,0,0
872,3,5.376e-15,5.376e-15,0,1,0,0
873,6,9.2169e-08,9.2169e-08,0,1,0,0
874,6,4.147605e-08,4.147605e-08,0,1,0,0
875,3,7.68e-16,7.68e-16,0,1,0,0
876,3,1.92e-15,1.92e-15,0,1,0,0
877,3,4.224e-15,4.224e-15,0,1,0,0
878,3,3.456e-15,3.456e-15,0,1,0,0
879,3,3.6e-14,3.6e-14,0,1,0,0
880,3,1.3824e-13,1.3824e-13,0,1,0,0
881,3,3.84e-14,3.84e-14,0,1,0,0
882,3,3.6e-14,3.6e-14,0,1,0,0
883,3,1.92e-15,1.92e-15,0,1,0,0
884,3,2.4e-15,2.4e-15,0,1,0,0
885,3,4.224e-15,4.224e-15,0,1,0,0
886,3,2.4e-15,2.4e-15,0,1,0,0
887,3,3.6e-14,3.6e-14,0,1,0,0
888,3,4.97664e-12,4.97664e-12,0,1,0,0
889,3,1.3824e-12,1.3824e-12,0,1,0,0
890,3,1.296e-12,1.296e-12,0,1,0,0
891,3,4.97664e-12,4.97664e-12,0,1,0,0
892,3,1.9961856e-10,1.9961856e-10,0,1,0,0
893,3,5.54496e-11,5.54496e-11,0,1,0,0
894,7,3.46275e-08,3.46275e-08,0,1,0,0
895,6,3.859812e-07,3.859812e-07,0,1,0,0
896,2,2.347488e-08,2.347488e-08,0,1,0,0
897,3,3.456e-15,3.456e-15,0,1,0,0
898,6,1.91850365794573e-09,1.91850365794573e-09,0,1,0,0
899,1,1.93536e-12,1.93536e-12,0,1,0,0
900,3,4.8384e-14,4.8384e-14,0,1,0,0
901,1,1.93536e-12,1.93536e-12,0,1,0,0
902,1,5.376e-13,5.376e-13,0,1,0,0
903,1,3.2e-14,3.2e-14,0,1,0,0
904,3,3.04e-12,3.04e-12,0,1,0,0
905,1,1.9e-13,1.9e-13,0,1,0,0
906,3,1.0944e-10,1.0944e-10,0,1,0,0
907,1,7.1136e-13,7.1136e-13,0,1,0,0
908,3,1.0944e-11,1.0944e-11,0,1,0,0
909,3,3.93984e-10,3.93984e-10,0,1,0,0
910,6,5.80580055e-06,5.80580055e-06,0,1,0,0
911,3,2.560108032e-07,2.560108032e-07,0,1,0,0
912,6,3.73349088e-07,3.73349088e-07,0,1,0,0
913,3,1.5803136e-08,1.5803136e-08,0,1,0,0
914,1,2.409100288e-08,2.409100288e-08,0,1,0,0
915,6,1.677766272e-06,1.677766272e-06,0,1,0,0
916,6,8.78829952e-08,8.78829952e-08,0,1,0,0
917,4,7.19042688e-08,7.19042688e-08,0,1,0,0
918,3,1.14912e-10,1.14912e-10,0,1,0,0
919,1,1.52e-13,1.52e-13,0,1,0,0
920,1,3.344e-13,3.344e-13,0,1,0,0
921,2,3.04e-12,3.04e-12,0,1,0,0
922,2,2.85e-12,2.85e-12,0,1,0,0
923,1,1.52e-13,1.52e-13,0,1,0,0
924,1,1.9e-13,1.9e-13,0,1,0,0
925,1,3.344e-13,3.344e-13,0,1,0,0
926,1,1.9e-13,1.9e-13,0,1,0,0
927,3,1.5803136e-08,1.5803136e-08,0,1,0,0
928,3,4.38976e-09,4.38976e-09,0,1,0,0
929,6,1.2996e-07,1.2996e-07,0,1,0,0
930,6,1.0188864e-06,1.0188864e-06,0,1,0,0
931,3,5.9136e-14,5.9136e-14,0,1,0,0
932,1,2.36544e-12,2.36544e-12,0,1,0,0
933,2,7.90400000000001e-12,7.90400000000001e-12,0,1,0,0
934,3,5.9136e-14,5.9136e-14,0,1,0,0
935,3,2.84544e-10,2.84544e-10,0,1,0,0
936,6,1.7561016e-08,1.7561016e-08,0,1,0,0
937,1,2.736e-12,2.736e-12,0,1,0,0
938,3,1.0944e-10,1.0944e-10,0,1,0,0
939,1,8.6944e-13,8.6944e-13,0,1,0,0
940,4,6.741504e-10,6.741504e-10,0,1,0,0
941,3,1.3376e-11,1.3376e-11,0,1,0,0
942,3,4.81536e-10,4.81536e-10,0,1,0,0
943,3,3.129020928e-07,3.129020928e-07,0,1,0,0
944,3,1.9314944e-08,1.9314944e-08,0,1,0,0
945,4,4.62241728e-08,4.62241728e-08,0,1,0,0
946,8,2.70409216e-09,2.70409216e-09,0,1,0,0
947,6,2.21243904e-07,2.21243904e-07,0,1,0,0
948,1,8.6944e-13,8.6944e-13,0,1,0,0
949,2,7.904e-12,7.904e-12,0,1,0,0
950,1,7.41e-12,7.41e-12,0,1,0,0
951,1,4.94e-13,4.94e-13,0,1,0,0
952,3,1.1413376e-08,1.1413376e-08,0,1,0,0
953,6,2.907200868e-06,2.907200868e-06,0,1,0,0
954,1,6.08e-14,6.08e-14,0,1,0,0
955,1,1.52e-13,1.52e-13,0,1,0,0
956,1,7.6e-14,7.6e-14,0,1,0,0
957,1,3.04e-12,3.04e-12,0,1,0,0
958,1,1.52e-13,1.52e-13,0,1,0,0
959,1,2.736e-12,2.736e-12,0,1,0,0
960,3,1.0944e-10,1.0944e-10,0,1,0,0
961,1,5.472e-12,5.472e-12,0,1,0,0
962,3,1.09744e-10,1.09744e-10,0,1,0,0
963,3,4.38976e-09,4.38976e-09,0,1,0,0
964,3,2.19488e-10,2.19488e-10,0,1,0,0
965,3,2.688e-14,2.688e-14,0,1,0,0
966,1,1.0752e-12,1.0752e-12,0,1,0,0
967,3,9.8496e-11,9.8496e-11,0,1,0,0
968,3,6.08e-12,6.08e-12,0,1,0,0
969,3,2.688e-14,2.688e-14,0,1,0,0
970,3,2.688e-14,2.688e-14,0,1,0,0
971,1,2.28e-12,2.28e-12,0,1,0,0
972,3,3.545856e-09,3.545856e-09,0,1,0,0
973,3,2.1888e-10,2.1888e-10,0,1,0,0
974,2,6.72864192e-08,6.72864192e-08,0,1,0,0
975,1,2.96436672e-08,2.96436672e-08,0,1,0,0
976,1,6.33333333333333e-14,6.33333333333333e-14,0,1,0,0
977,1,2.28e-12,2.28e-12,0,1,0,0
978,6,1.3333896e-07,1.3333896e-07,0,1,0,0
979,1,3.952e-13,3.952e-13,0,1,0,0
980,3,6.08e-12,6.08e-12,0,1,0,0
981,2,5.7e-12,5.7e-12,0,1,0,0
982,3,2.1888e-10,2.1888e-10,0,1,0,0
983,6,3.94221025000001e-06,3.94221025000001e-06,0,1,0,0
984,3,1.42228224e-07,1.42228224e-07,0,1,0,0
985,3,8.77952e-09,8.77952e-09,0,1,0,0
986,2,3.63888e-08,3.63888e-08,0,1,0,0
987,1,3.952e-13,3.952e-13,0,1,0,0
988,1,1.976e-13,1.976e-13,0,1,0,0
989,1,3.952e-13,3.952e-13,0,1,0,0
990,1,6.08e-14,6.08e-14,0,1,0,0
991,6,9.959268e-08,9.959268e-08,0,1,0,0
992,3,1.0752e-14,1.0752e-14,0,1,0,0
993,1,4.3008e-13,4.3008e-13,0,1,0,0
994,3,1.0752e-14,1.0752e-14,0,1,0,0
995,3,1.4183424e-09,1.4183424e-09,0,1,0,0
996,2,1.00355112e-07,1.00355112e-07,0,1,0,0
997,6,3.85596288e-09,3.85596288e-09,0,1,0,0
998,6,1.321488e-08,1.321488e-08,0,1,0,0
999,3,3.93984e-11,3.93984e-11,0,1,0,0
1000,1,1.5808e-13,1.5808e-13,0,1,0,0
1001,1,6.08e-14,6.08e-14,0,1,0,0
1002,3,2.432e-12,2.432e-12,0,1,0,0
1003,2,2.28e-12,2.28e-12,0,1,0,0
1004,3,1.4183424e-09,1.4183424e-09,0,1,0,0
1005,3,8.7552e-11,8.7552e-11,0,1,0,0
1006,3,5.68912896e-08,5.68912896e-08,0,1,0,0
1007,3,3.511808e-09,3.511808e-09,0,1,0,0
1008,6,2.4445476e-05,2.4445476e-05,0,1,0,0
1009,6,2.2470084e-05,2.2470084e-05,0,1,0,0
1010,6,4.025355048e-06,4.025355048e-06,0,1,0,0
1011,4,2.17362432e-07,2.17362432e-07,0,1,0,0
1012,2,8.409856e-09,8.409856e-09,0,1,0,0
1013,6,6.261663408e-06,6.261663408e-06,0,1,0,0
1014,3,2.79552e-14,2.79552e-14,0,1,0,0
1015,2,6.3232e-12,6.3232e-12,0,1,0,0
1016,1,2.432e-12,2.432e-12,0,1,0,0
1017,1,2.28e-12,2.28e-12,0,1,0,0
1018,2,1.300266e-08,1.300266e-08,0,1,0,0
1019,3,4.81536e-11,4.81536e-11,0,1,0,0
1020,3,1.3376e-11,1.3376e-11,0,1,0,0
1021,3,2.79552e-14,2.79552e-14,0,1,0,0
1022,6,6.1236e-08,6.1236e-08,0,1,0,0
1023,4,3.901365e-07,3.901365e-07,0,1,0,0
1024,3,2.276352e-10,2.276352e-10,0,1,0,0
1025,6,1.93171176e-07,1.93171176e-07,0,1,0,0
1026,3,1.7335296e-09,1.7335296e-09,0,1,0,0
1027,3,4.81536e-10,4.81536e-10,0,1,0,0
1028,2,9.824976e-08,9.824976e-08,0,1,0,0
1029,2,6.3232e-12,6.3232e-12,0,1,0,0
1030,1,2.736e-13,2.736e-13,0,1,0,0
1031,3,2.276352e-10,2.276352e-10,0,1,0,0
1032,3,9.1307008e-09,9.1307008e-09,0,1,0,0
1033,1,1.47136e-12,1.47136e-12,0,1,0,0
1034,3,1.3376e-11,1.3376e-11,0,1,0,0
1035,1,8.36e-13,8.36e-13,0,1,0,0
1036,1,1.47136e-12,1.47136e-12,0,1,0,0
1037,4,6.86830848e-07,6.86830848e-07,0,1,0,0
1038,4,1.9231263744e-06,1.9231263744e-06,0,1,0,0
1039,3,6.95337984e-08,6.95337984e-08,0,1,0,0
1040,3,1.9314944e-08,1.9314944e-08,0,1,0,0
1041,2,1.1770044e-07,1.1770044e-07,0,1,0,0
1042,1,2.1888e-13,2.1888e-13,0,1,0,0
1043,1,5.472e-13,5.472e-13,0,1,0,0
1044,1,2.736e-13,2.736e-13,0,1,0,0
1045,1,5.472e-13,5.472e-13,0,1,0,0
1046,6,7.093632672e-06,7.093632672e-06,0,1,0,0
1047,6,2.839296768e-06,2.839296768e-06,0,1,0,0
1048,1,2.688e-14,2.688e-14,0,1,0,0
1049,3,6.02112e-14,6.02112e-14,0,1,0,0
1050,1,2.688e-14,2.688e-14,0,1,0,0
1051,1,5.9136e-14,5.9136e-14,0,1,0,0
1052,1,3.33333333333333e-14,3.33333333333333e-14,0,1,0,0
1053,1,2.688e-14,2.688e-14,0,1,0,0
1054,2,3.87072e-12,3.87072e-12,0,1,0,0
1055,1,1.0752e-12,1.0752e-12,0,1,0,0
1056,1,3.87072e-12,3.87072e-12,0,1,0,0
1057,1,2.688e-14,2.688e-14,0,1,0,0
1058,3,2.1888e-11,2.1888e-11,0,1,0,0
1059,3,6.08e-12,6.08e-12,0,1,0,0
1060,1,3.87072e-14,3.87072e-14,0,1,0,0
1061,1,2.1888e-13,2.1888e-13,0,1,0,0
1062,3,6.02112e-14,6.02112e-14,0,1,0,0
1063,6,7.75656e-07,7.75656e-07,0,1,0,0
1064,3,7.87968e-10,7.87968e-10,0,1,0,0
1065,3,2.1888e-10,2.1888e-10,0,1,0,0
1066,6,4.3609104e-07,4.3609104e-07,0,1,0,0
1067,2,2.07765e-07,2.07765e-07,0,1,0,0
1068,6,1.3827744e-06,1.3827744e-06,0,1,0,0
1069,1,2.1888e-13,2.1888e-13,0,1,0,0
1070,6,1.3827744e-06,1.3827744e-06,0,1,0,0
1071,1,1.216e-13,1.216e-13,0,1,0,0
1072,2,6.688e-13,6.688e-13,0,1,0,0
1073,2,5.7e-12,5.7e-12,0,1,0,0
1074,3,6.08e-12,6.08e-12,0,1,0,0
1075,3,5.7e-12,5.7e-12,0,1,0,0
1076,2,3.8e-13,3.8e-13,0,1,0,0
1077,1,6.688e-13,6.688e-13,0,1,0,0
1078,2,3.8e-13,3.8e-13,0,1,0,0
1079,3,3.1606272e-08,3.1606272e-08,0,1,0,0
1080,3,8.77952000000001e-09,8.77952000000001e-09,0,1,0,0
1081,3,7.27776e-07,7.27776e-07,0,1,0,0
1082,6,3.94090704e-06,3.94090704e-06,0,1,0,0
1083,1,5.76156e-08,5.76156e-08,0,1,0,0
1084,2,3.344e-13,3.344e-13,0,1,0,0
1085,2,6.688e-13,6.688e-13,0,1,0,0
1086,1,6.5187936e-07,6.5187936e-07,0,1,0,0
1087,6,8.47443168e-07,8.47443168e-07,0,1,0,0
1088,5,2.1348096e-08,2.1348096e-08,0,1,0,0
1089,1,2.1504e-14,2.1504e-14,0,1,0,0
1090,1,1.0752e-14,1.0752e-14,0,1,0,0
1091,3,1.548288e-12,1.548288e-12,0,1,0,0
1092,2,4.3008e-13,4.3008e-13,0,1,0,0
1093,1,2.1504e-14,2.1504e-14,0,1,0,0
1094,1,2.688e-14,2.688e-14,0,1,0,0
1095,1,4.73088e-14,4.73088e-14,0,1,0,0
1096,2,1.548288e-12,1.548288e-12,0,1,0,0
1097,1,1.0752e-14,1.0752e-14,0,1,0,0
1098,3,2.56e-14,2.56e-14,0,1,0,0
1099,3,8.7552e-12,8.7552e-12,0,1,0,0
1100,3,2.432e-12,2.432e-12,0,1,0,0
1101,1,2.1504e-14,2.1504e-14,0,1,0,0
1102,3,3.87072e-14,3.87072e-14,0,1,0,0
1103,6,3.102624e-07,3.102624e-07,0,1,0,0
1104,3,3.151872e-10,3.151872e-10,0,1,0,0
1105,3,8.7552e-11,8.7552e-11,0,1,0,0
1106,2,2.3085e-07,2.3085e-07,0,1,0,0
1107,6,2.037123e-05,2.037123e-05,0,1,0,0
1108,1,4.864e-14,4.864e-14,0,1,0,0
1109,2,1.216e-13,1.216e-13,0,1,0,0
1110,3,2.6752e-13,2.6752e-13,0,1,0,0
1111,3,8.7552e-12,8.7552e-12,0,1,0,0
1112,3,2.432e-12,2.432e-12,0,1,0,0
1113,3,2.28e-12,2.28e-12,0,1,0,0
1114,2,1.216e-13,1.216e-13,0,1,0,0
1115,3,1.52e-13,1.52e-13,0,1,0,0
1116,2,2.6752e-13,2.6752e-13,0,1,0,0
1117,3,1.52e-13,1.52e-13,0,1,0,0
1118,3,2.747323392e-07,2.747323392e-07,0,1,0,0
1119,11,8.57736e-09,8.57736e-09,0,1,0,0
1120,3,1.26425088e-08,1.26425088e-08,0,1,0,0
1121,3,3.511808e-09,3.511808e-09,0,1,0,0
1122,6,1.41240528e-06,1.41240528e-06,0,1,0,0
1123,6,1.23462e-06,1.23462e-06,0,1,0,0
1124,6,5.61952512e-07,5.61952512e-07,0,1,0,0
1125,6,2.1729312e-06,2.1729312e-06,0,1,0,0
1126,2,2.13342336e-07,2.13342336e-07,0,1,0,0
