scenario_id,selection_path_id,resistance_repeat,random_seed,source_category,failed_lines_W1,failed_lines_W2,failed_lines_W3,closed_roads_W1,closed_roads_W2,closed_roads_W3,slowdown_max_W1,slowdown_max_W2,slowdown_max_W3,line_recovery_violation_count,road_recovery_violation_count,slowdown_recovery_violation_count,line_persistence_pass,road_persistence_pass,slowdown_persistence_pass
1,1,1,20261718,main_ordinary,3,9,9,1,4,4,0.0799965855832974,0.239877270075257,0.239877270075257,0,0,0,1,1,1
2,1,2,20261719,main_ordinary,5,11,11,2,7,7,0.0799965855832974,0.239877270075257,0.239877270075257,0,0,0,1,1,1
3,1,3,20261720,main_ordinary,7,10,10,0,2,2,0.0799965855832974,0.239877270075257,0.239877270075257,0,0,0,1,1,1
4,1,4,20261721,main_ordinary,8,11,11,0,4,4,0.0799965855832974,0.239877270075257,0.239877270075257,0,0,0,1,1,1
5,1,5,20261722,main_ordinary,3,10,10,1,6,6,0.0799965855832974,0.239877270075257,0.239877270075257,0,0,0,1,1,1
6,1,6,20261723,main_ordinary,5,12,12,0,4,4,0.0799965855832974,0.239877270075257,0.239877270075257,0,0,0,1,1,1
7,1,7,20261724,main_ordinary,7,11,11,2,11,11,0.0799965855832974,0.239877270075257,0.239877270075257,0,0,0,1,1,1
8,1,8,20261725,main_ordinary,1,7,7,0,10,10,0.0799965855832974,0.239877270075257,0.239877270075257,0,0,0,1,1,1
9,1,9,20261726,main_ordinary,7,10,10,0,5,5,0.0799965855832974,0.239877270075257,0.239877270075257,0,0,0,1,1,1
10,1,10,20261727,main_ordinary,9,16,16,0,3,3,0.0799965855832974,0.239877270075257,0.239877270075257,0,0,0,1,1,1
11,1,11,20261728,main_ordinary,8,15,15,0,8,8,0.0799965855832974,0.239877270075257,0.239877270075257,0,0,0,1,1,1
12,1,12,20261729,main_ordinary,7,9,9,0,5,5,0.0799965855832974,0.239877270075257,0.239877270075257,0,0,0,1,1,1
13,1,13,20261730,main_ordinary,7,14,14,0,3,3,0.0799965855832974,0.239877270075257,0.239877270075257,0,0,0,1,1,1
14,1,14,20261731,main_ordinary,4,9,9,1,4,4,0.0799965855832974,0.239877270075257,0.239877270075257,0,0,0,1,1,1
15,1,15,20261732,main_ordinary,6,15,15,0,10,10,0.0799965855832974,0.239877270075257,0.239877270075257,0,0,0,1,1,1
16,1,16,20261733,main_ordinary,4,13,13,3,7,7,0.0799965855832974,0.239877270075257,0.239877270075257,0,0,0,1,1,1
17,1,17,20261734,main_ordinary,5,13,13,1,4,4,0.0799965855832974,0.239877270075257,0.239877270075257,0,0,0,1,1,1
18,1,18,20261735,main_ordinary,5,12,12,1,10,10,0.0799965855832974,0.239877270075257,0.239877270075257,0,0,0,1,1,1
19,1,19,20261736,main_ordinary,4,7,7,1,8,8,0.0799965855832974,0.239877270075257,0.239877270075257,0,0,0,1,1,1
20,1,20,20261737,main_ordinary,4,9,9,0,7,7,0.0799965855832974,0.239877270075257,0.239877270075257,0,0,0,1,1,1
21,2,1,20262718,main_ordinary,5,8,14,0,3,9,0.0799965855832974,0.239877270075257,0.426827519661567,0,0,0,1,1,1
22,2,2,20262719,main_ordinary,6,13,18,1,6,10,0.0799965855832974,0.239877270075257,0.426827519661567,0,0,0,1,1,1
23,2,3,20262720,main_ordinary,5,10,15,0,4,10,0.0799965855832974,0.239877270075257,0.426827519661567,0,0,0,1,1,1
24,2,4,20262721,main_ordinary,8,11,15,0,3,8,0.0799965855832974,0.239877270075257,0.426827519661567,0,0,0,1,1,1
25,2,5,20262722,main_ordinary,7,12,21,0,6,12,0.0799965855832974,0.239877270075257,0.426827519661567,0,0,0,1,1,1
26,2,6,20262723,main_ordinary,4,10,17,0,4,12,0.0799965855832974,0.239877270075257,0.426827519661567,0,0,0,1,1,1
27,2,7,20262724,main_ordinary,1,8,13,0,4,12,0.0799965855832974,0.239877270075257,0.426827519661567,0,0,0,1,1,1
28,2,8,20262725,main_ordinary,5,10,17,0,10,19,0.0799965855832974,0.239877270075257,0.426827519661567,0,0,0,1,1,1
29,2,9,20262726,main_ordinary,3,8,13,1,5,8,0.0799965855832974,0.239877270075257,0.426827519661567,0,0,0,1,1,1
30,2,10,20262727,main_ordinary,6,8,16,1,4,12,0.0799965855832974,0.239877270075257,0.426827519661567,0,0,0,1,1,1
31,2,11,20262728,main_ordinary,5,8,20,3,7,12,0.0799965855832974,0.239877270075257,0.426827519661567,0,0,0,1,1,1
32,2,12,20262729,main_ordinary,4,12,18,0,5,14,0.0799965855832974,0.239877270075257,0.426827519661567,0,0,0,1,1,1
33,2,13,20262730,main_ordinary,3,9,16,2,6,8,0.0799965855832974,0.239877270075257,0.426827519661567,0,0,0,1,1,1
34,2,14,20262731,main_ordinary,7,12,18,0,2,11,0.0799965855832974,0.239877270075257,0.426827519661567,0,0,0,1,1,1
35,2,15,20262732,main_ordinary,7,10,17,1,8,16,0.0799965855832974,0.239877270075257,0.426827519661567,0,0,0,1,1,1
36,2,16,20262733,main_ordinary,5,12,14,0,2,8,0.0799965855832974,0.239877270075257,0.426827519661567,0,0,0,1,1,1
37,2,17,20262734,main_ordinary,7,13,18,0,5,11,0.0799965855832974,0.239877270075257,0.426827519661567,0,0,0,1,1,1
38,2,18,20262735,main_ordinary,1,3,15,0,7,13,0.0799965855832974,0.239877270075257,0.426827519661567,0,0,0,1,1,1
39,2,19,20262736,main_ordinary,3,10,16,1,9,17,0.0799965855832974,0.239877270075257,0.426827519661567,0,0,0,1,1,1
40,2,20,20262737,main_ordinary,6,10,17,1,3,13,0.0799965855832974,0.239877270075257,0.426827519661567,0,0,0,1,1,1
41,3,1,20263718,observed_candidate,0,24,30,0,22,31,0,0.801169671861004,0.801169671861004,0,0,0,1,1,1
42,3,2,20263719,observed_candidate,0,19,29,0,19,26,0,0.801169671861004,0.801169671861004,0,0,0,1,1,1
43,3,3,20263720,observed_candidate,0,22,31,0,14,22,0,0.801169671861004,0.801169671861004,0,0,0,1,1,1
44,3,4,20263721,observed_candidate,1,26,31,0,15,25,0,0.801169671861004,0.801169671861004,0,0,0,1,1,1
45,3,5,20263722,observed_candidate,0,22,30,0,13,23,0,0.801169671861004,0.801169671861004,0,0,0,1,1,1
46,3,6,20263723,observed_candidate,0,23,30,0,19,26,0,0.801169671861004,0.801169671861004,0,0,0,1,1,1
47,3,7,20263724,observed_candidate,0,20,26,0,19,26,0,0.801169671861004,0.801169671861004,0,0,0,1,1,1
48,3,8,20263725,observed_candidate,0,25,32,0,19,27,0,0.801169671861004,0.801169671861004,0,0,0,1,1,1
49,3,9,20263726,observed_candidate,0,21,31,0,16,26,0,0.801169671861004,0.801169671861004,0,0,0,1,1,1
50,3,10,20263727,observed_candidate,0,26,30,0,21,28,0,0.801169671861004,0.801169671861004,0,0,0,1,1,1
51,3,11,20263728,observed_candidate,0,19,28,0,13,19,0,0.801169671861004,0.801169671861004,0,0,0,1,1,1
52,3,12,20263729,observed_candidate,0,25,31,0,13,20,0,0.801169671861004,0.801169671861004,0,0,0,1,1,1
53,3,13,20263730,observed_candidate,2,22,31,0,18,25,0,0.801169671861004,0.801169671861004,0,0,0,1,1,1
54,3,14,20263731,observed_candidate,1,20,28,0,15,21,0,0.801169671861004,0.801169671861004,0,0,0,1,1,1
55,3,15,20263732,observed_candidate,1,23,31,0,18,25,0,0.801169671861004,0.801169671861004,0,0,0,1,1,1
56,3,16,20263733,observed_candidate,0,24,29,0,18,28,0,0.801169671861004,0.801169671861004,0,0,0,1,1,1
57,3,17,20263734,observed_candidate,0,24,31,0,11,22,0,0.801169671861004,0.801169671861004,0,0,0,1,1,1
58,3,18,20263735,observed_candidate,0,25,30,0,16,24,0,0.801169671861004,0.801169671861004,0,0,0,1,1,1
59,3,19,20263736,observed_candidate,1,22,31,0,15,25,0,0.801169671861004,0.801169671861004,0,0,0,1,1,1
60,3,20,20263737,observed_candidate,0,27,32,0,18,27,0,0.801169671861004,0.801169671861004,0,0,0,1,1,1
61,4,1,20264718,observed_candidate,4,28,28,0,27,27,0.0233315033726882,0.791783408708685,0.791783408708685,0,0,0,1,1,1
62,4,2,20264719,observed_candidate,4,30,30,0,24,24,0.0233315033726882,0.791783408708685,0.791783408708685,0,0,0,1,1,1
63,4,3,20264720,observed_candidate,1,25,25,0,26,26,0.0233315033726882,0.791783408708685,0.791783408708685,0,0,0,1,1,1
64,4,4,20264721,observed_candidate,3,29,29,0,22,22,0.0233315033726882,0.791783408708685,0.791783408708685,0,0,0,1,1,1
65,4,5,20264722,observed_candidate,3,27,27,1,27,27,0.0233315033726882,0.791783408708685,0.791783408708685,0,0,0,1,1,1
66,4,6,20264723,observed_candidate,3,30,30,0,21,21,0.0233315033726882,0.791783408708685,0.791783408708685,0,0,0,1,1,1
67,4,7,20264724,observed_candidate,4,30,30,0,20,20,0.0233315033726882,0.791783408708685,0.791783408708685,0,0,0,1,1,1
68,4,8,20264725,observed_candidate,3,29,29,0,25,25,0.0233315033726882,0.791783408708685,0.791783408708685,0,0,0,1,1,1
69,4,9,20264726,observed_candidate,2,27,27,0,20,20,0.0233315033726882,0.791783408708685,0.791783408708685,0,0,0,1,1,1
70,4,10,20264727,observed_candidate,2,31,31,0,27,27,0.0233315033726882,0.791783408708685,0.791783408708685,0,0,0,1,1,1
71,4,11,20264728,observed_candidate,5,29,29,1,23,23,0.0233315033726882,0.791783408708685,0.791783408708685,0,0,0,1,1,1
72,4,12,20264729,observed_candidate,1,27,27,0,23,23,0.0233315033726882,0.791783408708685,0.791783408708685,0,0,0,1,1,1
73,4,13,20264730,observed_candidate,2,27,27,0,26,26,0.0233315033726882,0.791783408708685,0.791783408708685,0,0,0,1,1,1
74,4,14,20264731,observed_candidate,1,26,26,1,24,24,0.0233315033726882,0.791783408708685,0.791783408708685,0,0,0,1,1,1
75,4,15,20264732,observed_candidate,5,28,28,0,19,19,0.0233315033726882,0.791783408708685,0.791783408708685,0,0,0,1,1,1
76,4,16,20264733,observed_candidate,1,27,27,0,26,26,0.0233315033726882,0.791783408708685,0.791783408708685,0,0,0,1,1,1
77,4,17,20264734,observed_candidate,5,28,28,0,28,28,0.0233315033726882,0.791783408708685,0.791783408708685,0,0,0,1,1,1
78,4,18,20264735,observed_candidate,7,29,29,0,21,21,0.0233315033726882,0.791783408708685,0.791783408708685,0,0,0,1,1,1
79,4,19,20264736,observed_candidate,3,28,28,0,25,25,0.0233315033726882,0.791783408708685,0.791783408708685,0,0,0,1,1,1
80,4,20,20264737,observed_candidate,1,29,29,0,20,20,0.0233315033726882,0.791783408708685,0.791783408708685,0,0,0,1,1,1
81,5,1,20265718,unobserved_candidate,2,7,21,0,1,16,0,0.132897509687845,0.802127842155619,0,0,0,1,1,1
82,5,2,20265719,unobserved_candidate,1,7,19,0,1,12,0,0.132897509687845,0.802127842155619,0,0,0,1,1,1
83,5,3,20265720,unobserved_candidate,5,14,24,0,1,12,0,0.132897509687845,0.802127842155619,0,0,0,1,1,1
84,5,4,20265721,unobserved_candidate,0,4,14,0,0,14,0,0.132897509687845,0.802127842155619,0,0,0,1,1,1
85,5,5,20265722,unobserved_candidate,1,8,19,0,4,14,0,0.132897509687845,0.802127842155619,0,0,0,1,1,1
86,5,6,20265723,unobserved_candidate,0,7,18,0,3,14,0,0.132897509687845,0.802127842155619,0,0,0,1,1,1
87,5,7,20265724,unobserved_candidate,2,9,20,0,4,16,0,0.132897509687845,0.802127842155619,0,0,0,1,1,1
88,5,8,20265725,unobserved_candidate,0,2,15,0,2,15,0,0.132897509687845,0.802127842155619,0,0,0,1,1,1
89,5,9,20265726,unobserved_candidate,1,8,19,0,1,12,0,0.132897509687845,0.802127842155619,0,0,0,1,1,1
90,5,10,20265727,unobserved_candidate,1,2,16,0,3,12,0,0.132897509687845,0.802127842155619,0,0,0,1,1,1
91,5,11,20265728,unobserved_candidate,3,9,17,0,3,12,0,0.132897509687845,0.802127842155619,0,0,0,1,1,1
92,5,12,20265729,unobserved_candidate,0,3,19,0,1,13,0,0.132897509687845,0.802127842155619,0,0,0,1,1,1
93,5,13,20265730,unobserved_candidate,0,5,19,0,1,10,0,0.132897509687845,0.802127842155619,0,0,0,1,1,1
94,5,14,20265731,unobserved_candidate,1,8,22,0,1,12,0,0.132897509687845,0.802127842155619,0,0,0,1,1,1
95,5,15,20265732,unobserved_candidate,2,6,21,0,3,14,0,0.132897509687845,0.802127842155619,0,0,0,1,1,1
96,5,16,20265733,unobserved_candidate,3,7,21,0,3,15,0,0.132897509687845,0.802127842155619,0,0,0,1,1,1
97,5,17,20265734,unobserved_candidate,2,6,18,0,3,18,0,0.132897509687845,0.802127842155619,0,0,0,1,1,1
98,5,18,20265735,unobserved_candidate,3,9,21,0,1,15,0,0.132897509687845,0.802127842155619,0,0,0,1,1,1
99,5,19,20265736,unobserved_candidate,3,9,21,0,2,16,0,0.132897509687845,0.802127842155619,0,0,0,1,1,1
100,5,20,20265737,unobserved_candidate,2,6,19,0,1,15,0,0.132897509687845,0.802127842155619,0,0,0,1,1,1
101,6,1,20266718,unobserved_candidate,29,29,29,19,19,19,0.791783408708685,0.791783408708685,0.791783408708685,0,0,0,1,1,1
102,6,2,20266719,unobserved_candidate,30,30,30,25,25,25,0.791783408708685,0.791783408708685,0.791783408708685,0,0,0,1,1,1
103,6,3,20266720,unobserved_candidate,30,30,30,24,24,24,0.791783408708685,0.791783408708685,0.791783408708685,0,0,0,1,1,1
104,6,4,20266721,unobserved_candidate,28,28,28,26,26,26,0.791783408708685,0.791783408708685,0.791783408708685,0,0,0,1,1,1
105,6,5,20266722,unobserved_candidate,28,28,28,24,24,24,0.791783408708685,0.791783408708685,0.791783408708685,0,0,0,1,1,1
106,6,6,20266723,unobserved_candidate,29,29,29,26,26,26,0.791783408708685,0.791783408708685,0.791783408708685,0,0,0,1,1,1
107,6,7,20266724,unobserved_candidate,29,29,29,21,21,21,0.791783408708685,0.791783408708685,0.791783408708685,0,0,0,1,1,1
108,6,8,20266725,unobserved_candidate,28,28,28,23,23,23,0.791783408708685,0.791783408708685,0.791783408708685,0,0,0,1,1,1
109,6,9,20266726,unobserved_candidate,29,29,29,28,28,28,0.791783408708685,0.791783408708685,0.791783408708685,0,0,0,1,1,1
110,6,10,20266727,unobserved_candidate,28,28,28,27,27,27,0.791783408708685,0.791783408708685,0.791783408708685,0,0,0,1,1,1
111,6,11,20266728,unobserved_candidate,29,29,29,22,22,22,0.791783408708685,0.791783408708685,0.791783408708685,0,0,0,1,1,1
112,6,12,20266729,unobserved_candidate,31,31,31,28,28,28,0.791783408708685,0.791783408708685,0.791783408708685,0,0,0,1,1,1
113,6,13,20266730,unobserved_candidate,30,30,30,28,28,28,0.791783408708685,0.791783408708685,0.791783408708685,0,0,0,1,1,1
114,6,14,20266731,unobserved_candidate,29,29,29,28,28,28,0.791783408708685,0.791783408708685,0.791783408708685,0,0,0,1,1,1
115,6,15,20266732,unobserved_candidate,30,30,30,24,24,24,0.791783408708685,0.791783408708685,0.791783408708685,0,0,0,1,1,1
116,6,16,20266733,unobserved_candidate,28,28,28,26,26,26,0.791783408708685,0.791783408708685,0.791783408708685,0,0,0,1,1,1
117,6,17,20266734,unobserved_candidate,30,30,30,26,26,26,0.791783408708685,0.791783408708685,0.791783408708685,0,0,0,1,1,1
118,6,18,20266735,unobserved_candidate,31,31,31,25,25,25,0.791783408708685,0.791783408708685,0.791783408708685,0,0,0,1,1,1
119,6,19,20266736,unobserved_candidate,31,31,31,21,21,21,0.791783408708685,0.791783408708685,0.791783408708685,0,0,0,1,1,1
120,6,20,20266737,unobserved_candidate,32,32,32,22,22,22,0.791783408708685,0.791783408708685,0.791783408708685,0,0,0,1,1,1
121,7,1,20267718,main_ordinary,0,0,0,0,0,0,0,0,0,0,0,0,1,1,1
122,7,2,20267719,main_ordinary,0,0,0,0,0,0,0,0,0,0,0,0,1,1,1
123,7,3,20267720,main_ordinary,0,0,0,0,0,0,0,0,0,0,0,0,1,1,1
124,7,4,20267721,main_ordinary,0,0,0,0,0,0,0,0,0,0,0,0,1,1,1
125,7,5,20267722,main_ordinary,0,0,0,0,0,0,0,0,0,0,0,0,1,1,1
126,7,6,20267723,main_ordinary,0,0,0,0,0,0,0,0,0,0,0,0,1,1,1
127,7,7,20267724,main_ordinary,0,0,0,0,0,0,0,0,0,0,0,0,1,1,1
128,7,8,20267725,main_ordinary,0,0,0,0,0,0,0,0,0,0,0,0,1,1,1
129,7,9,20267726,main_ordinary,0,0,0,0,0,0,0,0,0,0,0,0,1,1,1
130,7,10,20267727,main_ordinary,0,0,0,0,0,0,0,0,0,0,0,0,1,1,1
131,7,11,20267728,main_ordinary,0,0,0,0,0,0,0,0,0,0,0,0,1,1,1
132,7,12,20267729,main_ordinary,0,0,0,0,0,0,0,0,0,0,0,0,1,1,1
133,7,13,20267730,main_ordinary,0,0,0,0,0,0,0,0,0,0,0,0,1,1,1
134,7,14,20267731,main_ordinary,0,0,0,0,0,0,0,0,0,0,0,0,1,1,1
135,7,15,20267732,main_ordinary,0,0,0,0,0,0,0,0,0,0,0,0,1,1,1
136,7,16,20267733,main_ordinary,0,0,0,0,0,0,0,0,0,0,0,0,1,1,1
137,7,17,20267734,main_ordinary,0,0,0,0,0,0,0,0,0,0,0,0,1,1,1
138,7,18,20267735,main_ordinary,0,0,0,0,0,0,0,0,0,0,0,0,1,1,1
139,7,19,20267736,main_ordinary,0,0,0,0,0,0,0,0,0,0,0,0,1,1,1
140,7,20,20267737,main_ordinary,0,0,0,0,0,0,0,0,0,0,0,0,1,1,1
141,8,1,20268718,main_ordinary,0,0,0,0,0,0,0,0,0,0,0,0,1,1,1
142,8,2,20268719,main_ordinary,0,0,0,0,0,0,0,0,0,0,0,0,1,1,1
143,8,3,20268720,main_ordinary,0,0,0,0,0,0,0,0,0,0,0,0,1,1,1
144,8,4,20268721,main_ordinary,0,0,0,0,0,0,0,0,0,0,0,0,1,1,1
145,8,5,20268722,main_ordinary,0,0,0,0,0,0,0,0,0,0,0,0,1,1,1
146,8,6,20268723,main_ordinary,0,0,0,0,0,0,0,0,0,0,0,0,1,1,1
147,8,7,20268724,main_ordinary,0,0,0,0,0,0,0,0,0,0,0,0,1,1,1
148,8,8,20268725,main_ordinary,0,0,0,0,0,0,0,0,0,0,0,0,1,1,1
149,8,9,20268726,main_ordinary,0,0,0,0,0,0,0,0,0,0,0,0,1,1,1
150,8,10,20268727,main_ordinary,0,0,0,0,0,0,0,0,0,0,0,0,1,1,1
151,8,11,20268728,main_ordinary,0,0,0,0,0,0,0,0,0,0,0,0,1,1,1
152,8,12,20268729,main_ordinary,0,0,0,0,0,0,0,0,0,0,0,0,1,1,1
153,8,13,20268730,main_ordinary,0,0,0,0,0,0,0,0,0,0,0,0,1,1,1
154,8,14,20268731,main_ordinary,0,0,0,0,0,0,0,0,0,0,0,0,1,1,1
155,8,15,20268732,main_ordinary,0,0,0,0,0,0,0,0,0,0,0,0,1,1,1
156,8,16,20268733,main_ordinary,0,0,0,0,0,0,0,0,0,0,0,0,1,1,1
157,8,17,20268734,main_ordinary,0,0,0,0,0,0,0,0,0,0,0,0,1,1,1
158,8,18,20268735,main_ordinary,0,0,0,0,0,0,0,0,0,0,0,0,1,1,1
159,8,19,20268736,main_ordinary,0,0,0,0,0,0,0,0,0,0,0,0,1,1,1
160,8,20,20268737,main_ordinary,0,0,0,0,0,0,0,0,0,0,0,0,1,1,1
161,9,1,20269718,observed_candidate,0,9,11,0,5,5,0,0.172248998337743,0.176344856200126,0,0,0,1,1,1
162,9,2,20269719,observed_candidate,0,6,6,0,2,3,0,0.172248998337743,0.176344856200126,0,0,0,1,1,1
163,9,3,20269720,observed_candidate,0,7,7,0,7,8,0,0.172248998337743,0.176344856200126,0,0,0,1,1,1
164,9,4,20269721,observed_candidate,0,8,10,0,2,4,0,0.172248998337743,0.176344856200126,0,0,0,1,1,1
165,9,5,20269722,observed_candidate,0,12,12,0,2,2,0,0.172248998337743,0.176344856200126,0,0,0,1,1,1
166,9,6,20269723,observed_candidate,0,9,9,0,6,6,0,0.172248998337743,0.176344856200126,0,0,0,1,1,1
167,9,7,20269724,observed_candidate,0,12,12,0,3,3,0,0.172248998337743,0.176344856200126,0,0,0,1,1,1
168,9,8,20269725,observed_candidate,0,13,13,0,2,2,0,0.172248998337743,0.176344856200126,0,0,0,1,1,1
169,9,9,20269726,observed_candidate,0,11,11,0,7,7,0,0.172248998337743,0.176344856200126,0,0,0,1,1,1
170,9,10,20269727,observed_candidate,0,10,10,0,5,5,0,0.172248998337743,0.176344856200126,0,0,0,1,1,1
171,9,11,20269728,observed_candidate,0,9,9,0,7,7,0,0.172248998337743,0.176344856200126,0,0,0,1,1,1
172,9,12,20269729,observed_candidate,0,6,7,0,4,4,0,0.172248998337743,0.176344856200126,0,0,0,1,1,1
173,9,13,20269730,observed_candidate,0,9,10,0,5,5,0,0.172248998337743,0.176344856200126,0,0,0,1,1,1
174,9,14,20269731,observed_candidate,0,11,11,0,2,2,0,0.172248998337743,0.176344856200126,0,0,0,1,1,1
175,9,15,20269732,observed_candidate,0,7,7,0,6,6,0,0.172248998337743,0.176344856200126,0,0,0,1,1,1
176,9,16,20269733,observed_candidate,0,8,8,0,1,2,0,0.172248998337743,0.176344856200126,0,0,0,1,1,1
177,9,17,20269734,observed_candidate,0,8,8,0,2,3,0,0.172248998337743,0.176344856200126,0,0,0,1,1,1
178,9,18,20269735,observed_candidate,0,10,11,0,4,4,0,0.172248998337743,0.176344856200126,0,0,0,1,1,1
179,9,19,20269736,observed_candidate,0,6,6,0,4,5,0,0.172248998337743,0.176344856200126,0,0,0,1,1,1
180,9,20,20269737,observed_candidate,0,6,6,0,2,3,0,0.172248998337743,0.176344856200126,0,0,0,1,1,1
181,10,1,20270718,observed_candidate,0,0,8,0,0,1,0,0,0.124553007042649,0,0,0,1,1,1
182,10,2,20270719,observed_candidate,0,0,4,0,0,0,0,0,0.124553007042649,0,0,0,1,1,1
183,10,3,20270720,observed_candidate,0,0,3,0,0,3,0,0,0.124553007042649,0,0,0,1,1,1
184,10,4,20270721,observed_candidate,0,0,3,0,0,2,0,0,0.124553007042649,0,0,0,1,1,1
185,10,5,20270722,observed_candidate,0,0,10,0,0,3,0,0,0.124553007042649,0,0,0,1,1,1
186,10,6,20270723,observed_candidate,0,0,6,0,0,1,0,0,0.124553007042649,0,0,0,1,1,1
187,10,7,20270724,observed_candidate,0,0,7,0,0,0,0,0,0.124553007042649,0,0,0,1,1,1
188,10,8,20270725,observed_candidate,0,0,6,0,0,1,0,0,0.124553007042649,0,0,0,1,1,1
189,10,9,20270726,observed_candidate,0,0,3,0,0,2,0,0,0.124553007042649,0,0,0,1,1,1
190,10,10,20270727,observed_candidate,0,0,5,0,0,1,0,0,0.124553007042649,0,0,0,1,1,1
191,10,11,20270728,observed_candidate,0,0,3,0,0,3,0,0,0.124553007042649,0,0,0,1,1,1
192,10,12,20270729,observed_candidate,0,0,5,0,0,1,0,0,0.124553007042649,0,0,0,1,1,1
193,10,13,20270730,observed_candidate,0,0,4,0,0,1,0,0,0.124553007042649,0,0,0,1,1,1
194,10,14,20270731,observed_candidate,0,0,3,0,0,3,0,0,0.124553007042649,0,0,0,1,1,1
195,10,15,20270732,observed_candidate,0,0,9,0,0,2,0,0,0.124553007042649,0,0,0,1,1,1
196,10,16,20270733,observed_candidate,0,0,6,0,0,2,0,0,0.124553007042649,0,0,0,1,1,1
197,10,17,20270734,observed_candidate,0,0,10,0,0,2,0,0,0.124553007042649,0,0,0,1,1,1
198,10,18,20270735,observed_candidate,0,0,10,0,0,3,0,0,0.124553007042649,0,0,0,1,1,1
199,10,19,20270736,observed_candidate,0,0,4,0,0,2,0,0,0.124553007042649,0,0,0,1,1,1
200,10,20,20270737,observed_candidate,0,1,8,0,0,0,0,0,0.124553007042649,0,0,0,1,1,1
201,11,1,20271718,unobserved_candidate,0,3,3,0,0,0,0,0.0218252711758711,0.0306907199817534,0,0,0,1,1,1
202,11,2,20271719,unobserved_candidate,0,1,1,0,0,0,0,0.0218252711758711,0.0306907199817534,0,0,0,1,1,1
203,11,3,20271720,unobserved_candidate,1,2,2,0,0,0,0,0.0218252711758711,0.0306907199817534,0,0,0,1,1,1
204,11,4,20271721,unobserved_candidate,0,4,4,0,0,0,0,0.0218252711758711,0.0306907199817534,0,0,0,1,1,1
205,11,5,20271722,unobserved_candidate,1,3,3,0,0,0,0,0.0218252711758711,0.0306907199817534,0,0,0,1,1,1
206,11,6,20271723,unobserved_candidate,0,4,4,0,0,0,0,0.0218252711758711,0.0306907199817534,0,0,0,1,1,1
207,11,7,20271724,unobserved_candidate,1,3,3,0,0,0,0,0.0218252711758711,0.0306907199817534,0,0,0,1,1,1
208,11,8,20271725,unobserved_candidate,1,7,7,0,1,1,0,0.0218252711758711,0.0306907199817534,0,0,0,1,1,1
209,11,9,20271726,unobserved_candidate,0,1,1,0,0,0,0,0.0218252711758711,0.0306907199817534,0,0,0,1,1,1
210,11,10,20271727,unobserved_candidate,2,5,5,0,2,2,0,0.0218252711758711,0.0306907199817534,0,0,0,1,1,1
211,11,11,20271728,unobserved_candidate,0,3,3,0,0,0,0,0.0218252711758711,0.0306907199817534,0,0,0,1,1,1
212,11,12,20271729,unobserved_candidate,1,4,5,0,0,0,0,0.0218252711758711,0.0306907199817534,0,0,0,1,1,1
213,11,13,20271730,unobserved_candidate,0,4,4,0,0,0,0,0.0218252711758711,0.0306907199817534,0,0,0,1,1,1
214,11,14,20271731,unobserved_candidate,1,6,6,0,0,0,0,0.0218252711758711,0.0306907199817534,0,0,0,1,1,1
215,11,15,20271732,unobserved_candidate,1,3,3,0,0,0,0,0.0218252711758711,0.0306907199817534,0,0,0,1,1,1
216,11,16,20271733,unobserved_candidate,0,4,5,0,0,0,0,0.0218252711758711,0.0306907199817534,0,0,0,1,1,1
217,11,17,20271734,unobserved_candidate,0,1,2,0,0,0,0,0.0218252711758711,0.0306907199817534,0,0,0,1,1,1
218,11,18,20271735,unobserved_candidate,1,4,4,0,0,0,0,0.0218252711758711,0.0306907199817534,0,0,0,1,1,1
219,11,19,20271736,unobserved_candidate,0,2,2,0,0,0,0,0.0218252711758711,0.0306907199817534,0,0,0,1,1,1
220,11,20,20271737,unobserved_candidate,2,6,6,0,0,0,0,0.0218252711758711,0.0306907199817534,0,0,0,1,1,1
221,12,1,20272718,unobserved_candidate,11,28,28,2,26,26,0.172248998337743,0.791783408708685,0.791783408708685,0,0,0,1,1,1
222,12,2,20272719,unobserved_candidate,8,29,29,3,21,21,0.172248998337743,0.791783408708685,0.791783408708685,0,0,0,1,1,1
223,12,3,20272720,unobserved_candidate,9,29,29,2,20,20,0.172248998337743,0.791783408708685,0.791783408708685,0,0,0,1,1,1
224,12,4,20272721,unobserved_candidate,7,26,26,2,25,25,0.172248998337743,0.791783408708685,0.791783408708685,0,0,0,1,1,1
225,12,5,20272722,unobserved_candidate,9,27,27,4,29,29,0.172248998337743,0.791783408708685,0.791783408708685,0,0,0,1,1,1
226,12,6,20272723,unobserved_candidate,7,29,29,6,24,24,0.172248998337743,0.791783408708685,0.791783408708685,0,0,0,1,1,1
227,12,7,20272724,unobserved_candidate,10,28,28,3,26,26,0.172248998337743,0.791783408708685,0.791783408708685,0,0,0,1,1,1
228,12,8,20272725,unobserved_candidate,8,31,31,0,23,23,0.172248998337743,0.791783408708685,0.791783408708685,0,0,0,1,1,1
229,12,9,20272726,unobserved_candidate,13,29,29,2,24,24,0.172248998337743,0.791783408708685,0.791783408708685,0,0,0,1,1,1
230,12,10,20272727,unobserved_candidate,9,30,30,2,23,23,0.172248998337743,0.791783408708685,0.791783408708685,0,0,0,1,1,1
231,12,11,20272728,unobserved_candidate,9,31,31,5,23,23,0.172248998337743,0.791783408708685,0.791783408708685,0,0,0,1,1,1
232,12,12,20272729,unobserved_candidate,9,29,29,2,24,24,0.172248998337743,0.791783408708685,0.791783408708685,0,0,0,1,1,1
233,12,13,20272730,unobserved_candidate,12,30,30,2,27,27,0.172248998337743,0.791783408708685,0.791783408708685,0,0,0,1,1,1
234,12,14,20272731,unobserved_candidate,10,31,31,5,27,27,0.172248998337743,0.791783408708685,0.791783408708685,0,0,0,1,1,1
235,12,15,20272732,unobserved_candidate,10,30,30,3,27,27,0.172248998337743,0.791783408708685,0.791783408708685,0,0,0,1,1,1
236,12,16,20272733,unobserved_candidate,8,30,30,6,23,23,0.172248998337743,0.791783408708685,0.791783408708685,0,0,0,1,1,1
237,12,17,20272734,unobserved_candidate,5,28,28,3,24,24,0.172248998337743,0.791783408708685,0.791783408708685,0,0,0,1,1,1
238,12,18,20272735,unobserved_candidate,9,29,29,2,31,31,0.172248998337743,0.791783408708685,0.791783408708685,0,0,0,1,1,1
239,12,19,20272736,unobserved_candidate,8,30,30,3,23,23,0.172248998337743,0.791783408708685,0.791783408708685,0,0,0,1,1,1
240,12,20,20272737,unobserved_candidate,7,30,30,6,28,28,0.172248998337743,0.791783408708685,0.791783408708685,0,0,0,1,1,1
241,13,1,20273718,main_ordinary,0,0,0,0,0,0,0,0,0,0,0,0,1,1,1
242,13,2,20273719,main_ordinary,0,0,0,0,0,0,0,0,0,0,0,0,1,1,1
243,13,3,20273720,main_ordinary,0,0,0,0,0,0,0,0,0,0,0,0,1,1,1
244,13,4,20273721,main_ordinary,0,0,0,0,0,0,0,0,0,0,0,0,1,1,1
245,13,5,20273722,main_ordinary,0,0,0,0,0,0,0,0,0,0,0,0,1,1,1
246,13,6,20273723,main_ordinary,0,0,0,0,0,0,0,0,0,0,0,0,1,1,1
247,13,7,20273724,main_ordinary,0,0,0,0,0,0,0,0,0,0,0,0,1,1,1
248,13,8,20273725,main_ordinary,0,0,0,0,0,0,0,0,0,0,0,0,1,1,1
249,13,9,20273726,main_ordinary,0,0,0,0,0,0,0,0,0,0,0,0,1,1,1
250,13,10,20273727,main_ordinary,0,0,0,0,0,0,0,0,0,0,0,0,1,1,1
251,13,11,20273728,main_ordinary,0,0,0,0,0,0,0,0,0,0,0,0,1,1,1
252,13,12,20273729,main_ordinary,0,0,0,0,0,0,0,0,0,0,0,0,1,1,1
253,13,13,20273730,main_ordinary,0,0,0,0,0,0,0,0,0,0,0,0,1,1,1
254,13,14,20273731,main_ordinary,0,0,0,0,0,0,0,0,0,0,0,0,1,1,1
255,13,15,20273732,main_ordinary,0,0,0,0,0,0,0,0,0,0,0,0,1,1,1
256,13,16,20273733,main_ordinary,0,0,0,0,0,0,0,0,0,0,0,0,1,1,1
257,13,17,20273734,main_ordinary,0,0,0,0,0,0,0,0,0,0,0,0,1,1,1
258,13,18,20273735,main_ordinary,0,0,0,0,0,0,0,0,0,0,0,0,1,1,1
259,13,19,20273736,main_ordinary,0,0,0,0,0,0,0,0,0,0,0,0,1,1,1
260,13,20,20273737,main_ordinary,0,0,0,0,0,0,0,0,0,0,0,0,1,1,1
261,14,1,20274718,main_ordinary,0,0,0,0,0,0,0,0,0,0,0,0,1,1,1
262,14,2,20274719,main_ordinary,0,0,0,0,0,0,0,0,0,0,0,0,1,1,1
263,14,3,20274720,main_ordinary,0,0,0,0,0,0,0,0,0,0,0,0,1,1,1
264,14,4,20274721,main_ordinary,0,0,0,0,0,0,0,0,0,0,0,0,1,1,1
265,14,5,20274722,main_ordinary,0,0,0,0,0,0,0,0,0,0,0,0,1,1,1
266,14,6,20274723,main_ordinary,0,0,0,0,0,0,0,0,0,0,0,0,1,1,1
267,14,7,20274724,main_ordinary,0,0,0,0,0,0,0,0,0,0,0,0,1,1,1
268,14,8,20274725,main_ordinary,0,0,0,0,0,0,0,0,0,0,0,0,1,1,1
269,14,9,20274726,main_ordinary,0,0,0,0,0,0,0,0,0,0,0,0,1,1,1
270,14,10,20274727,main_ordinary,0,0,0,0,0,0,0,0,0,0,0,0,1,1,1
271,14,11,20274728,main_ordinary,0,0,0,0,0,0,0,0,0,0,0,0,1,1,1
272,14,12,20274729,main_ordinary,0,0,0,0,0,0,0,0,0,0,0,0,1,1,1
273,14,13,20274730,main_ordinary,0,0,0,0,0,0,0,0,0,0,0,0,1,1,1
274,14,14,20274731,main_ordinary,0,0,0,0,0,0,0,0,0,0,0,0,1,1,1
275,14,15,20274732,main_ordinary,0,0,0,0,0,0,0,0,0,0,0,0,1,1,1
276,14,16,20274733,main_ordinary,0,0,0,0,0,0,0,0,0,0,0,0,1,1,1
277,14,17,20274734,main_ordinary,0,0,0,0,0,0,0,0,0,0,0,0,1,1,1
278,14,18,20274735,main_ordinary,0,0,0,0,0,0,0,0,0,0,0,0,1,1,1
279,14,19,20274736,main_ordinary,0,0,0,0,0,0,0,0,0,0,0,0,1,1,1
280,14,20,20274737,main_ordinary,0,0,0,0,0,0,0,0,0,0,0,0,1,1,1
281,15,1,20275718,observed_candidate,0,8,8,0,0,0,0,0.158440233040098,0.158440233040098,0,0,0,1,1,1
282,15,2,20275719,observed_candidate,0,6,6,0,3,3,0,0.158440233040098,0.158440233040098,0,0,0,1,1,1
283,15,3,20275720,observed_candidate,0,6,6,0,5,5,0,0.158440233040098,0.158440233040098,0,0,0,1,1,1
284,15,4,20275721,observed_candidate,0,6,6,0,2,2,0,0.158440233040098,0.158440233040098,0,0,0,1,1,1
285,15,5,20275722,observed_candidate,0,6,6,0,4,4,0,0.158440233040098,0.158440233040098,0,0,0,1,1,1
286,15,6,20275723,observed_candidate,0,9,9,0,1,1,0,0.158440233040098,0.158440233040098,0,0,0,1,1,1
287,15,7,20275724,observed_candidate,0,5,5,0,2,2,0,0.158440233040098,0.158440233040098,0,0,0,1,1,1
288,15,8,20275725,observed_candidate,0,7,7,0,1,1,0,0.158440233040098,0.158440233040098,0,0,0,1,1,1
289,15,9,20275726,observed_candidate,0,5,5,0,2,2,0,0.158440233040098,0.158440233040098,0,0,0,1,1,1
290,15,10,20275727,observed_candidate,0,3,4,0,1,1,0,0.158440233040098,0.158440233040098,0,0,0,1,1,1
291,15,11,20275728,observed_candidate,0,11,12,0,3,3,0,0.158440233040098,0.158440233040098,0,0,0,1,1,1
292,15,12,20275729,observed_candidate,0,7,7,0,1,1,0,0.158440233040098,0.158440233040098,0,0,0,1,1,1
293,15,13,20275730,observed_candidate,0,6,6,0,3,3,0,0.158440233040098,0.158440233040098,0,0,0,1,1,1
294,15,14,20275731,observed_candidate,0,4,4,0,2,2,0,0.158440233040098,0.158440233040098,0,0,0,1,1,1
295,15,15,20275732,observed_candidate,0,7,8,0,1,1,0,0.158440233040098,0.158440233040098,0,0,0,1,1,1
296,15,16,20275733,observed_candidate,0,6,6,0,0,0,0,0.158440233040098,0.158440233040098,0,0,0,1,1,1
297,15,17,20275734,observed_candidate,0,8,9,0,3,3,0,0.158440233040098,0.158440233040098,0,0,0,1,1,1
298,15,18,20275735,observed_candidate,0,5,5,0,3,3,0,0.158440233040098,0.158440233040098,0,0,0,1,1,1
299,15,19,20275736,observed_candidate,0,4,4,0,2,2,0,0.158440233040098,0.158440233040098,0,0,0,1,1,1
300,15,20,20275737,observed_candidate,0,7,7,0,0,0,0,0.158440233040098,0.158440233040098,0,0,0,1,1,1
301,16,1,20276718,observed_candidate,0,0,6,0,0,1,0,0,0.107624047113543,0,0,0,1,1,1
302,16,2,20276719,observed_candidate,0,0,7,0,0,4,0,0,0.107624047113543,0,0,0,1,1,1
303,16,3,20276720,observed_candidate,0,0,3,0,0,5,0,0,0.107624047113543,0,0,0,1,1,1
304,16,4,20276721,observed_candidate,1,1,5,0,0,2,0,0,0.107624047113543,0,0,0,1,1,1
305,16,5,20276722,observed_candidate,1,1,5,0,0,0,0,0,0.107624047113543,0,0,0,1,1,1
306,16,6,20276723,observed_candidate,0,0,4,0,0,0,0,0,0.107624047113543,0,0,0,1,1,1
307,16,7,20276724,observed_candidate,1,1,8,0,0,3,0,0,0.107624047113543,0,0,0,1,1,1
308,16,8,20276725,observed_candidate,1,1,6,0,0,1,0,0,0.107624047113543,0,0,0,1,1,1
309,16,9,20276726,observed_candidate,0,0,3,0,0,2,0,0,0.107624047113543,0,0,0,1,1,1
310,16,10,20276727,observed_candidate,1,1,4,0,0,0,0,0,0.107624047113543,0,0,0,1,1,1
311,16,11,20276728,observed_candidate,0,0,7,0,0,1,0,0,0.107624047113543,0,0,0,1,1,1
312,16,12,20276729,observed_candidate,0,0,4,0,0,0,0,0,0.107624047113543,0,0,0,1,1,1
313,16,13,20276730,observed_candidate,2,2,7,0,0,1,0,0,0.107624047113543,0,0,0,1,1,1
314,16,14,20276731,observed_candidate,0,0,3,0,0,1,0,0,0.107624047113543,0,0,0,1,1,1
315,16,15,20276732,observed_candidate,0,0,9,0,0,0,0,0,0.107624047113543,0,0,0,1,1,1
316,16,16,20276733,observed_candidate,1,1,5,0,0,3,0,0,0.107624047113543,0,0,0,1,1,1
317,16,17,20276734,observed_candidate,1,1,8,0,0,1,0,0,0.107624047113543,0,0,0,1,1,1
318,16,18,20276735,observed_candidate,0,0,4,0,0,0,0,0,0.107624047113543,0,0,0,1,1,1
319,16,19,20276736,observed_candidate,0,0,4,0,0,1,0,0,0.107624047113543,0,0,0,1,1,1
320,16,20,20276737,observed_candidate,0,0,5,0,0,2,0,0,0.107624047113543,0,0,0,1,1,1
321,17,1,20277718,unobserved_candidate,0,9,16,0,3,7,0,0.124553007042649,0.346957103344354,0,0,0,1,1,1
322,17,2,20277719,unobserved_candidate,2,7,16,0,1,9,0,0.124553007042649,0.346957103344354,0,0,0,1,1,1
323,17,3,20277720,unobserved_candidate,1,4,14,0,1,8,0,0.124553007042649,0.346957103344354,0,0,0,1,1,1
324,17,4,20277721,unobserved_candidate,1,6,14,0,2,4,0,0.124553007042649,0.346957103344354,0,0,0,1,1,1
325,17,5,20277722,unobserved_candidate,3,9,16,0,2,4,0,0.124553007042649,0.346957103344354,0,0,0,1,1,1
326,17,6,20277723,unobserved_candidate,0,4,11,0,1,7,0,0.124553007042649,0.346957103344354,0,0,0,1,1,1
327,17,7,20277724,unobserved_candidate,1,7,11,0,2,8,0,0.124553007042649,0.346957103344354,0,0,0,1,1,1
328,17,8,20277725,unobserved_candidate,2,8,13,0,0,5,0,0.124553007042649,0.346957103344354,0,0,0,1,1,1
329,17,9,20277726,unobserved_candidate,1,6,16,0,1,7,0,0.124553007042649,0.346957103344354,0,0,0,1,1,1
330,17,10,20277727,unobserved_candidate,2,4,10,0,4,11,0,0.124553007042649,0.346957103344354,0,0,0,1,1,1
331,17,11,20277728,unobserved_candidate,0,5,13,0,0,11,0,0.124553007042649,0.346957103344354,0,0,0,1,1,1
332,17,12,20277729,unobserved_candidate,1,7,16,0,2,10,0,0.124553007042649,0.346957103344354,0,0,0,1,1,1
333,17,13,20277730,unobserved_candidate,0,4,10,0,1,7,0,0.124553007042649,0.346957103344354,0,0,0,1,1,1
334,17,14,20277731,unobserved_candidate,0,8,15,0,3,12,0,0.124553007042649,0.346957103344354,0,0,0,1,1,1
335,17,15,20277732,unobserved_candidate,0,8,12,0,2,5,0,0.124553007042649,0.346957103344354,0,0,0,1,1,1
336,17,16,20277733,unobserved_candidate,0,4,13,0,1,7,0,0.124553007042649,0.346957103344354,0,0,0,1,1,1
337,17,17,20277734,unobserved_candidate,1,6,13,0,2,10,0,0.124553007042649,0.346957103344354,0,0,0,1,1,1
338,17,18,20277735,unobserved_candidate,3,6,15,0,1,9,0,0.124553007042649,0.346957103344354,0,0,0,1,1,1
339,17,19,20277736,unobserved_candidate,1,9,13,0,1,6,0,0.124553007042649,0.346957103344354,0,0,0,1,1,1
340,17,20,20277737,unobserved_candidate,1,7,14,0,1,9,0,0.124553007042649,0.346957103344354,0,0,0,1,1,1
341,18,1,20278718,unobserved_candidate,8,28,28,5,21,21,0.172248998337743,0.791783408708685,0.791783408708685,0,0,0,1,1,1
342,18,2,20278719,unobserved_candidate,7,32,32,3,25,25,0.172248998337743,0.791783408708685,0.791783408708685,0,0,0,1,1,1
343,18,3,20278720,unobserved_candidate,10,30,30,4,26,26,0.172248998337743,0.791783408708685,0.791783408708685,0,0,0,1,1,1
344,18,4,20278721,unobserved_candidate,12,28,28,5,32,32,0.172248998337743,0.791783408708685,0.791783408708685,0,0,0,1,1,1
345,18,5,20278722,unobserved_candidate,8,28,28,3,26,26,0.172248998337743,0.791783408708685,0.791783408708685,0,0,0,1,1,1
346,18,6,20278723,unobserved_candidate,9,29,29,5,24,24,0.172248998337743,0.791783408708685,0.791783408708685,0,0,0,1,1,1
347,18,7,20278724,unobserved_candidate,9,30,30,5,25,25,0.172248998337743,0.791783408708685,0.791783408708685,0,0,0,1,1,1
348,18,8,20278725,unobserved_candidate,12,31,31,5,22,22,0.172248998337743,0.791783408708685,0.791783408708685,0,0,0,1,1,1
349,18,9,20278726,unobserved_candidate,7,31,31,4,23,23,0.172248998337743,0.791783408708685,0.791783408708685,0,0,0,1,1,1
350,18,10,20278727,unobserved_candidate,12,27,27,5,24,24,0.172248998337743,0.791783408708685,0.791783408708685,0,0,0,1,1,1
351,18,11,20278728,unobserved_candidate,7,29,29,3,26,26,0.172248998337743,0.791783408708685,0.791783408708685,0,0,0,1,1,1
352,18,12,20278729,unobserved_candidate,7,31,31,5,27,27,0.172248998337743,0.791783408708685,0.791783408708685,0,0,0,1,1,1
353,18,13,20278730,unobserved_candidate,10,29,29,5,23,23,0.172248998337743,0.791783408708685,0.791783408708685,0,0,0,1,1,1
354,18,14,20278731,unobserved_candidate,11,27,27,4,26,26,0.172248998337743,0.791783408708685,0.791783408708685,0,0,0,1,1,1
355,18,15,20278732,unobserved_candidate,9,28,28,3,21,21,0.172248998337743,0.791783408708685,0.791783408708685,0,0,0,1,1,1
356,18,16,20278733,unobserved_candidate,8,29,29,5,27,27,0.172248998337743,0.791783408708685,0.791783408708685,0,0,0,1,1,1
357,18,17,20278734,unobserved_candidate,12,30,30,4,22,22,0.172248998337743,0.791783408708685,0.791783408708685,0,0,0,1,1,1
358,18,18,20278735,unobserved_candidate,10,27,27,6,24,24,0.172248998337743,0.791783408708685,0.791783408708685,0,0,0,1,1,1
359,18,19,20278736,unobserved_candidate,7,32,32,3,25,25,0.172248998337743,0.791783408708685,0.791783408708685,0,0,0,1,1,1
360,18,20,20278737,unobserved_candidate,11,28,28,2,21,21,0.172248998337743,0.791783408708685,0.791783408708685,0,0,0,1,1,1
361,19,1,20279718,main_ordinary,1,1,1,0,1,1,0,0.0357843536324836,0.0357843536324836,0,0,0,1,1,1
362,19,2,20279719,main_ordinary,0,5,5,0,0,0,0,0.0357843536324836,0.0357843536324836,0,0,0,1,1,1
363,19,3,20279720,main_ordinary,1,3,3,0,1,1,0,0.0357843536324836,0.0357843536324836,0,0,0,1,1,1
364,19,4,20279721,main_ordinary,0,2,2,0,1,1,0,0.0357843536324836,0.0357843536324836,0,0,0,1,1,1
365,19,5,20279722,main_ordinary,0,3,3,0,0,0,0,0.0357843536324836,0.0357843536324836,0,0,0,1,1,1
366,19,6,20279723,main_ordinary,0,5,5,0,1,1,0,0.0357843536324836,0.0357843536324836,0,0,0,1,1,1
367,19,7,20279724,main_ordinary,0,1,1,0,0,0,0,0.0357843536324836,0.0357843536324836,0,0,0,1,1,1
368,19,8,20279725,main_ordinary,0,7,7,0,0,0,0,0.0357843536324836,0.0357843536324836,0,0,0,1,1,1
369,19,9,20279726,main_ordinary,0,1,1,0,0,0,0,0.0357843536324836,0.0357843536324836,0,0,0,1,1,1
370,19,10,20279727,main_ordinary,1,4,4,0,1,1,0,0.0357843536324836,0.0357843536324836,0,0,0,1,1,1
371,19,11,20279728,main_ordinary,0,2,2,0,0,0,0,0.0357843536324836,0.0357843536324836,0,0,0,1,1,1
372,19,12,20279729,main_ordinary,1,3,3,0,0,0,0,0.0357843536324836,0.0357843536324836,0,0,0,1,1,1
373,19,13,20279730,main_ordinary,0,4,4,0,0,0,0,0.0357843536324836,0.0357843536324836,0,0,0,1,1,1
374,19,14,20279731,main_ordinary,0,1,1,0,0,0,0,0.0357843536324836,0.0357843536324836,0,0,0,1,1,1
375,19,15,20279732,main_ordinary,0,2,2,0,1,1,0,0.0357843536324836,0.0357843536324836,0,0,0,1,1,1
376,19,16,20279733,main_ordinary,0,2,2,0,1,1,0,0.0357843536324836,0.0357843536324836,0,0,0,1,1,1
377,19,17,20279734,main_ordinary,0,1,1,0,2,2,0,0.0357843536324836,0.0357843536324836,0,0,0,1,1,1
378,19,18,20279735,main_ordinary,0,3,3,0,2,2,0,0.0357843536324836,0.0357843536324836,0,0,0,1,1,1
379,19,19,20279736,main_ordinary,0,2,2,0,0,0,0,0.0357843536324836,0.0357843536324836,0,0,0,1,1,1
380,19,20,20279737,main_ordinary,0,2,2,0,0,0,0,0.0357843536324836,0.0357843536324836,0,0,0,1,1,1
381,20,1,20280718,main_ordinary,0,8,8,0,2,2,0,0.172248998337743,0.172248998337743,0,0,0,1,1,1
382,20,2,20280719,main_ordinary,1,9,9,0,5,5,0,0.172248998337743,0.172248998337743,0,0,0,1,1,1
383,20,3,20280720,main_ordinary,1,10,12,0,3,5,0,0.172248998337743,0.172248998337743,0,0,0,1,1,1
384,20,4,20280721,main_ordinary,1,7,8,0,2,4,0,0.172248998337743,0.172248998337743,0,0,0,1,1,1
385,20,5,20280722,main_ordinary,0,7,10,0,3,3,0,0.172248998337743,0.172248998337743,0,0,0,1,1,1
386,20,6,20280723,main_ordinary,0,11,11,0,3,4,0,0.172248998337743,0.172248998337743,0,0,0,1,1,1
387,20,7,20280724,main_ordinary,0,10,10,0,6,6,0,0.172248998337743,0.172248998337743,0,0,0,1,1,1
388,20,8,20280725,main_ordinary,4,11,13,0,2,2,0,0.172248998337743,0.172248998337743,0,0,0,1,1,1
389,20,9,20280726,main_ordinary,1,9,12,0,3,4,0,0.172248998337743,0.172248998337743,0,0,0,1,1,1
390,20,10,20280727,main_ordinary,2,9,11,0,4,5,0,0.172248998337743,0.172248998337743,0,0,0,1,1,1
391,20,11,20280728,main_ordinary,4,10,12,0,3,3,0,0.172248998337743,0.172248998337743,0,0,0,1,1,1
392,20,12,20280729,main_ordinary,1,4,6,0,5,5,0,0.172248998337743,0.172248998337743,0,0,0,1,1,1
393,20,13,20280730,main_ordinary,1,7,7,0,5,6,0,0.172248998337743,0.172248998337743,0,0,0,1,1,1
394,20,14,20280731,main_ordinary,1,7,9,0,2,2,0,0.172248998337743,0.172248998337743,0,0,0,1,1,1
395,20,15,20280732,main_ordinary,3,10,11,0,4,5,0,0.172248998337743,0.172248998337743,0,0,0,1,1,1
396,20,16,20280733,main_ordinary,0,9,9,0,5,5,0,0.172248998337743,0.172248998337743,0,0,0,1,1,1
397,20,17,20280734,main_ordinary,1,4,5,0,5,5,0,0.172248998337743,0.172248998337743,0,0,0,1,1,1
398,20,18,20280735,main_ordinary,2,7,8,0,2,3,0,0.172248998337743,0.172248998337743,0,0,0,1,1,1
399,20,19,20280736,main_ordinary,2,11,12,0,4,5,0,0.172248998337743,0.172248998337743,0,0,0,1,1,1
400,20,20,20280737,main_ordinary,0,5,5,0,5,5,0,0.172248998337743,0.172248998337743,0,0,0,1,1,1
401,21,1,20281718,observed_candidate,0,9,17,0,6,16,0,0.172248998337743,0.802127842155619,0,0,0,1,1,1
402,21,2,20281719,observed_candidate,0,6,17,0,6,18,0,0.172248998337743,0.802127842155619,0,0,0,1,1,1
403,21,3,20281720,observed_candidate,1,9,19,0,2,12,0,0.172248998337743,0.802127842155619,0,0,0,1,1,1
404,21,4,20281721,observed_candidate,1,9,19,0,3,13,0,0.172248998337743,0.802127842155619,0,0,0,1,1,1
405,21,5,20281722,observed_candidate,0,8,22,0,4,18,0,0.172248998337743,0.802127842155619,0,0,0,1,1,1
406,21,6,20281723,observed_candidate,0,13,21,0,2,15,0,0.172248998337743,0.802127842155619,0,0,0,1,1,1
407,21,7,20281724,observed_candidate,1,12,20,0,5,13,0,0.172248998337743,0.802127842155619,0,0,0,1,1,1
408,21,8,20281725,observed_candidate,0,15,21,0,1,17,0,0.172248998337743,0.802127842155619,0,0,0,1,1,1
409,21,9,20281726,observed_candidate,0,5,17,0,3,10,0,0.172248998337743,0.802127842155619,0,0,0,1,1,1
410,21,10,20281727,observed_candidate,2,16,23,0,4,15,0,0.172248998337743,0.802127842155619,0,0,0,1,1,1
411,21,11,20281728,observed_candidate,0,4,16,0,3,15,0,0.172248998337743,0.802127842155619,0,0,0,1,1,1
412,21,12,20281729,observed_candidate,0,7,17,0,4,12,0,0.172248998337743,0.802127842155619,0,0,0,1,1,1
413,21,13,20281730,observed_candidate,0,10,21,0,7,17,0,0.172248998337743,0.802127842155619,0,0,0,1,1,1
414,21,14,20281731,observed_candidate,0,4,17,0,2,14,0,0.172248998337743,0.802127842155619,0,0,0,1,1,1
415,21,15,20281732,observed_candidate,0,5,15,0,8,20,0,0.172248998337743,0.802127842155619,0,0,0,1,1,1
416,21,16,20281733,observed_candidate,1,4,16,0,3,16,0,0.172248998337743,0.802127842155619,0,0,0,1,1,1
417,21,17,20281734,observed_candidate,1,11,21,0,3,8,0,0.172248998337743,0.802127842155619,0,0,0,1,1,1
418,21,18,20281735,observed_candidate,1,5,19,0,5,17,0,0.172248998337743,0.802127842155619,0,0,0,1,1,1
419,21,19,20281736,observed_candidate,0,8,19,0,3,14,0,0.172248998337743,0.802127842155619,0,0,0,1,1,1
420,21,20,20281737,observed_candidate,1,10,20,0,5,12,0,0.172248998337743,0.802127842155619,0,0,0,1,1,1
421,22,1,20282718,observed_candidate,30,30,30,23,23,23,0.791783408708685,0.791783408708685,0.791783408708685,0,0,0,1,1,1
422,22,2,20282719,observed_candidate,30,31,31,26,26,26,0.791783408708685,0.791783408708685,0.791783408708685,0,0,0,1,1,1
423,22,3,20282720,observed_candidate,30,30,30,28,28,28,0.791783408708685,0.791783408708685,0.791783408708685,0,0,0,1,1,1
424,22,4,20282721,observed_candidate,30,30,30,25,25,25,0.791783408708685,0.791783408708685,0.791783408708685,0,0,0,1,1,1
425,22,5,20282722,observed_candidate,28,29,29,22,22,22,0.791783408708685,0.791783408708685,0.791783408708685,0,0,0,1,1,1
426,22,6,20282723,observed_candidate,29,29,29,25,25,25,0.791783408708685,0.791783408708685,0.791783408708685,0,0,0,1,1,1
427,22,7,20282724,observed_candidate,29,29,29,25,25,25,0.791783408708685,0.791783408708685,0.791783408708685,0,0,0,1,1,1
428,22,8,20282725,observed_candidate,29,29,29,21,21,21,0.791783408708685,0.791783408708685,0.791783408708685,0,0,0,1,1,1
429,22,9,20282726,observed_candidate,28,28,28,23,23,23,0.791783408708685,0.791783408708685,0.791783408708685,0,0,0,1,1,1
430,22,10,20282727,observed_candidate,32,32,32,25,25,25,0.791783408708685,0.791783408708685,0.791783408708685,0,0,0,1,1,1
431,22,11,20282728,observed_candidate,29,29,29,26,27,27,0.791783408708685,0.791783408708685,0.791783408708685,0,0,0,1,1,1
432,22,12,20282729,observed_candidate,29,29,29,20,20,20,0.791783408708685,0.791783408708685,0.791783408708685,0,0,0,1,1,1
433,22,13,20282730,observed_candidate,30,30,30,21,21,21,0.791783408708685,0.791783408708685,0.791783408708685,0,0,0,1,1,1
434,22,14,20282731,observed_candidate,29,29,29,25,25,25,0.791783408708685,0.791783408708685,0.791783408708685,0,0,0,1,1,1
435,22,15,20282732,observed_candidate,31,31,31,24,24,24,0.791783408708685,0.791783408708685,0.791783408708685,0,0,0,1,1,1
436,22,16,20282733,observed_candidate,29,29,29,27,27,27,0.791783408708685,0.791783408708685,0.791783408708685,0,0,0,1,1,1
437,22,17,20282734,observed_candidate,29,29,29,22,22,22,0.791783408708685,0.791783408708685,0.791783408708685,0,0,0,1,1,1
438,22,18,20282735,observed_candidate,28,29,29,29,30,30,0.791783408708685,0.791783408708685,0.791783408708685,0,0,0,1,1,1
439,22,19,20282736,observed_candidate,28,28,28,23,23,23,0.791783408708685,0.791783408708685,0.791783408708685,0,0,0,1,1,1
440,22,20,20282737,observed_candidate,31,31,31,26,27,27,0.791783408708685,0.791783408708685,0.791783408708685,0,0,0,1,1,1
441,23,1,20283718,unobserved_candidate,0,2,17,0,0,13,0,0,0.802127842155619,0,0,0,1,1,1
442,23,2,20283719,unobserved_candidate,0,0,15,0,0,12,0,0,0.802127842155619,0,0,0,1,1,1
443,23,3,20283720,unobserved_candidate,0,0,15,0,0,10,0,0,0.802127842155619,0,0,0,1,1,1
444,23,4,20283721,unobserved_candidate,0,0,16,0,0,13,0,0,0.802127842155619,0,0,0,1,1,1
445,23,5,20283722,unobserved_candidate,0,1,17,0,0,13,0,0,0.802127842155619,0,0,0,1,1,1
446,23,6,20283723,unobserved_candidate,0,1,17,0,0,11,0,0,0.802127842155619,0,0,0,1,1,1
447,23,7,20283724,unobserved_candidate,0,1,18,0,0,9,0,0,0.802127842155619,0,0,0,1,1,1
448,23,8,20283725,unobserved_candidate,0,1,18,0,0,16,0,0,0.802127842155619,0,0,0,1,1,1
449,23,9,20283726,unobserved_candidate,0,0,16,0,0,11,0,0,0.802127842155619,0,0,0,1,1,1
450,23,10,20283727,unobserved_candidate,0,0,18,0,0,14,0,0,0.802127842155619,0,0,0,1,1,1
451,23,11,20283728,unobserved_candidate,0,1,17,0,0,13,0,0,0.802127842155619,0,0,0,1,1,1
452,23,12,20283729,unobserved_candidate,0,0,14,0,0,13,0,0,0.802127842155619,0,0,0,1,1,1
453,23,13,20283730,unobserved_candidate,0,0,19,0,0,13,0,0,0.802127842155619,0,0,0,1,1,1
454,23,14,20283731,unobserved_candidate,0,1,17,0,0,9,0,0,0.802127842155619,0,0,0,1,1,1
455,23,15,20283732,unobserved_candidate,0,2,15,0,0,10,0,0,0.802127842155619,0,0,0,1,1,1
456,23,16,20283733,unobserved_candidate,0,1,20,0,0,10,0,0,0.802127842155619,0,0,0,1,1,1
457,23,17,20283734,unobserved_candidate,0,2,15,0,0,15,0,0,0.802127842155619,0,0,0,1,1,1
458,23,18,20283735,unobserved_candidate,0,0,18,0,0,13,0,0,0.802127842155619,0,0,0,1,1,1
459,23,19,20283736,unobserved_candidate,0,0,17,0,0,14,0,0,0.802127842155619,0,0,0,1,1,1
460,23,20,20283737,unobserved_candidate,0,0,19,0,0,10,0,0,0.802127842155619,0,0,0,1,1,1
461,24,1,20284718,unobserved_candidate,28,28,28,20,20,20,0.791783408708685,0.791783408708685,0.791783408708685,0,0,0,1,1,1
462,24,2,20284719,unobserved_candidate,30,30,30,23,23,23,0.791783408708685,0.791783408708685,0.791783408708685,0,0,0,1,1,1
463,24,3,20284720,unobserved_candidate,30,30,30,21,21,21,0.791783408708685,0.791783408708685,0.791783408708685,0,0,0,1,1,1
464,24,4,20284721,unobserved_candidate,30,30,30,20,20,20,0.791783408708685,0.791783408708685,0.791783408708685,0,0,0,1,1,1
465,24,5,20284722,unobserved_candidate,30,30,30,24,24,24,0.791783408708685,0.791783408708685,0.791783408708685,0,0,0,1,1,1
466,24,6,20284723,unobserved_candidate,27,27,27,21,21,21,0.791783408708685,0.791783408708685,0.791783408708685,0,0,0,1,1,1
467,24,7,20284724,unobserved_candidate,29,29,29,23,23,23,0.791783408708685,0.791783408708685,0.791783408708685,0,0,0,1,1,1
468,24,8,20284725,unobserved_candidate,26,26,26,22,22,22,0.791783408708685,0.791783408708685,0.791783408708685,0,0,0,1,1,1
469,24,9,20284726,unobserved_candidate,27,27,27,26,26,26,0.791783408708685,0.791783408708685,0.791783408708685,0,0,0,1,1,1
470,24,10,20284727,unobserved_candidate,28,28,28,24,24,24,0.791783408708685,0.791783408708685,0.791783408708685,0,0,0,1,1,1
471,24,11,20284728,unobserved_candidate,27,27,27,20,20,20,0.791783408708685,0.791783408708685,0.791783408708685,0,0,0,1,1,1
472,24,12,20284729,unobserved_candidate,30,30,30,27,27,27,0.791783408708685,0.791783408708685,0.791783408708685,0,0,0,1,1,1
473,24,13,20284730,unobserved_candidate,31,31,31,26,26,26,0.791783408708685,0.791783408708685,0.791783408708685,0,0,0,1,1,1
474,24,14,20284731,unobserved_candidate,31,31,31,26,26,26,0.791783408708685,0.791783408708685,0.791783408708685,0,0,0,1,1,1
475,24,15,20284732,unobserved_candidate,29,29,29,27,27,27,0.791783408708685,0.791783408708685,0.791783408708685,0,0,0,1,1,1
476,24,16,20284733,unobserved_candidate,28,28,28,20,20,20,0.791783408708685,0.791783408708685,0.791783408708685,0,0,0,1,1,1
477,24,17,20284734,unobserved_candidate,26,26,26,29,29,29,0.791783408708685,0.791783408708685,0.791783408708685,0,0,0,1,1,1
478,24,18,20284735,unobserved_candidate,28,28,28,24,24,24,0.791783408708685,0.791783408708685,0.791783408708685,0,0,0,1,1,1
479,24,19,20284736,unobserved_candidate,29,29,29,30,30,30,0.791783408708685,0.791783408708685,0.791783408708685,0,0,0,1,1,1
480,24,20,20284737,unobserved_candidate,27,27,27,25,25,25,0.791783408708685,0.791783408708685,0.791783408708685,0,0,0,1,1,1
481,25,1,20285718,main_ordinary,1,2,2,0,0,0,0,0,0,0,0,0,1,1,1
482,25,2,20285719,main_ordinary,0,0,0,0,0,0,0,0,0,0,0,0,1,1,1
483,25,3,20285720,main_ordinary,0,0,0,0,0,0,0,0,0,0,0,0,1,1,1
484,25,4,20285721,main_ordinary,0,0,0,0,0,0,0,0,0,0,0,0,1,1,1
485,25,5,20285722,main_ordinary,0,0,0,0,0,0,0,0,0,0,0,0,1,1,1
486,25,6,20285723,main_ordinary,0,0,0,0,0,0,0,0,0,0,0,0,1,1,1
487,25,7,20285724,main_ordinary,1,1,1,0,0,0,0,0,0,0,0,0,1,1,1
488,25,8,20285725,main_ordinary,0,1,1,0,0,0,0,0,0,0,0,0,1,1,1
489,25,9,20285726,main_ordinary,0,0,0,0,0,0,0,0,0,0,0,0,1,1,1
490,25,10,20285727,main_ordinary,1,1,1,0,0,0,0,0,0,0,0,0,1,1,1
491,25,11,20285728,main_ordinary,0,0,0,0,0,0,0,0,0,0,0,0,1,1,1
492,25,12,20285729,main_ordinary,0,0,0,0,0,0,0,0,0,0,0,0,1,1,1
493,25,13,20285730,main_ordinary,0,0,0,0,0,0,0,0,0,0,0,0,1,1,1
494,25,14,20285731,main_ordinary,1,1,1,0,0,0,0,0,0,0,0,0,1,1,1
495,25,15,20285732,main_ordinary,0,0,0,0,0,0,0,0,0,0,0,0,1,1,1
496,25,16,20285733,main_ordinary,0,0,0,0,0,0,0,0,0,0,0,0,1,1,1
497,25,17,20285734,main_ordinary,0,0,0,0,0,0,0,0,0,0,0,0,1,1,1
498,25,18,20285735,main_ordinary,0,0,0,0,0,0,0,0,0,0,0,0,1,1,1
499,25,19,20285736,main_ordinary,0,0,0,0,0,0,0,0,0,0,0,0,1,1,1
500,25,20,20285737,main_ordinary,0,0,0,0,0,0,0,0,0,0,0,0,1,1,1
501,26,1,20286718,main_ordinary,0,1,1,0,0,0,0,0,0,0,0,0,1,1,1
502,26,2,20286719,main_ordinary,1,1,1,0,0,0,0,0,0,0,0,0,1,1,1
503,26,3,20286720,main_ordinary,0,0,1,0,0,0,0,0,0,0,0,0,1,1,1
504,26,4,20286721,main_ordinary,2,2,2,0,0,0,0,0,0,0,0,0,1,1,1
505,26,5,20286722,main_ordinary,0,0,1,0,0,0,0,0,0,0,0,0,1,1,1
506,26,6,20286723,main_ordinary,0,0,0,0,0,0,0,0,0,0,0,0,1,1,1
507,26,7,20286724,main_ordinary,2,2,2,0,0,0,0,0,0,0,0,0,1,1,1
508,26,8,20286725,main_ordinary,1,1,1,0,0,0,0,0,0,0,0,0,1,1,1
509,26,9,20286726,main_ordinary,0,0,0,0,0,0,0,0,0,0,0,0,1,1,1
510,26,10,20286727,main_ordinary,1,2,2,0,0,0,0,0,0,0,0,0,1,1,1
511,26,11,20286728,main_ordinary,0,0,0,0,0,0,0,0,0,0,0,0,1,1,1
512,26,12,20286729,main_ordinary,0,0,1,0,0,0,0,0,0,0,0,0,1,1,1
513,26,13,20286730,main_ordinary,0,0,0,0,0,0,0,0,0,0,0,0,1,1,1
514,26,14,20286731,main_ordinary,0,0,0,0,0,0,0,0,0,0,0,0,1,1,1
515,26,15,20286732,main_ordinary,0,0,0,0,0,0,0,0,0,0,0,0,1,1,1
516,26,16,20286733,main_ordinary,0,0,0,0,0,0,0,0,0,0,0,0,1,1,1
517,26,17,20286734,main_ordinary,0,0,0,0,0,0,0,0,0,0,0,0,1,1,1
518,26,18,20286735,main_ordinary,0,1,1,0,0,0,0,0,0,0,0,0,1,1,1
519,26,19,20286736,main_ordinary,0,0,0,0,0,0,0,0,0,0,0,0,1,1,1
520,26,20,20286737,main_ordinary,1,1,1,0,0,0,0,0,0,0,0,0,1,1,1
521,27,1,20287718,observed_candidate,4,27,31,2,23,28,0.132897509687845,0.791783408708685,0.791783408708685,0,0,0,1,1,1
522,27,2,20287719,observed_candidate,8,28,32,1,25,31,0.132897509687845,0.791783408708685,0.791783408708685,0,0,0,1,1,1
523,27,3,20287720,observed_candidate,6,25,32,1,20,25,0.132897509687845,0.791783408708685,0.791783408708685,0,0,0,1,1,1
524,27,4,20287721,observed_candidate,5,26,32,1,25,34,0.132897509687845,0.791783408708685,0.791783408708685,0,0,0,1,1,1
525,27,5,20287722,observed_candidate,5,28,31,3,23,27,0.132897509687845,0.791783408708685,0.791783408708685,0,0,0,1,1,1
526,27,6,20287723,observed_candidate,5,29,31,0,23,28,0.132897509687845,0.791783408708685,0.791783408708685,0,0,0,1,1,1
527,27,7,20287724,observed_candidate,10,29,32,1,22,28,0.132897509687845,0.791783408708685,0.791783408708685,0,0,0,1,1,1
528,27,8,20287725,observed_candidate,4,25,31,2,23,27,0.132897509687845,0.791783408708685,0.791783408708685,0,0,0,1,1,1
529,27,9,20287726,observed_candidate,7,29,31,1,22,27,0.132897509687845,0.791783408708685,0.791783408708685,0,0,0,1,1,1
530,27,10,20287727,observed_candidate,9,26,31,1,25,30,0.132897509687845,0.791783408708685,0.791783408708685,0,0,0,1,1,1
531,27,11,20287728,observed_candidate,3,26,32,1,26,32,0.132897509687845,0.791783408708685,0.791783408708685,0,0,0,1,1,1
532,27,12,20287729,observed_candidate,5,28,32,2,26,31,0.132897509687845,0.791783408708685,0.791783408708685,0,0,0,1,1,1
533,27,13,20287730,observed_candidate,5,27,32,2,25,33,0.132897509687845,0.791783408708685,0.791783408708685,0,0,0,1,1,1
534,27,14,20287731,observed_candidate,7,26,31,2,17,26,0.132897509687845,0.791783408708685,0.791783408708685,0,0,0,1,1,1
535,27,15,20287732,observed_candidate,7,28,31,1,24,30,0.132897509687845,0.791783408708685,0.791783408708685,0,0,0,1,1,1
536,27,16,20287733,observed_candidate,6,26,32,2,21,31,0.132897509687845,0.791783408708685,0.791783408708685,0,0,0,1,1,1
537,27,17,20287734,observed_candidate,6,27,32,4,26,30,0.132897509687845,0.791783408708685,0.791783408708685,0,0,0,1,1,1
538,27,18,20287735,observed_candidate,6,26,32,0,24,30,0.132897509687845,0.791783408708685,0.791783408708685,0,0,0,1,1,1
539,27,19,20287736,observed_candidate,9,27,31,0,25,31,0.132897509687845,0.791783408708685,0.791783408708685,0,0,0,1,1,1
540,27,20,20287737,observed_candidate,4,25,31,3,25,33,0.132897509687845,0.791783408708685,0.791783408708685,0,0,0,1,1,1
541,28,1,20288718,observed_candidate,28,28,32,29,29,29,0.791783408708685,0.791783408708685,0.791783408708685,0,0,0,1,1,1
542,28,2,20288719,observed_candidate,30,30,31,20,20,20,0.791783408708685,0.791783408708685,0.791783408708685,0,0,0,1,1,1
543,28,3,20288720,observed_candidate,26,26,31,22,22,22,0.791783408708685,0.791783408708685,0.791783408708685,0,0,0,1,1,1
544,28,4,20288721,observed_candidate,28,28,32,29,29,31,0.791783408708685,0.791783408708685,0.791783408708685,0,0,0,1,1,1
545,28,5,20288722,observed_candidate,27,27,30,23,23,27,0.791783408708685,0.791783408708685,0.791783408708685,0,0,0,1,1,1
546,28,6,20288723,observed_candidate,30,30,32,22,22,24,0.791783408708685,0.791783408708685,0.791783408708685,0,0,0,1,1,1
547,28,7,20288724,observed_candidate,28,28,32,27,27,28,0.791783408708685,0.791783408708685,0.791783408708685,0,0,0,1,1,1
548,28,8,20288725,observed_candidate,29,29,31,23,23,24,0.791783408708685,0.791783408708685,0.791783408708685,0,0,0,1,1,1
549,28,9,20288726,observed_candidate,26,26,31,22,22,24,0.791783408708685,0.791783408708685,0.791783408708685,0,0,0,1,1,1
550,28,10,20288727,observed_candidate,25,25,32,24,24,26,0.791783408708685,0.791783408708685,0.791783408708685,0,0,0,1,1,1
551,28,11,20288728,observed_candidate,28,28,32,23,23,28,0.791783408708685,0.791783408708685,0.791783408708685,0,0,0,1,1,1
552,28,12,20288729,observed_candidate,28,28,30,25,25,28,0.791783408708685,0.791783408708685,0.791783408708685,0,0,0,1,1,1
553,28,13,20288730,observed_candidate,27,27,31,21,21,26,0.791783408708685,0.791783408708685,0.791783408708685,0,0,0,1,1,1
554,28,14,20288731,observed_candidate,31,31,32,23,23,27,0.791783408708685,0.791783408708685,0.791783408708685,0,0,0,1,1,1
555,28,15,20288732,observed_candidate,29,29,32,21,21,25,0.791783408708685,0.791783408708685,0.791783408708685,0,0,0,1,1,1
556,28,16,20288733,observed_candidate,26,26,31,19,19,24,0.791783408708685,0.791783408708685,0.791783408708685,0,0,0,1,1,1
557,28,17,20288734,observed_candidate,25,25,30,16,16,20,0.791783408708685,0.791783408708685,0.791783408708685,0,0,0,1,1,1
558,28,18,20288735,observed_candidate,25,25,30,21,21,22,0.791783408708685,0.791783408708685,0.791783408708685,0,0,0,1,1,1
559,28,19,20288736,observed_candidate,27,27,31,26,26,28,0.791783408708685,0.791783408708685,0.791783408708685,0,0,0,1,1,1
560,28,20,20288737,observed_candidate,28,28,31,22,22,27,0.791783408708685,0.791783408708685,0.791783408708685,0,0,0,1,1,1
561,29,1,20289718,unobserved_candidate,8,8,16,3,4,9,0.172248998337743,0.172248998337743,0.62000296120522,0,0,0,1,1,1
562,29,2,20289719,unobserved_candidate,7,8,16,4,4,10,0.172248998337743,0.172248998337743,0.62000296120522,0,0,0,1,1,1
563,29,3,20289720,unobserved_candidate,7,8,14,3,5,7,0.172248998337743,0.172248998337743,0.62000296120522,0,0,0,1,1,1
564,29,4,20289721,unobserved_candidate,11,12,16,4,4,7,0.172248998337743,0.172248998337743,0.62000296120522,0,0,0,1,1,1
565,29,5,20289722,unobserved_candidate,11,11,16,6,6,11,0.172248998337743,0.172248998337743,0.62000296120522,0,0,0,1,1,1
566,29,6,20289723,unobserved_candidate,9,9,14,4,4,10,0.172248998337743,0.172248998337743,0.62000296120522,0,0,0,1,1,1
567,29,7,20289724,unobserved_candidate,8,10,18,2,2,7,0.172248998337743,0.172248998337743,0.62000296120522,0,0,0,1,1,1
568,29,8,20289725,unobserved_candidate,13,16,19,4,4,8,0.172248998337743,0.172248998337743,0.62000296120522,0,0,0,1,1,1
569,29,9,20289726,unobserved_candidate,7,8,15,2,2,9,0.172248998337743,0.172248998337743,0.62000296120522,0,0,0,1,1,1
570,29,10,20289727,unobserved_candidate,2,4,12,7,8,12,0.172248998337743,0.172248998337743,0.62000296120522,0,0,0,1,1,1
571,29,11,20289728,unobserved_candidate,6,7,13,3,3,8,0.172248998337743,0.172248998337743,0.62000296120522,0,0,0,1,1,1
572,29,12,20289729,unobserved_candidate,8,10,14,5,6,13,0.172248998337743,0.172248998337743,0.62000296120522,0,0,0,1,1,1
573,29,13,20289730,unobserved_candidate,6,6,12,4,4,7,0.172248998337743,0.172248998337743,0.62000296120522,0,0,0,1,1,1
574,29,14,20289731,unobserved_candidate,6,6,11,4,4,9,0.172248998337743,0.172248998337743,0.62000296120522,0,0,0,1,1,1
575,29,15,20289732,unobserved_candidate,10,13,16,5,5,8,0.172248998337743,0.172248998337743,0.62000296120522,0,0,0,1,1,1
576,29,16,20289733,unobserved_candidate,11,13,18,1,2,4,0.172248998337743,0.172248998337743,0.62000296120522,0,0,0,1,1,1
577,29,17,20289734,unobserved_candidate,9,10,14,3,5,6,0.172248998337743,0.172248998337743,0.62000296120522,0,0,0,1,1,1
578,29,18,20289735,unobserved_candidate,7,8,14,2,3,6,0.172248998337743,0.172248998337743,0.62000296120522,0,0,0,1,1,1
579,29,19,20289736,unobserved_candidate,8,8,13,5,6,12,0.172248998337743,0.172248998337743,0.62000296120522,0,0,0,1,1,1
580,29,20,20289737,unobserved_candidate,11,13,17,6,6,12,0.172248998337743,0.172248998337743,0.62000296120522,0,0,0,1,1,1
581,30,1,20290718,unobserved_candidate,26,32,32,25,30,30,0.791783408708685,0.791783408708685,0.791783408708685,0,0,0,1,1,1
582,30,2,20290719,unobserved_candidate,29,32,32,22,26,26,0.791783408708685,0.791783408708685,0.791783408708685,0,0,0,1,1,1
583,30,3,20290720,unobserved_candidate,30,32,32,22,31,31,0.791783408708685,0.791783408708685,0.791783408708685,0,0,0,1,1,1
584,30,4,20290721,unobserved_candidate,27,32,32,19,25,25,0.791783408708685,0.791783408708685,0.791783408708685,0,0,0,1,1,1
585,30,5,20290722,unobserved_candidate,27,32,32,26,32,32,0.791783408708685,0.791783408708685,0.791783408708685,0,0,0,1,1,1
586,30,6,20290723,unobserved_candidate,29,32,32,23,32,32,0.791783408708685,0.791783408708685,0.791783408708685,0,0,0,1,1,1
587,30,7,20290724,unobserved_candidate,28,32,32,25,27,27,0.791783408708685,0.791783408708685,0.791783408708685,0,0,0,1,1,1
588,30,8,20290725,unobserved_candidate,25,32,32,20,28,28,0.791783408708685,0.791783408708685,0.791783408708685,0,0,0,1,1,1
589,30,9,20290726,unobserved_candidate,26,32,32,22,27,27,0.791783408708685,0.791783408708685,0.791783408708685,0,0,0,1,1,1
590,30,10,20290727,unobserved_candidate,26,32,32,24,35,35,0.791783408708685,0.791783408708685,0.791783408708685,0,0,0,1,1,1
591,30,11,20290728,unobserved_candidate,28,32,32,21,27,27,0.791783408708685,0.791783408708685,0.791783408708685,0,0,0,1,1,1
592,30,12,20290729,unobserved_candidate,26,32,32,19,25,25,0.791783408708685,0.791783408708685,0.791783408708685,0,0,0,1,1,1
593,30,13,20290730,unobserved_candidate,29,32,32,25,31,31,0.791783408708685,0.791783408708685,0.791783408708685,0,0,0,1,1,1
594,30,14,20290731,unobserved_candidate,29,32,32,25,30,30,0.791783408708685,0.791783408708685,0.791783408708685,0,0,0,1,1,1
595,30,15,20290732,unobserved_candidate,27,32,32,27,32,32,0.791783408708685,0.791783408708685,0.791783408708685,0,0,0,1,1,1
596,30,16,20290733,unobserved_candidate,27,32,32,22,27,27,0.791783408708685,0.791783408708685,0.791783408708685,0,0,0,1,1,1
597,30,17,20290734,unobserved_candidate,29,32,32,19,27,27,0.791783408708685,0.791783408708685,0.791783408708685,0,0,0,1,1,1
598,30,18,20290735,unobserved_candidate,27,32,32,25,29,29,0.791783408708685,0.791783408708685,0.791783408708685,0,0,0,1,1,1
599,30,19,20290736,unobserved_candidate,29,32,32,25,32,32,0.791783408708685,0.791783408708685,0.791783408708685,0,0,0,1,1,1
600,30,20,20290737,unobserved_candidate,29,32,32,24,31,31,0.791783408708685,0.791783408708685,0.791783408708685,0,0,0,1,1,1
