structural_pattern_signature,full_consequence_signature,scenario_count,ordinary_scenario_count,observed_candidate_scenario_count,unobserved_candidate_scenario_count,structural_seen_in_ordinary,full_seen_in_ordinary,novel_structural_vs_ordinary,novel_full_vs_ordinary,D_total_min_kg,D_total_mean_kg,D_total_max_kg
014e8f856dfe61d804866a84af615449aa436553f838e78536052f7439e5e800,ed40c9b97eb9e470985181822247acd05c8055e2699d7b26a43b2b03c277b3e8,1,0,1,0,0,0,1,1,607.969887897881,607.969887897881,607.969887897881
018f7b3fdb186d4f6a057769d28cd4660daf68bc27912a70e63a8e2867862c45,4154d854adee897ba43cdc7ddd254eccc23c03976e55fb3f318b9d6aff2a8300,1,0,0,1,0,0,1,1,494.503995854131,494.503995854131,494.503995854131
01b9472b39209eda0dceaca106ab8608420a3b5584e89be9524ae0d9d730c388,99a48efe97cc270f00a37a118767e6b47e8f435128d257f0f6d6fa5ec676a394,1,0,1,0,0,0,1,1,224.749747702043,224.749747702043,224.749747702043
01bb752610fa7cc501fc95d03006e4470231df87f249e11ad38cc29366849685,ac1af28eeb4ec6cbb0a70827bef5dfd696ac73e934acba59be520a80fedc8084,1,0,1,0,0,0,1,1,217.385374901126,217.385374901126,217.385374901126
021254194a7ed7d728ec51f0bbd1805fb7db1be9e26df79e4ed9a2e021d6928d,22d5ec3f7b4102a2ef5174099a4d40c466bd88c57327331ce7ad426c07d5e94e,1,0,1,0,0,0,1,1,83.7356462919019,83.7356462919019,83.7356462919019
02498b7c0b86b9273d4a15cbc66ec5b5eae3b3b4d709340598a9af34777a7a1b,01cc2ceaec1a322b5b25f434559ab1b714c37a6729425350bce376013a52b674,1,0,1,0,0,0,1,1,607.969887897881,607.969887897881,607.969887897881
0289c528a551f618c95c442e17fa25c0c0b6426af60708f4fdbef1cea7dd3f32,5f597b99915b073c15c93beef656d188d7af919a86cfa22a9a8ab4551b4c8ac7,1,0,0,1,0,0,1,1,562.147123803289,562.147123803289,562.147123803289
028c2542c8c17db4e9a28b663463892dccd24e08bee86ffb6d5f88948afc21c0,c77102e8f6cc2a6f603737fcc0bff5e9cd81a6ecc0ce24a3aded411502613ab3,1,0,0,1,0,0,1,1,451.136022693178,451.136022693178,451.136022693178
0317a267fbabdc05d0731d65953db81a3bc60bab85707679eebc319ad7db5692,4af8662b05215806eb777a1b6465d1dcf8aa90f67533e907109b035ef3d56334,1,0,0,1,0,0,1,1,607.969887897881,607.969887897881,607.969887897881
03522a6e8d037c82453dddeea8359cdec0dce60da662af5a3425cd0892f2ac27,b639f63264f16bcf39afacb5af2bd9b76e96c7d30e242f26cca7442be36c0645,1,0,0,1,0,0,1,1,576.875869405122,576.875869405122,576.875869405122
04203ef5f945ac9e2e636b2fc70e38394a29dc6e895d4927a3387d1908cd5c37,80ed37f9d7e994d91c34d2f3d0db46950f81ba0ef5dd38fbacfceafe90179cc7,1,0,0,1,0,0,1,1,566.511196574203,566.511196574203,566.511196574203
057f1a7eb3cbcedeb975e2e2dd68170038df07cd0cb1cdba37c7106d8c9b0ec8,15d19b40abdda940090c03b839aac7e9bbf71475243b7da35db5ed38b7cc08b8,1,0,0,1,0,0,1,1,375.583012846739,375.583012846739,375.583012846739
0580e52bb6e159ac00a4e5b307a5fc8ef0b3a1506d650e279420fb57b5eb3a9b,1700ceaec584b151c13cc01ed6e8e80198f832efeb71d47f347254bf1bf54ddd,1,0,1,0,0,0,1,1,271.663529989363,271.663529989363,271.663529989363
06e1353b5ce8fe06c50d3ffb0af8e205630bc65648bc5292a74bbd6f670fef15,41cbb2e80f46e40499b3e192dfc985ac280f65eee0a9991b3998adc29185d12a,1,0,0,1,0,0,1,1,571.42077844148,571.42077844148,571.42077844148
0707c038f7bc32f51a4469245a8dbf2d5bcf9de46b0d78b81ce9622ee31b8201,2f6d5135976582c4074ee8ffd0471137b1b0c2bda477a89d068451d54364c39f,1,0,0,1,0,0,1,1,607.969887897881,607.969887897881,607.969887897881
07c9f9074488fdaa1b9a1488ffc8e43687980d755658f0c1212f72a53d6cd47f,d8f66868925dbabff276b4d4c3618f2b7af3ff3d1b7bd4a713bd5445edcff912,1,0,0,1,0,0,1,1,109.374573821018,109.374573821018,109.374573821018
0867f8462a0f860f7b012d587020e1159183ed28a2ccd4bd4c6dcda1163fcdd2,761543ccd8a23b1fa1867d69b00c958ed19754e1d0eea71f60219168a024c109,1,0,1,0,0,0,1,1,374.764749202193,374.764749202193,374.764749202193
0a631259e80f7b95dce256166927670cb934658018a90add69d8ed328eaf268f,7529d4042830b983c018e54fb04fa2f07528ada1cc0ce897c9e581b28769fd69,1,0,1,0,0,0,1,1,394.403076671303,394.403076671303,394.403076671303
0a90cdce4ab2436df904738adb77a4b06bda3efedd321ff6b495ca6c1694ac42,3e3e56a7c1ff53e654a2e29f66aa1e57ae7714f80a9cef91ffa67522fa68b9e3,1,0,1,0,0,0,1,1,415.132422333142,415.132422333142,415.132422333142
0a96bfac21c4ebaf7658f60abdaf7276be693f726fd3cc1a2d752aeee6ea8bb5,8664f840426b13dcf904bbf9b4bbc3e47e4ac11b4758ec508f051c627a7b1afb,1,0,0,1,0,0,1,1,480.04800480048,480.04800480048,480.04800480048
0adb185a5de27a27691b94aaf5635083bc9bcc23d52e2af3d9d2a3fa8ba27907,1510ac665b51d502ccdf055a7a17b13412e359e8813005e163c52b8c5a929c62,1,0,1,0,0,0,1,1,287.483293783924,287.483293783924,287.483293783924
0bad182395945812ee2109fcffa632879ff5bd5197ec5b68c4060cc2dc54d8e2,2a87a362846832ea0e8ad7c8e0603f3df89a539a2c33876f6a777c27c6ce88cc,1,0,1,0,0,0,1,1,322.395875951231,322.395875951231,322.395875951231
0bd51b7a97aabb56257dc8a1361e1c78d07c55134d58b7a373c6410c01902464,d11a799aa6ab6a9489c86130176d31cd299a6eb417c404b19013046274dc8f1e,1,0,0,1,0,0,1,1,39.2766549382211,39.2766549382211,39.2766549382211
0bde6b4cf053cd33de794c0c1109d45e85fdbdca05e10d24e50b3cc091c04cef,2487ca5e51d34408725f7578fbd4dbce0f1e3f7d71dfffe5838d6a9882fd011d,1,0,0,1,0,0,1,1,607.969887897881,607.969887897881,607.969887897881
0be5eeca0c0c13754203e6973b1c2d68699ea7dde5daa9baef185ebd92f5a350,9695833084d66c01a56a8b27ae5c60e460c22ba3c65b21e3fb97e19d95d31f85,1,0,0,1,0,0,1,1,607.969887897881,607.969887897881,607.969887897881
0be8048e1277c290939671122976753bf4918c6e4902d177f966a3b0bc310a08,a9948d9b82a171caee5749d130a8374c06cbf3aa7adbaf72ea34dbef8782be7d,1,0,0,1,0,0,1,1,273.845566374819,273.845566374819,273.845566374819
0d73a91d2a1e46c9263b98783fdd60b61278d6db4458fdf032080bb90f81e838,5a7717ab00594c7f03ad3e18d2608a358ba9d2c90e5b1544064b93541f620fc6,1,0,0,1,0,0,1,1,101.191937375556,101.191937375556,101.191937375556
0d811d3f301c75a66185908f6372211c8c6c1980216fa205d77b5a413e2ce0de,fc970268a6b76a5dd0463172eb8cf066fb8a5fcdaf008c7654ac1973705de1c6,1,0,0,1,0,0,1,1,558.874069225104,558.874069225104,558.874069225104
0fb5004deadae459c4b1fb8cf57d5f7646616d91f2831d81ae3a25e78e4ebcd7,3099e670014efd738156a02c056413b6c4814b1fa89f5e24651c7b30ba98120d,1,0,1,0,0,0,1,1,97.9188827973706,97.9188827973706,97.9188827973706
1137637f5d56d84ce3eae7a951870a4807daeacaa0080c0c6a4a372ea1e51476,17daf71302916f8e3ba25a0827f078a517215523fe55a476394fc3f10b6d00d3,1,0,1,0,0,0,1,1,250.388675231159,250.388675231159,250.388675231159
1143e2bf0c26b13319c92b26de9e9aec664afa82547bf141b250c223d8d6426d,3b4bf1781f6c78f0d2d0dc5b947b2f1f09eb317ac16bfcefa59348ac7bdba798,1,0,0,1,0,0,1,1,22.9113820472956,22.9113820472956,22.9113820472956
117349681ac6a53eef13e1e8c9d0b9b2cda4ad1b5887f1607747aeb15e9c951c,985325b75b83634a3e660ed8dabbfa200d147d22cce0e78c9dc6345c3bed3562,1,0,0,1,0,0,1,1,224.204238605679,224.204238605679,224.204238605679
13e16c985b6024c1ec37d9f825ab0793db735fb2026db6437919663003bd56cb,3fad5b53b30582355c238265850770dd2c2709864d1c7282b4ff676078001a75,1,0,0,1,0,0,1,1,218.749147642037,218.749147642037,218.749147642037
145a3af084fc6ee133ddd9e6de5e7a632c1c30176acda399f6a1d1242a80ce93,07648542ceba1b42f9805fe07ecb656573d1abd17646a64177874abd9fbc0057,1,0,0,1,0,0,1,1,472.683631999564,472.683631999564,472.683631999564
15c53aaf37254455ac1a97b3cbc2f7f52c7c4aacbb3569c6c7a6c8120092f240,324655d45e35f12bdafe081e9e073180ed1185b726c485f62fea5a3f30e1e61e,1,0,1,0,0,0,1,1,153.015301530153,153.015301530153,153.015301530153
15d2473f57dd9273e7f1d943f8ca78440f0a58cc040a44b6558bbf46320c42ce,3a2c8556826b63366f7337e82a1d2b76296fb4ff8a8981180b88018de490bf89,1,0,1,0,0,0,1,1,405.313258598587,405.313258598587,405.313258598587
15ee2b66898a038e95433c55fe41d7c8fec06b390b93840fa812b92828ee1841,7275bded9edefaf04ae9e46e911dfd67a90cb8d01b919f8d9808222959ffe4cc,1,0,1,0,0,0,1,1,490.685432179582,490.685432179582,490.685432179582
15f065cbb57bb791945ef05ddf96309f9033d6c1652ec54b7789f3c3b03c8b94,88e17e795eb3998ae5d9f35ee2650b51923f475e1d9398ea9f0ec1c41efd5418,1,0,1,0,0,0,1,1,126.830864904672,126.830864904672,126.830864904672
1670b1f2d80b8e6d1ba9e19c9b6c4c2e5a20c773bb547fb43f0368e35bf19e9d,f6df87635a6a62e8e278f9879ec37822d66a74abf3899386344153f2156a97a2,1,0,0,1,0,0,1,1,487.412377601396,487.412377601396,487.412377601396
17a312b89659a98a29aea146015f62ba8743ef458525b09630d18609e60e3655,c9ee8bb88d66eb7929733799c9cccad56effa5c84d90b0bc0a3e8cfdd96e08f5,1,0,1,0,0,0,1,1,238.932984207512,238.932984207512,238.932984207512
17ab367e0301926a3b1fde5ffa50e6376b0481c690a9e9611dbfebc60b4d33b1,29fdc45da7c8db028b21bb5f776ef96e48c552c8ee911057b4527d091867b79c,1,0,1,0,0,0,1,1,297.302457518479,297.302457518479,297.302457518479
17e508622102302965e43cd3612bcf259c6d15d64060e4f952eaf1b77e2cc0fd,b6cd96a622213febf5a9186369b1327f533931a0dcef0744e5ed5d33e8938418,1,0,1,0,0,0,1,1,131.74044677195,131.74044677195,131.74044677195
1a419ce9f2a7426b8dc54f3cb26b0436dae2f6b5726a0efb2d767641cdfdf50c,ba4c01352c53525c12db8e67dc16a3a22b7a08ad9f7c1ece67f9dad8a99a3be0,1,0,1,0,0,0,1,1,355.126421733082,355.126421733082,355.126421733082
1ac7b53fb399f1b448e28b6d8d43b5ab1e7d92dc34d4cec4dd0c04408bd35d38,38c7030c38c36136626c52f283aa91f8b9a9504dbb73ea91527529097e8aa77f,1,0,0,1,0,0,1,1,607.969887897881,607.969887897881,607.969887897881
1c1dc487e17b13cb3a4e635cc7ca949b76786b175afe1032cfd8cd54309cdee4,b47ddd26e746d9bd756933d3c0279cfd3ddb43029b4b95ad12eff0d06ad1f963,1,0,1,0,0,0,1,1,582.876469465128,582.876469465128,582.876469465128
1c1f31702296bda605a407a2e65296d4f798f82edaf0309c9812b2045fdd277c,6b137735ac7c3d2e3a05ee03b73c290dd776e456165f032715b61d3012c2f477,1,0,0,1,0,0,1,1,602.514796934239,602.514796934239,602.514796934239
1c617676b3dcfa9968310c684e08639ffdf0a93184f4bfe6d55c8854dec22254,0f329bb7fe077d0d5efdfb70d2560b8ada90b9e3068c3d576bd0a4b8d41ef8cf,1,0,0,1,0,0,1,1,568.147723863295,568.147723863295,568.147723863295
1d0fb5db3014d47545c9b0f6d0022c9b91d8e72cf22ab73f299363524eab3ffe,cfd2221c78b21e412e44bac7bf268874567dbd245cdbb9b5aa95f0cb28fc2a72,1,0,1,0,0,0,1,1,607.969887897881,607.969887897881,607.969887897881
1d49a71af57a4f257d18aa68d666baab802b10268fd8770ee28b65a3520eb9c5,53efab841b571a89566061eb0e9cb299cf06f6e278a3844e44a70a7b84ee9857,1,0,1,0,0,0,1,1,243.842566074789,243.842566074789,243.842566074789
1ebf05cd7ee7d8cfbe02e7e4d32291e26dcad6c252ddfb5fc35da01848eda4d4,749947c38501b79d18767cd2943be67af8a1e79ba7cd2442cc992fc820a6e0f0,1,0,0,1,0,0,1,1,607.969887897881,607.969887897881,607.969887897881
1f1a3987bc3d9c0ab7f2f52c42b1322353d15f8c2d4f59a134df1d0efe8ba769,bf9097768bb2fca7e3125786352fc01c48fa9e53c12935c57226b84ac3df5b2f,1,0,1,0,0,0,1,1,405.313258598587,405.313258598587,405.313258598587
1f929e9173e5dc764dae4cafe45e84371c6a6aeb4a8a22cab98163989f5f40f1,6cffdbaf9ba94bcc1c8447c625df324a79cf33272de7235a741cb9b706de89da,1,0,1,0,0,0,1,1,607.969887897881,607.969887897881,607.969887897881
1ffa0c2398db46aac424b2877d8123c067df231e94f2a287583cac5558256505,f34719254c8b4b26473c54e9d698641b889538bf3cbbe5cf4106c46767121cf6,1,0,0,1,0,0,1,1,607.969887897881,607.969887897881,607.969887897881
1ffe5d9555db88da21a546e60f582c2fccf0abb3594986fe7f2a1ea040f97e3c,47dd79cdc6163510d7f982af387fec27b6c1d722eb0d14197e82820460bacf81,1,0,1,0,0,0,1,1,146.741946921965,146.741946921965,146.741946921965
2016060419d1452451e62f1d5077ec486e6846950d647f3666a66f10bd30b7d9,2807834a9b2bf5d532add24a8691723776205ee3fe56cffe1c34ebf1976db80a,1,0,0,1,0,0,1,1,607.969887897881,607.969887897881,607.969887897881
2093d5a43c03c3b1e9ee0e518069648933c9b0d3f18a1c7a2fefae328a4e5bd2,177575c2200cb2657b415ab025dabd2d8b88bdfbf75f3d82df2d3e88a95c9698,1,0,0,1,0,0,1,1,607.969887897881,607.969887897881,607.969887897881
20e5e0b0674f710527ac5ffc15c24eb3e5ca9d0710120b08ef30478766e4b9d6,ef5f842dba0e3eef5d9a9434cdfdaca29f28439d414df19b3793a88600fe20ca,1,0,1,0,0,0,1,1,405.313258598587,405.313258598587,405.313258598587
23cb356813f6222c3788465314587750263b3f4ff80de1cb76bf2739542ac469,574a82b85a44a944a499dae0f836615b5b6d05089e49ea9bd37aa9e2f0a7ff66,1,0,0,1,0,0,1,1,607.969887897881,607.969887897881,607.969887897881
23fa34336165cae821975453581a6a4eca3b9d9e49a70381d4a32e34985c71d8,5abc6cc511532beabde92b1ace2820a7e1b3bf31d5e53839d4b70264c152d853,1,0,0,1,0,0,1,1,607.969887897881,607.969887897881,607.969887897881
240dbe7a49fabb8792fcb872fdd16c4bc8993d0cee6ae025d07d531cf9dfc136,9eac8587790de53bccce47fd349ff53da6f83a9c81a6fcf5a2c0864aa5a5f1c0,1,0,1,0,0,0,1,1,332.215039685787,332.215039685787,332.215039685787
2467055297728836143c24274095e968308a1952090b27da483b63806f4caf3f,094f232d46cf189efb2c5f58bfcc49b4a4ba3d1e4b0d5193cea8bfa1bbbc767c,1,0,0,1,0,0,1,1,607.969887897881,607.969887897881,607.969887897881
252511ebc67c685476d6c10d2fbae1c547c2e8e881b0d7c28ecd49e47caad7a1,18856cc476ebad8bfd22a21617f67b05fc67f0750467b66f2b890f1af7573601,1,0,0,1,0,0,1,1,252.297957068434,252.297957068434,252.297957068434
2544128cf014023abeb7be54ceac10d601650a4a0bd1b6c5fbbc6576fde53159,81497398ceab609059a0a5eb61cd811126655c7f218d9b4d242b82baab94442d,1,0,0,1,0,0,1,1,568.147723863295,568.147723863295,568.147723863295
27b2be6a3d70e2d7d7b604b527bb4abb95c0e883a7137ddc4059d2fc8f631034,ff23ef48baf805add26a2fa1c1b0d8d5bd6fc4e65e62218e495eb64d1af209b5,1,0,0,1,0,0,1,1,343.670730709435,343.670730709435,343.670730709435
27f4a821a201a7716e426b02c5fd35a24f9885b412869babe0d7fb635cd20be0,fc5b4558963d4d0637c6acab223c77d08d869833639718b5e0664251414fb21f,1,0,0,1,0,0,1,1,576.875869405122,576.875869405122,576.875869405122
29ff3922a47397c4aa87d1c9891f157c6376a268780d672b4144a9308652371a,3f144cda77d6f034217da394b18f41954bce68a41b4cf3785eed1ca48a7f1a3b,1,0,1,0,0,0,1,1,384.583912936748,384.583912936748,384.583912936748
2a846e4cf18d393f89ce3bf4541fc571cba165615cf3a85b24e2c0e690dcea0a,be9d52d5bcf540602307c0aba2b23b1669544d5b59e9ddb78ca4e29633690123,1,0,0,1,0,0,1,1,607.969887897881,607.969887897881,607.969887897881
2ab92d1e1e7aefe41f1c6b12e0a631244d0cbe9c326c1affaf017ef642c5bc11,f706f0a3a8d96c5ed2919572e5cd1dd7d889ca1913f5c50b6e7b269cd17f6e8d,1,0,1,0,0,0,1,1,607.969887897881,607.969887897881,607.969887897881
2af6783a70c365825db49c6e78a8d347b9d3e102c4cf7dcb03c40021ae85b3dd,bc86230dbc9ab92aa7c6ab1308a1bc0cfc78b15adf85be24f067292a82d7b342,1,0,0,1,0,0,1,1,607.969887897881,607.969887897881,607.969887897881
2b26d023f3f5f65460cad3ce29614e5c578af5077daa92b0f73795872fdfa7fb,471bdd6f634860e7d0a147c7d88fb7b2d036c7d8ff858c1d5ae52569f97ecd13,1,0,0,1,0,0,1,1,607.969887897881,607.969887897881,607.969887897881
2be434e4a51b414893ded114c72406b7eefa8fbdfb41fa7ae3bc0f43dc840dae,0b79413f3d4a3fb9c9681a82828c5d8c99406a809bffe1dade739fddbe232a11,1,0,1,0,0,0,1,1,607.969887897881,607.969887897881,607.969887897881
2c4e1117adb385a085302ee2e751bbe6132edfda771d17ca682eb6619e9a7b89,4ab49005fab1b17bb55548adad3019fdc90ca684c2ec817dc4f942211ab64d32,1,0,0,1,0,0,1,1,567.602214766931,567.602214766931,567.602214766931
2d0c492eb30ead543b3e10c681681d0c8d5f97471c00351d1e19f5e49a0a9f98,98207196e29756f583ab8203f33c6461d4eac52eaa1a73c3e5e28f63b688b924,1,0,1,0,0,0,1,1,45.004500450045,45.004500450045,45.004500450045
2df6e9b36ec494a07452c310175969d2fd1970095f365877a9011ceec400a147,5c172375454baef158dce7cdecbcf31e661f382d64a2cb787eb45c355b802e53,1,0,1,0,0,0,1,1,200.201838365655,200.201838365655,200.201838365655
2ed9de964375802add8eb968c5275e42808c38775481da597db1f0815c966422,dbc2ae645f645ba5d73b914afa57d38e011925d8f8eefde61286cf7381a44ef6,1,0,1,0,0,0,1,1,202.656629299294,202.656629299294,202.656629299294
2f6ad13f8a472970eab252cac606e760bf1c6dac5a14c42aa2f04e2f5f8973fd,0d008bc977537cfbf1218159f812f714ebd87cdfe6164de402075362d609f597,1,0,1,0,0,0,1,1,520.688432479611,520.688432479611,520.688432479611
2ff5ae2b4a0d7045c40c431544610a4fce59ce0ff7897a324ef8c8ac09532f50,06a9079154de8ad7d9e6adfe0b57c6524b152728c8b552cc2a69e5bff247d291,1,0,0,1,0,0,1,1,607.969887897881,607.969887897881,607.969887897881
308fdef6c910dec7813c00a5fb8e54f210ad09842b5597a41dd17e98715fc2ba,6a6ace6ed4170c3f03d927fa94d18577972e0d0c129b7fe2fe09d01efc14cba7,1,0,0,1,0,0,1,1,552.873469165098,552.873469165098,552.873469165098
31d842ed735ef888bcf3e968fc2c54942e8765e816386367c261688116de5ff8,b03e904de51a241859ef8bd012b4dd0142e66a805456af45ffee586ade77af79,1,0,1,0,0,0,1,1,172.653628999264,172.653628999264,172.653628999264
3218e2303506af393057b4acb54fc5314e2454bf37121dab58f84cfc6548c9eb,d6129cf5851fbec17bcfe0742018ec7450dd47490a5dbef717c775a5eeec1456,1,0,0,1,0,0,1,1,312.576712216676,312.576712216676,312.576712216676
32d0338d83949c516f8203688e2b031bf52cf919ac3c4c5757aade96f4418586,0043f2b82e6fb6d1f72136b83441643b7886a2a364fe4132e77bef1f0f8780a4,1,0,0,1,0,0,1,1,607.969887897881,607.969887897881,607.969887897881
32ddce4acc696535c5afb9d4950b33cabef273691d7719bcf3637e9db25202b4,78b3af23191f9855e199b91b9e9140cfb96c210b3073500f9fb9721f1e5e3f46,1,0,1,0,0,0,1,1,109.101819272836,109.101819272836,109.101819272836
341240e941a27c1e3443f8a745a42a08d668385b4eb77041d706b5101b1ba368,80228b268b0f311e3d81ea14b2bf2750431790ecd66c058007431f12c551ed30,1,0,1,0,0,0,1,1,306.030603060306,306.030603060306,306.030603060306
348fde09d68add3c68f80f78f547c21cc296e1924ae732d1fdfe62f82555397b,2b03738db350d89d460df363974dcf39454d6ae3b0fb7ec8de34a1c6d9ce4cf8,1,0,0,1,0,0,1,1,235.659929629327,235.659929629327,235.659929629327
34bfc41f4dd5654389d2995cafb03dbc9d114480a5f7387f1ddb6c5a574b65e0,4de7364c1cbdfb03cd114ac2ba14042e3c3d001d40f4aace6172709bdd855950,1,0,1,0,0,0,1,1,73.6437280091645,73.6437280091645,73.6437280091645
354f5874b38ffb66ade78243398378f0570c7f2d3fe41024e5462c70b05d98ab,d6d702a3e7def2fc8323570a7feb35422f9e551f0c19f7dc8100bcc74be058d8,1,0,0,1,0,0,1,1,121.921283037395,121.921283037395,121.921283037395
3564278b814642f87e3363d0573f61c79b44221142768a1a9643cb3393e4f952,22e696ebaac6403655a728b077649a1ddd3a24088f1e755c0c4c406b324b6170,1,0,0,1,0,0,1,1,389.766249352208,389.766249352208,389.766249352208
357f9dd9c986652eaca043396423ced821c16372a39797c9bf73589a335b2335,213e160536f98b0a608b96d3fb7ea0e9c7577ffb3c7bac98386d60124ad53f9e,1,0,0,1,0,0,1,1,607.969887897881,607.969887897881,607.969887897881
3610a15dcae8a50bc7cf5352eee0b95c2183620cf5f468b234d8ad8ee576a9f4,e41a387ee61fb838a8c3a742b257af195aa662d1f8aead973f38d47d20160734,1,0,1,0,0,0,1,1,129.558410386493,129.558410386493,129.558410386493
363b28be0f32295026f9513450448639c2205941fd43320c937ea57dfceb316c,34651691342b7cfc4414b9653337cb8b4596eeedfb6d1c0a257773653ed154a0,1,0,1,0,0,0,1,1,503.232141395958,503.232141395958,503.232141395958
366303206267759043c17803a02351d179a2c51d899baad8143bb9ce4431f17a,341e2fe3c7b7721eb06cac2cea7956cbad8af5ccd42682be2455006c51bd0b53,1,0,1,0,0,0,1,1,405.313258598587,405.313258598587,405.313258598587
3725f0d15d683f0fbe75b8e6bf601f0b00de2c52ef5335e2448c62c0eff1de3c,23c4ac3fa994c908d6c048a944ada98ab7c8346773db7669f9cb907a2971f8aa,1,0,1,0,0,0,1,1,58.6422278591495,58.6422278591495,58.6422278591495
3754c5dadc9704e89914c6d56f7601e8713693a2fbea3c3a748f66f089100530,d6e36b6881068e09f37e7dd389012d10f6a6b4d3044e514e27a539ccab55e750,1,0,0,1,0,0,1,1,607.969887897881,607.969887897881,607.969887897881
3792b0c5a3f2f3d697f6e9ab418bade470cf118995933cf7701c0b49f83af2b0,a0bfcbe2c0d7bf7dc0d5f7816cfff1e2d9780e325787ad6f5b75edeea12d452e,1,0,0,1,0,0,1,1,541.963287237815,541.963287237815,541.963287237815
3817bc558152e86fc747c931fb37cdaa8e655a2060972221c8b45162fdc58ca8,3f9f8a388b24095cc8e2b4cbd84dbd6e9de4e000723c9da69c22742a88681a78,1,0,0,1,0,0,1,1,587.240542236042,587.240542236042,587.240542236042
381eaebfdd59c3200001c340ac138b33374b63ac6bbb14e22889637bc2006481,fa1ce5e985855f7166c5e5fb7eb1e0277228de34c8dd2cc28f811193d6627441,1,0,1,0,0,0,1,1,405.313258598587,405.313258598587,405.313258598587
3844eb34c2f58bfcdc43ce16487a20bddffe5d4b7c01fab4b1cf057179d26244,eb7c1f6d6909ad344bcad61f7b7dc9f87bc9e6b0952d29c1142246a6db2ac853,1,0,1,0,0,0,1,1,405.313258598587,405.313258598587,405.313258598587
39505e89277187ca9e6d9428c43c3a3665628aba17bcc4ea957adfc045824ba3,e152ca94b04ebf1eaf688bed79cabad57e625c4c3707f85599f45a7b94088eb3,1,0,1,0,0,0,1,1,88.0997190628154,88.0997190628154,88.0997190628154
3980711ab311aff0f5906b54212564070c4d83a732663277232cd8ecd9e448ab,1ba4669546cd7e1cf3afdffc05fd862cc9c8613cade1d83716eff6e700540d2c,1,0,1,0,0,0,1,1,546.872869105092,546.872869105092,546.872869105092
3a3f8d54821173a09ed522a8962fc4e2396ce834a93904339c41f2e53cdf7c67,ac89072d89568d6728bec0efd0e25b0aa20b6821e50ddefd920fda2321e635ac,1,0,1,0,0,0,1,1,607.969887897881,607.969887897881,607.969887897881
3b066d9f67fddb556500d31b5eb084497ff5b3c616e96f092a6665dc21885dd0,bd12e696d4d92e6872178a1e69fcc751f40ae949ca69b5980b31e721c2403b4d,1,0,1,0,0,0,1,1,520.688432479611,520.688432479611,520.688432479611
3b75968cf221e014edd5e61e45efeda85560c55292da57e45ba93b4b0e6deaf7,6f3559b1b3ed1d6016d8381173119c39eb26fe2279cb105cd7d4ce63e0e61da0,1,0,0,1,0,0,1,1,557.783051032376,557.783051032376,557.783051032376
3bd6cc4ceb544aae27fc04537001a5f9fe9b9066749563bb8f02b5a238041fe7,a0fa57d9b81a2a98222742891517dbe1d843b3fae90af03d6941cecad84ab71f,1,0,0,1,0,0,1,1,310.940184927584,310.940184927584,310.940184927584
3ec464c541a2f93224ee569333bbef36d6d3555ff4b39a8b180e2fba423995ed,13d9ef681abf7fba7b10fd298bf11e5fcb56fc52637c33263a70b37e572bef1e,1,0,1,0,0,0,1,1,607.969887897881,607.969887897881,607.969887897881
3f33c9a68346429bf190c707866d4f4eaf0bb8d19575be71014c10cf53adff2f,73f35bfe1d8844dd146bd462078ce9323a20993dcd1aa81d3bf19411368e9c90,1,0,0,1,0,0,1,1,433.406977061342,433.406977061342,433.406977061342
3f4b9bfe62e83f0da7b282a9549c1fcda640883990158f16e0333d079e3a13ab,c1acdabff3f376aeee430f92a001c8a264100fcf72d56a98ea591084a42aaa57,1,0,0,1,0,0,1,1,105.010501050105,105.010501050105,105.010501050105
3f7520cac0863300169732273897880ef2317231a5286734871f2991a2fad055,6a0b0364cefaef267d99f1f6cfb20bbb292f3069626695f3e733822ca989d55a,1,0,1,0,0,0,1,1,135.013501350135,135.013501350135,135.013501350135
3f767968d74ff9e4af99df1fb65c04cccd9c2185545a4ee949ce6970a9e26392,aaf6142db138f205702fa87d330007c278bdfdcfe8c39b1ead0a52881e34008d,1,0,0,1,0,0,1,1,607.969887897881,607.969887897881,607.969887897881
3fc67e5f812969799480d4eaa52f0d3fafecb07b19948220dcefd2d5d705bbc6,cc585e687fb4bb4f0a9949bb7ab4a9f635edef5cc98894fcd66dbef8af4e1203,1,0,0,1,0,0,1,1,60.5515096964242,60.5515096964242,60.5515096964242
3fd695d42bdaa6c3fa231cbf560821931953fcf13dde437ebbc427ae4599ccd5,7adf6dfbef851dc73dd6349dedc5f6bf8b2c094425a192288d607f000fa9b379,1,0,1,0,0,0,1,1,416.768949622235,416.768949622235,416.768949622235
407af4f94833ab686b52bb265a43b3419ee3220a35b65393efb5faeae7c17459,2524858524fea7b19315c4bd7eec9083d38d76461ce2e1aa1c7ce5663e1dd986,1,0,0,1,0,0,1,1,463.955486457737,463.955486457737,463.955486457737
407ee411f3f5b2828c9f530224d61b749d946cbc8e96b08f02948bb81ea5ada3,7f3e42f84be259e60c5314aa2b0d2d27af388a4830def0549730fffabf35f62b,1,0,0,1,0,0,1,1,108.829064724654,108.829064724654,108.829064724654
40d4d3b85d4d6b2ae1b8a8d278b44337eeb4732ded357e41a5af345eb8795c9c,a51449698223c7adadfa04478b41ccb2593b4abeb7c4978ad7ab290661ae5cfa,1,0,0,1,0,0,1,1,380.765349262199,380.765349262199,380.765349262199
40d7b46bbaceac9f8ee21c5b9e18feccc3e3ddbcce60d9429908efb741d63f51,7be23cd6f8fe15e9d3a0865e308778bd7a9c4ad4cb9b987d4491773a1a5c71a5,1,0,1,0,0,0,1,1,83.7356462919019,83.7356462919019,83.7356462919019
41759692a022cc5e723b5d5069101ae61a339489656d5298b0d9be7153fd97d0,d0530084b3985c64a61bf5cf67010f0bd0de6f4c19f2a223620ccad38b9e498d,1,0,0,1,0,0,1,1,607.969887897881,607.969887897881,607.969887897881
421541f4d46742d16eb4a1ab038129964d34b7424cbb21edbb7d87a5c2d43760,869245c6a0d8e1eb3213bc09a0c324d3fd312f6b79b2f5e3f786ee79c0757068,1,0,1,0,0,0,1,1,243.842566074789,243.842566074789,243.842566074789
42a64998c77ccf93662331e8fa1be3279d4cccfe74b2b88f0fcf0e3e065fa023,50d2fe489098bf856c9fa24d782d9f0de82f154eaabfcc2a61e100ebcad70bfb,1,0,1,0,0,0,1,1,405.313258598587,405.313258598587,405.313258598587
43d42be8d24f1d4023f2b5340641e0e1d61cb8d9eab77b4baa8af12e1633b8c9,0533e3f357bae94b73516fd307f249e7100816bac162d437cad219d04039311a,1,0,1,0,0,0,1,1,607.969887897881,607.969887897881,607.969887897881
43fa1c31734e97c1daa7dc5d8d8b0d4f396b00500836067d5cea00c4526b7d76,0d1d29f22031e35bd0bed423f93301494f49e0a06b6eb10c6521080043332af3,1,0,0,1,0,0,1,1,591.604615006955,591.604615006955,591.604615006955
4420b735a4355bf2fcfa5d0fffe8ed704dbd760af69240d237dc16c384c69f5b,cf9fc58b22932ec7d48c1559671d56dd7eb548cbea54d59dc5a06748c875ea8c,1,0,1,0,0,0,1,1,581.239942176036,581.239942176036,581.239942176036
44c24c4516f688b4e400075cfd54eef3fba07c26e17f96b31762da4d809b53da,e9e126d909b6c4c457a4c961996cda482be613b86f8b918084c7f6708a66ed0f,1,0,1,0,0,0,1,1,253.661729809345,253.661729809345,253.661729809345
461c26fe1f2cd07adcc0fa260b9150ea26475238307336aa1bd34396ef2139f7,44333422432179698aeeb1b580985e9af50179ad7d0e9bcc8442e007c97bdac5,1,0,0,1,0,0,1,1,141.286855958323,141.286855958323,141.286855958323
46586a403a9e90b68ab96a6dcf14cfa5029f101e56ad5269f51ea33821618d4c,6ff40931548d0d6803541b2be4a2e345429aed754c83c2a8f7c9431f4dddcf6d,1,0,0,1,0,0,1,1,607.969887897881,607.969887897881,607.969887897881
482c350ee164e259b95100efe0907b3261bbae6c7f46f56a8cd5358d31c601fe,4744dd7def17226bbcde3188816e487b4d2d5fa09978adac7d01b79919cafc3d,1,0,0,1,0,0,1,1,607.969887897881,607.969887897881,607.969887897881
4872fd4741c7f81a6c4308336f4204bd267308e281be9e347cd9121715f20e73,59c298a2d8d3653b5cfb5b6c23d181e8477191f65099832287f6c88a2d68e588,1,0,0,1,0,0,1,1,607.969887897881,607.969887897881,607.969887897881
48f459b4fc3c06524e0caa17244cc6834bfe22c32f7699f272e79f016d3df7e2,874fd7d526f46ecde280af826f4e348dbf66133beff6852b9c9ad142341e10c6,1,0,1,0,0,0,1,1,273.300057278455,273.300057278455,273.300057278455
4903d850975521e6f98911be3da79401acdf9fe30e2af3668225d0895afedd80,10171def3a80e3bb88a97d3279028e03591269d0d24e99edc67f16662296044e,1,0,0,1,0,0,1,1,367.945885497641,367.945885497641,367.945885497641
4a3261288c40912c891f378cda31b89a42f6cd8a677bef733b8b5772089f2df6,d792d020fec050f97df43b9ec9ab9c8e74b45d9662e002a20d7fd4f404c6acc5,1,0,1,0,0,0,1,1,334.397076071243,334.397076071243,334.397076071243
4a568d20d103f03905e5747a7e95c30cfc7453fbac53dd169c28edde84fc1ae3,eb6ed1cf0076de4067405e7ee02a7c9569b9c0a53be94362d7e29c9d9180640d,1,0,1,0,0,0,1,1,607.969887897881,607.969887897881,607.969887897881
4b6a7f2d637c89ed4785c499ced3acbee3e15b83fc1d239f884307e0f5e0ea04,a950f58a8ed4dde24e692120266450935bd37124af59c3c0b6724a9bd2ea2a58,1,0,0,1,0,0,1,1,567.602214766931,567.602214766931,567.602214766931
4b6f1514c510b646f106802202dfd2a299025cabbd4baf68a024c6a4685d3247,bd6773eabb878d3c07c450025d09f25a7cdc4b51f8e9119dcdcda9d89b56e5c2,1,0,0,1,0,0,1,1,336.033603360336,336.033603360336,336.033603360336
4d10b3755de2bba1a8c1f751aca10d1419f8184feac6df49ea7a254bcf5099b7,70391de906c561470889c4ef65c71ad4a5aea675e6528fa8417495293fc82d91,1,0,0,1,0,0,1,1,83.4628917437198,83.4628917437198,83.4628917437198
4d644c7028d920137558cabd74675d3c565806afc027dcc2b90bb25804391839,308e86adf528eea6a37a97298fb12f5f48964154154731c2b2b87ad02f6a526e,1,0,1,0,0,0,1,1,371.491694624008,371.491694624008,371.491694624008
4d796b4c3d9c76d5924a29fe9822b1bf8a5115dd34a855ee62f35dffea45cd49,c656773d51014f07a569ab72027fa36c639877bdd8a13e2e3b364540bcf46dc1,1,0,1,0,0,0,1,1,607.969887897881,607.969887897881,607.969887897881
4dd59d900608d5a8d034f5735406bd2a7890b310ccac40af19230508cf1e8122,7cf9a960a41d76420bc69ae56b5264b4334615bbbc093c61d748ab832ed185bc,1,0,1,0,0,0,1,1,607.969887897881,607.969887897881,607.969887897881
4ef879b273d577200d950d3d7cb96da50e4c1e569daa86e2ec6d73ada815482d,6edde6ddff1d3b05ddd90eb72360c325c77674331e75750e50021176c9dc61c5,1,0,1,0,0,0,1,1,187.382374601096,187.382374601096,187.382374601096
4efd8887b54c0005524bbb3a00bfe0769bb61452358b8067ed178f366eedaa7b,1da0a173f36c4047ebd61f3f421ee0902741165cfa415414e4191b6b96e7209e,1,0,0,1,0,0,1,1,607.969887897881,607.969887897881,607.969887897881
4f10806287f29de61093564b3492fccd38f8673faf21c791d35cab940b7843cb,3c5115a69df5165079e11e3451de8b981aa9d291b67d5a18fae2c7275f015c43,1,0,0,1,0,0,1,1,446.499195374083,446.499195374083,446.499195374083
4fdacf7a7972c04ce6b7553fdbabd2cfa9bbb2cb2eb85c675c181884df6d0311,065336d97f88cce4f523f48a46be8c327cddaf8a6be7e87bba8384f8a2adebbc,1,0,0,1,0,0,1,1,123.557810326487,123.557810326487,123.557810326487
50249dfeac4711e111227c14b02542a81c0b9ee7e64bba52731744ef22d12385,05595c2a6fc3454363cebbdabebdd5865775324be9863ce24c8260a679943d10,1,0,1,0,0,0,1,1,202.656629299294,202.656629299294,202.656629299294
50a61878c26fb077aea85ce2536b80fd3e546ef31b7821d48a9b754a72add87e,e87aece5c482ecd7ee6fa463d9e4f718eeee98688e29df40ff8270cb825328d7,1,0,1,0,0,0,1,1,582.876469465128,582.876469465128,582.876469465128
50d459de0575ab35773792812d96cb7331084d0181c992940d12d305b1fead8b,585b79b24ad678ae9471562707d3f540def6041e1fed8275b9d2ba1623778cd5,1,0,0,1,0,0,1,1,499.959086817773,499.959086817773,499.959086817773
519681d2f2077ce1080c777b13934945358e0f4a56fed4c896268e6913bc3574,5d1dc50a9e2a387e3dd04fb38cff75194a00e78510cabb146105f61243b7e24c,1,0,1,0,0,0,1,1,420.04200420042,420.04200420042,420.04200420042
524628b18e3b2622b8e876780eb37be6a31af91a8fd6372e01e2fd993c933709,e8ee2a228e47ccfa0443022152d18735e06f0365dfc015aa3c449ddcc24946ec,1,0,0,1,0,0,1,1,122.466792133759,122.466792133759,122.466792133759
53055e438a6db3fa6641ea5c02dd4a49e2b98ef109b842f27da6f1aa9bf4f34e,61349cfcb6de7303bea13c233cabe0d4dd19c91d4a562a209578b9d395370d7c,1,0,0,1,0,0,1,1,143.196137795598,143.196137795598,143.196137795598
539ce91c33c1a52fc4991551bf2050e5ac10827f8779217e0d19ce8724399abc,7aa2a4f28b09946f14790aebefe54dc4353d9f8e79fa6426dd2988043ee99486,1,0,0,1,0,0,1,1,562.147123803289,562.147123803289,562.147123803289
53cf31c8702fcbe80d65410e09f86363cabbc08d4313a68027cf319730463f08,4edca7fa5f1f9a9178af38b7dfffeeee183fbf3a9d0983c13e5113455160a0d9,1,0,1,0,0,0,1,1,202.656629299294,202.656629299294,202.656629299294
542fc5accd1beee5e50d99e0fb3abd1c80ea73d80eb8d00efcaa3539a6346d3d,e38c892babff648728de890673fe4c82c31d545af97b9d74dbd5331890209f05,1,0,0,1,0,0,1,1,408.31355862859,408.31355862859,408.31355862859
543613b9d716849cf42fac331d4e4d45d6ed2d480adf07a862a19c1834a5f717,98583c11dcc6036a49af8e4109412acfb79c8cc1397f0565796d447453382311,1,0,0,1,0,0,1,1,384.583912936748,384.583912936748,384.583912936748
543ee318755625e4cea44c399cee312663df83b5a18b59d3cddceafac7ffaefe,249184d5fc4173c79dccde9baa2fee1c6c29119f841b91f642ec5fdc92e7c267,1,0,1,0,0,0,1,1,394.403076671303,394.403076671303,394.403076671303
5547feebd4481afb5c28bb438b37e1a16035e7c5a9dbba78ea5ff62b0762a42a,05c33a237470ccca60b47804eaa736bb0f552c0b6be8db7acc1f1d17f7c6b34b,1,0,1,0,0,0,1,1,252.843466164798,252.843466164798,252.843466164798
56ea5e3935a7c3a84c7324bb16fd65dd67316cda60ff0cb9d0dd39236e37c679,a2f0d850ab1b7fee135398ecfb1957543b53a042fb720b6d2596a6e1b84c9279,1,0,0,1,0,0,1,1,607.969887897881,607.969887897881,607.969887897881
5725c7360d0e9c5fdafd43a40f1d2a158b0bf6bce03489ff13e8c3a57f563095,035115d9bf0bd3b8e7227854b3310a2b99e106238ae661748af2a80b571fa639,1,0,0,1,0,0,1,1,405.313258598587,405.313258598587,405.313258598587
57c0223f07fcdc574a0b3bd8de22f156de39ec4da6d420d3882ee3711ef79593,0ba1a7ac73a3eb08e5a6a8f325e22d756f5d6b9ca3a58ebd4c0a84c8c7fd4c80,1,0,0,1,0,0,1,1,607.969887897881,607.969887897881,607.969887897881
57c1d2e332e85b14bac3648897d06c29eb287a1e05eb836f9469c12f030c8220,354f81fbeaf05a3d949c12021b8053dfe57ac833322362b161a4182fe702cdc6,1,0,1,0,0,0,1,1,405.313258598587,405.313258598587,405.313258598587
5824d21208cdc30ae7a7a1fbc73e9538cd026e39e6f40c9f7e1d131377915711,545cb4b6c432676e11e24820f24839c5ade617ad6e8d720b005c3b197c9128fd,1,0,0,1,0,0,1,1,114.82966478466,114.82966478466,114.82966478466
5834b8df139af1bed6945d3b94538bfd1fd5b434f1971eacda3dc082c5b53e38,aa4266acf976ff91ab9841d21cac181d7ff82e7ac4f8d9b1b4df093b39ffdbd4,1,0,0,1,0,0,1,1,253.661729809345,253.661729809345,253.661729809345
5b38f331a599cf563478f6ca1b9dd81d25959273ca2b18d8954e4317bcd46220,f7b452e5c5a39778e791d0855b39e6d94d280f65b80d03bff46e864b491163bc,1,0,1,0,0,0,1,1,202.656629299294,202.656629299294,202.656629299294
5b7074e9e28734367fafd301d34dd71b95d6de01e6c875a91923173d831459c5,af330b613d982fea82dc8a0fd02b3e9686186a8f56fc75c4187c6722f844c17b,1,0,0,1,0,0,1,1,607.969887897881,607.969887897881,607.969887897881
5bb710539ffe8eedafda4d4677f5457b03d7e7375b01aa82beb05c72ffc33322,81874a4e80f686d9dfde7f0e8ad230efdd1274d8ac21a3b989326c2c08f54162,1,0,0,1,0,0,1,1,607.969887897881,607.969887897881,607.969887897881
5d2a5b71dc640bb011e5f5690d67769e59ebac7b61ef014d79aee97f19eefb08,9c2d28b1b247680dcb7d06367ace2c4dec122616accfa64bf80dd300df68d110,1,0,0,1,0,0,1,1,424.951586067698,424.951586067698,424.951586067698
5e33de29831294236138997de68a70a9804bb8a61cc4186dc42b21e31b909ecc,aaafa04c140272ae188383a055801613c4d908025595928ab843664d21816d39,1,0,1,0,0,0,1,1,260.207838965715,260.207838965715,260.207838965715
5f78c30e38794311460712d18ac06a3cc944ac8dd562ef23d71d575465cff888,54dc956e581f54154428dac05c95977a310f386cc27e667c5901276aa85a14eb,1,0,1,0,0,0,1,1,607.969887897881,607.969887897881,607.969887897881
60d8a873e47dc9414b97cef6b7369bb5bc61e5cc13d62d9a40bd4fd8f0a26a31,0eeed3b244507de0450c3571d225e74981b2e94801258c047e5007ffeba8ae5b,1,0,0,1,0,0,1,1,550.145923683277,550.145923683277,550.145923683277
6128178986fd50d4b9feb491b331333030dfce6409628be16c06091a16e574b0,756339fc1dfde6682fac4e85c3c0beb6d632db9ed294f25707eb874584f19a7a,1,0,0,1,0,0,1,1,348.580312576712,348.580312576712,348.580312576712
61626695715bf40e1d2afc9741ea5eed6c169de2d2b4d946236dee123c6e2c53,bed5eb85eecdc72aa2b7824eb88fbecf19f5a66fc3fc1636103ae741f81bab20,1,0,1,0,0,0,1,1,384.583912936748,384.583912936748,384.583912936748
6187e16ad4ec36b121e769cf80f5df8d70207d19886afa65a9a7b9cb70ad5a79,c0f37f901ebc1290ac4c89447aff18cdeeb9b235adfa82e8316489093b25087b,1,0,1,0,0,0,1,1,243.842566074789,243.842566074789,243.842566074789
6192ffaa3bd894eeb4af32fca56e2dae2389ba3126e82ff4305eb6aae99e5d4e,687cffb74cc2a8c42b397c00cef47c349b4ab3c37f6e11f60f014e3160e55c60,1,0,0,1,0,0,1,1,102.282955568284,102.282955568284,102.282955568284
62b30cc4e1d9a989be76e91915398287ccf6a77a3f679818e8f5c15946e5227e,797dda752dc7ef9f69df1c550934ef2b72b8460b9c48a9bcb8cf5800be5c2311,1,0,1,0,0,0,1,1,177.563210866541,177.563210866541,177.563210866541
62e918df7181a4ab8aec6f880af1a148beb155f05ea8f8ab05644fc77f555c11,e6051d0626cbb852a5969577298fcd015f66d350ffde277e38daceb522602139,1,0,0,1,0,0,1,1,607.969887897881,607.969887897881,607.969887897881
635cb3f4cf2d42218ab6340afa3399c03b567557a21fd6dae3b43f398d9ebe6a,c154ebb04255f88af58dc75f26ab60b5c3fd1186d430c64d6c19a85830db7496,1,0,0,1,0,0,1,1,537.053705370537,537.053705370537,537.053705370537
64cf156231f6abf7d6bfcbb5c2f335b2628f89f1d41842aee76fa85131baca04,3682a9219b751ccd1a98179fd1019a8b872de954fbdc4abfc4eb137368efcafe,1,0,1,0,0,0,1,1,607.969887897881,607.969887897881,607.969887897881
64e032354fd358334938bfede8c4fae39c044eb7720cd2e36c8b30d26dc74d6c,242eb8d3125c7b402f35ac3fc7aaa152c708c6f626233d25df4c97625deb964e,1,0,0,1,0,0,1,1,436.680031639528,436.680031639528,436.680031639528
658fd43d81f02ece34c015eafe292fe53f559ac797f0268ebab4d5f16293ac96,ad4ba9846c44a543fe5da57a21cbbc38170bcb217e60f51255cf3b2b2530cc6c,1,0,0,1,0,0,1,1,582.876469465128,582.876469465128,582.876469465128
663d65b693aa16779348a29b27383951d3acbbb1df8381317bc7171088c493fe,9f7a83bbd29b4412868ee160c5f4a517e0fee7dbd227a1fca4fc64b2317831d8,1,0,1,0,0,0,1,1,405.313258598587,405.313258598587,405.313258598587
664f9f68b467eaab55d6b43e94daee0dfb42c6eba31890042af28e1e403948c2,23bc8991a335d3549ee4bbe4f6c8d65bccc34a62b47e238b20fc0ce904043ea3,1,0,0,1,0,0,1,1,527.234541635982,527.234541635982,527.234541635982
668a5a18b24e7e307833e2d1c769a9978f73ad1eedfcc90f84d7456c8f3a9264,b5d9262c1e105df2d5de57b442892018e58583e9f62853e13e683793e18d285b,1,0,0,1,0,0,1,1,457.409377301366,457.409377301366,457.409377301366
6712d2f4ad695a0c73574f018b1163ec612b9f008a9a18f8651200501c435943,07828d93c2b2e7663e8d92e3725d6db9f2166425688dabd5988c02d878d4defe,1,0,0,1,0,0,1,1,607.969887897881,607.969887897881,607.969887897881
67e55a1424c16e69eebcd42115c5b0344b6e92527d919ab42befd2022d14e2fe,c926e898f09d47bdd168d29954bb7a405419d9420683734672239dcec8e002f2,1,0,1,0,0,0,1,1,517.415377901426,517.415377901426,517.415377901426
688b3eb79746678c5491b464482fb4123352275333e96b41d79292041baf5378,0c5380fe5ed8f37950b7b40fd876af4e1fce838110dad39eced816df2954da75,1,0,0,1,0,0,1,1,576.875869405122,576.875869405122,576.875869405122
68ea6bda350f0da46830d9e6b43c6f7da9192dea37d4e48dd9126fc0d5b9ad87,0ac461d0bbc0ad52bcebeec676ee60f4813fdbb21363df23d2fbf03e582fe2ba,1,0,0,1,0,0,1,1,532.144123503259,532.144123503259,532.144123503259
68fd6596905afc24b3db5dfb992b3c047af68b6feaa7425565d1dde1f2bc507f,4de7c4f2ab6216249fbd0f8992d3abf42a5fab8df6d4d7efbb62a6c4ee838cc7,1,0,0,1,0,0,1,1,121.921283037395,121.921283037395,121.921283037395
699ae8f86714cf95988325582f56cf13a5598896e1412b4a6f0258ab192411f8,a80cb6c83646686aef8e33105aadef6415c5e80ff0eb7ccc06cd257dd30d4d01,1,0,1,0,0,0,1,1,520.688432479611,520.688432479611,520.688432479611
6a7541531fa584c8614b0dce7ded304200bfa2463bdad6cfa47e75e33113fd03,e5df77ee251029882a33e7a183a6bee288e2209dabdee606375184e0e0b83248,1,0,0,1,0,0,1,1,607.969887897881,607.969887897881,607.969887897881
6ae21b2f8062b9edb06f6cb4310c5123875eb968f4cc2eac3bf6573eaba777db,342b87f465a846c2ef5e45536a619ccc6ece15a6b8e6b7fe92209dfd8e88edfa,1,0,0,1,0,0,1,1,607.969887897881,607.969887897881,607.969887897881
6be3b3dc9619550f07acf7da13576eced77954d521c0e3ffed64977a20f438ce,42e755619d80e7f1170c8da7a088d15521b828c6ddc3b32937e1ce2a6d7a9e48,1,0,1,0,0,0,1,1,18.001800180018,18.001800180018,18.001800180018
6c02142f48cc376d05bc41474b373b9c8d580bdcf762d761db3adf6e56a84606,d82520d21b2639de24a3c56c6c49cb6f2fcaae95a29dc64f271ee6b49d8fbb0f,1,0,0,1,0,0,1,1,587.786051332406,587.786051332406,587.786051332406
6c705bed417be924c57bb4c77dda307fcff84755650ded5ca3698ff316923591,e495d5708c3e12bb50f74b222eacdb39760840c70c838d39b05438974a612fa3,1,0,1,0,0,0,1,1,607.969887897881,607.969887897881,607.969887897881
6cdb448f5b0f0c729d99b882d792b1d8442da1c05e58f3bf1f95f942105e2e6e,8330bf0dc718eb1d04cb80ba38312557635c2dca202632f40151b67f7347fb2d,1,0,1,0,0,0,1,1,607.969887897881,607.969887897881,607.969887897881
6d574ec3daaf2d71c87a54fd8d33ad032d7391b2cf0e9c978507fc3062769d34,1be104652f764db525d97cff3688f1dbffdaabb82b4164df9907a730fa7aff3d,1,0,1,0,0,0,1,1,607.969887897881,607.969887897881,607.969887897881
6f4333da9a2a8df63b3cb8e62138e52c963a6c04f0d77f01bf2d130e278a3c53,ff721717668473a8aac1060d1bcf03a9847175e6adf466ec4540e7f178fbeef5,1,0,0,1,0,0,1,1,517.415377901426,517.415377901426,517.415377901426
6f9fba06957125b80749c0a3aa90b56c89628d6b18e531147b415f0cd71d838b,ac641e2adfca1037125f879649144dfbd270e84c4d62a522d8628779c036c876,1,0,1,0,0,0,1,1,358.399476311267,358.399476311267,358.399476311267
701a261abb753eec307233bb1c1f67ea63b70ad56315bb5e97675886522e7480,76a8bfc1684bb6b86a68c15e618b234c74f2607a0aa44b379e77ddc2d626ba91,1,0,0,1,0,0,1,1,607.969887897881,607.969887897881,607.969887897881
730b36f5c1f663cdb30f4d15c7af81f5748cb5b7262cbb6f118938ad5620b2bd,1e6c75925f08f750b730a9fd36f961dcf209d8309ec00062f6ffbae3b1ca942a,1,0,0,1,0,0,1,1,482.502795734119,482.502795734119,482.502795734119
7407cde9b15c1b9d069942315e9b28dab0a17127acc383834c90a953780846f2,8cc2bded52395052c9672072f1ca67943476e668579255e3b7094f2060da52be,1,0,1,0,0,0,1,1,540.326759948722,540.326759948722,540.326759948722
750870b1554b3e1b92f25e8164041a3877715e66b55699265f70a0b0cf5c152d,6103dc6ad0f6b5bccf63d68e653e03e9513dcb904f8890a1e71ba27c5ece6d26,1,0,1,0,0,0,1,1,240.569511496604,240.569511496604,240.569511496604
758d6f1ef84c7ad6a0ed42b0a4d2f8fded75563421df8568dacaed4fd08ce274,303740f65fdf5602c5d16b83e241c5eabd67c58daa7bc2222d633fcbf6d01f42,1,0,0,1,0,0,1,1,552.327960068734,552.327960068734,552.327960068734
75cd81f9c61555e72e39d41542b6c821d691766e5ce36d34f5a0435bd14592ab,58f50766e8706a98410d5b5e4f228d195c47df8f560677b2e2103e7263fb6ece,1,0,1,0,0,0,1,1,587.786051332406,587.786051332406,587.786051332406
76ffc85f0b13a2ba7ce33823b9dc0a6088d71f70bbbcb9af084195c936e2c2f1,db0ea14a416f02da000a9f72161eeabcda76c3cc1db8bff4431e890dd81da204,1,0,1,0,0,0,1,1,514.142323323241,514.142323323241,514.142323323241
770382ce241b0badebac09ba71fb481e54827c2d2903f1323c6e27af0a38e58a,c7c305832b7f6dda2eee4a9d3e4cc4be904a3fe35334cc77085d57da49b7c149,1,0,0,1,0,0,1,1,356.217439925811,356.217439925811,356.217439925811
7878d46d660fea9c3c0ad62fc77b645e6cadf660ec51b109e057b824f2970b58,2625ee061e6ba64ac3f1dd705e8205293212e9e47e17486bf507272f5f6465a8,1,0,1,0,0,0,1,1,136.650028639228,136.650028639228,136.650028639228
7903a53ca4386bd688c8b7d7178bcc95f0e226319bea90878dad54127f1f69aa,a18dabbe6971f80bc4d69dcac19be3cec00b61cce6a565cbdeb8847027cbdb5b,1,0,0,1,0,0,1,1,607.969887897881,607.969887897881,607.969887897881
79c1f82218e9d56684c3ad728c60f71910f477551ca3a458463eb122a4f157a9,c5228ff21d00047c9f8be190b7b20840d53dc3f02282f10b2d1dcd71cbd1e65c,1,0,0,1,0,0,1,1,587.240542236042,587.240542236042,587.240542236042
7a0813c8013873462efb3cf5af7d8b0f65d81be04922d2c6cfb8a90c966d0776,5abd209624c9d68beb67745724d2b3092104b6a1af2fb00c3dde4372e55a741f,1,0,1,0,0,0,1,1,607.969887897881,607.969887897881,607.969887897881
7ae1894718c400159f5466675489c93f2197c2e8caaf1d914b75982e22e75306,32c32564b169a7d7b402b405b52447492e2b380ebefad8cfa81d6e83badc0e4a,1,0,1,0,0,0,1,1,416.768949622235,416.768949622235,416.768949622235
7bb711c9673e0be40ce21a4c1cd13c6a79e369d5bc3e42fd91c96b6252a85fba,35b4f2f422cab747c00744911e51945424d20d768acfc5e5514cee8b2b09a867,1,0,0,1,0,0,1,1,293.756648392112,293.756648392112,293.756648392112
7bc9e54e042715fdebd5c1b4a4e2e3d31c01ef713c3cfcf1eaa0a81a2d02aabf,156aa2c7b84e928246757f6d529f670c386b761cc822fccd0fd362c9608335d4,1,0,0,1,0,0,1,1,340.397676131249,340.397676131249,340.397676131249
7d7fc05ade5f0f43a404c1d16cb26b1a260fc860e60af1e0863ce54ac51f2c3b,2f43910a52f4633ae32641a201b974b5a14f68175fa672ff5a6f4e6038146155,1,0,1,0,0,0,1,1,405.313258598587,405.313258598587,405.313258598587
7d971f8a5ce2cba7523cf05ec86865bcd540c50d6feb4e0bef8eaaab8b5f818b,5638d41b16e7a91dd23274ace2f42c4fcafc6d9780c86371402d2757d2ad88ab,1,0,0,1,0,0,1,1,87.008700870087,87.008700870087,87.008700870087
7e8b3d57af949dbcfab01562af805614c7c5880b87fd6c72291a5580bfa1d40e,e468d8996728b09f15f7ce92ac0d41b3cfd8f9f7e59240c690036de723deeb66,1,0,0,1,0,0,1,1,96.8278646046423,96.8278646046423,96.8278646046423
7f27128d7fd4dc29e5d22ea15198a8f243b02331d1cb7f73b8c70416b6980e48,cf4d39461dfc074e8da222c1ff4e66f423ec7e7b4d50030c1dc4ff1e4cd44bcc,1,0,1,0,0,0,1,1,607.969887897881,607.969887897881,607.969887897881
8026b497029799eb2aece0bd43795a16c32b7fa52192874e482e323017966493,33bd91ae96f290bac8e2991d46038bb3ca291fa2bbde4ee5b1ee2f129419e028,1,0,1,0,0,0,1,1,426.58811335679,426.58811335679,426.58811335679
814b0561e766e359af45426e22c99b6b8b4cc640f74085cd29487e56630ac011,c73346dc50b14b35e417bbcf365cb11186b0ea50f0fa530f74841da1f129940e,1,0,0,1,0,0,1,1,607.969887897881,607.969887897881,607.969887897881
818de69658723a4588482b898b1e32ec32942796afdd69028c7b9ea2247823e6,ca311fc0f571b7acd01156483f7beb126e14a6a852e0d058719822931378ec5a,1,0,1,0,0,0,1,1,405.313258598587,405.313258598587,405.313258598587
82a7061bfb0eac0a8b937ef55af0749c00fef57a4decc88c77fe8927233b7e1e,50d347d119610998cf2de09a4d8b0b18fe1fece65fa9531c784743342a4f8de0,1,0,0,1,0,0,1,1,607.969887897881,607.969887897881,607.969887897881
8345be1357cd08dd671f056c82e47b8a099d836bf7e131c555565747e8c61e7f,799ba7eb48364799f4c971ab771131a461d75656cd4f0b9cca1c1b4f459823ce,1,0,0,1,0,0,1,1,304.939584867578,304.939584867578,304.939584867578
8437da26cd4ed2fcc948e2524e09efb8ef5d9d66c749775e285d8ca72e854277,a34cdf295afed38a51199f8ff8602350ac1913cfca6bf0816f5f404ef6c0500a,1,0,1,0,0,0,1,1,607.969887897881,607.969887897881,607.969887897881
844599704be4683276369911947aca2b90b261a819fb5199740cbb841ed57b09,cab0575c7fbc4106d90d2feb8e75a2e86be1bcc31f0bcce17392b99e2169f4a0,1,0,1,0,0,0,1,1,547.418378201457,547.418378201457,547.418378201457
853fe20319e937ced03908984db86b5e5d66f9581b43afae42da7a078b942874,34351930e349eca5da5f154c2843cf53c43e584c722f1078e50b87c9b80e30d1,1,0,0,1,0,0,1,1,176.199438125631,176.199438125631,176.199438125631
85cc9acc428a44077caf6670c9fd8bff21225baea798d571df61c83928995cda,9605f19027b6185b3876434d35c241a6e035154203fe0ca13a6b5a7c8c920d13,1,0,0,1,0,0,1,1,607.969887897881,607.969887897881,607.969887897881
85f06aed4c0395b8b68440ef35345b8a23e4465fd1c61a83fbec57af1f0759dc,f08b1f2b56d65b097cd2cc70e85898835ea1c21a6842b61ca6531b61aa08ee3a,1,0,1,0,0,0,1,1,177.563210866541,177.563210866541,177.563210866541
85f4bfec61f1570f46e34f3b61b5a600dd799f3ca4cbb2990e3c8c4936ce12d0,37b879987699fab13245e22acfc8d19b899af9c60c60fb950b7ec3165db32d30,1,0,1,0,0,0,1,1,420.04200420042,420.04200420042,420.04200420042
86db607a1882cc57653d26f2735f56fce6e2bd6df245d9e69348fa08ffc4febe,a1ed60665bdca0198eb063d39f0389319325f1db9534a040c4aba8f5731b68f3,1,0,0,1,0,0,1,1,607.969887897881,607.969887897881,607.969887897881
87cbdb6fc05cf097aedc9313472dc922ff7462f8a3ac454285d5355c8cf4cc66,300d279ff49c0441301bf5a5b618862db067927bec7d481ab860c41efc0e7435,1,0,0,1,0,0,1,1,576.875869405122,576.875869405122,576.875869405122
88278e47f00766460908e079b4eaefb15bd138261c9de9973918fa52eb7f394c,bdfd920196552d2cdb5bf5f9413726151802c3757448d86688a1b0a41d0666f9,1,0,1,0,0,0,1,1,225.568011346589,225.568011346589,225.568011346589
890dcc120b2dce25c8db4f1206d4d3752047a3cf71b0d7961f70c59af0c3c772,e5388286c57e1ec5cdec15598dc48f9a9ce1ce3b3b67f075989edd14a3ace013,1,0,1,0,0,0,1,1,456.863868205002,456.863868205002,456.863868205002
89517bce168edc0f63fdc03e94692b9c71ee471f11567bbe74567d3f93bd1416,dd03102e2be1dee405e91c8dc1712da65c39744f58f351603b8594b873b420c8,1,0,1,0,0,0,1,1,238.932984207512,238.932984207512,238.932984207512
8962c89f56dac2503af08c3a21cff2224ec19d364a4b55e846ef42b577572af1,b9e62402628ec2a31c7571b92e7f5b66ffb2e7cd6f6a678c70d213346a20fac9,1,0,0,1,0,0,1,1,577.421378501486,577.421378501486,577.421378501486
89e518ad55679ee332951f7d43f4d2d9d7d49a2cd32243a95425146798175789,86258d25fff74ef6021ce4ccefa2826074e4dc4056220c064be64eb019f04f6c,1,0,1,0,0,0,1,1,251.75244797207,251.75244797207,251.75244797207
89f1ef457e3d367e244eeea79f86fa9aa07238a6ed3e5187d860c02b8b8ae855,396018746b351e9c54c2cc5bca35003c48ed7b5b708a7fa22f6ba33fd33079c2,1,0,1,0,0,0,1,1,405.313258598587,405.313258598587,405.313258598587
8b8fbefc571af95bd6382a9984c9e191cf395c2da7bb9117ef049acad6e327be,df72d65f7676b0bfcbf1aed6efd76c5134cbfffa1031d8ae3a4b5b128d592f62,1,0,1,0,0,0,1,1,514.687832419606,514.687832419606,514.687832419606
8bc3326486a6efa393a1fafd4ee23fa8e21c368d8dd96d3759363263c4545aca,a1f0b3592fba7065c00c502ec05a26231161067f24c2b15d797b2c44400f82a4,1,0,1,0,0,0,1,1,375.310258298557,375.310258298557,375.310258298557
8cb76e5f1aeccaa24382eeecb68318a54b5bc16826cb25862d28540ec1807e16,1d9500a9648be204651afe478d08239b800eed51aa2216c449695483ebb24ce3,1,0,1,0,0,0,1,1,414.041404140414,414.041404140414,414.041404140414
8d5447103e74beded1f9d2294f099b0c645a88c171c49b3177dc54d9a6d4e238,916df81e6d694c6bbca8cde93faa261a70600df2d8e0e0ea597bbd83c6953407,1,0,0,1,0,0,1,1,591.604615006955,591.604615006955,591.604615006955
8dd90bef92d1558181e343f91b5464ad4a465a0dc99f2a274143bd83ef4e9523,5bed0ec3a7177be4356481d90fa0202af2003da6758c220c9ae59181975e55c8,1,0,0,1,0,0,1,1,607.969887897881,607.969887897881,607.969887897881
8e37d434cead4400d0cbaff66e5188822993e1178fa732893b1e13a371da2c85,5f18db36d873bbeffc027be17622a59b5cabd876293073a207bd935797a9efec,1,0,0,1,0,0,1,1,597.605215066961,597.605215066961,597.605215066961
8ff885bfa86803b501a6af971bd568f540ef46d92bc88db3f14656dbc23bd1ca,8e61a50e0926e1385ee0985bb6f4f2ff6dc93de50d662558658bf9c658329779,1,0,0,1,0,0,1,1,607.969887897881,607.969887897881,607.969887897881
90de34647f3b2d31dc0f260c5b4b6cb01a956bff042b751b84c6bbc36d8580e2,f30488ed404abc4c55325144008c24e323fe990a725137940339fcb017887898,1,0,0,1,0,0,1,1,607.969887897881,607.969887897881,607.969887897881
910780c704373023029fc2614ac0030e9ba646d988364f084739290d51dc4359,db508f8369174cb245f5af79b759bc7bcf87aebbfc1f90137ec81eb6d446bf9e,1,0,0,1,0,0,1,1,130.922183127404,130.922183127404,130.922183127404
93cd85424d08776b88c890219562efbfcb01b46fb4e3d7bd7b764c2fe61e9c3c,c8798bbd7e368dabaf637762ac10dd2c9233baa36e0ab2a2ab9845d8e6bb97a2,1,0,0,1,0,0,1,1,77.1895371355317,77.1895371355317,77.1895371355317
943981bca2d11c1e9ebacd33bbe9b862404ce41591aabc916778ef85dc26c7e0,ade4fd92dc4c410801b31e38ec75378176a6734b0b4a31e0a8d4e594f8fde928,1,0,1,0,0,0,1,1,167.471292583804,167.471292583804,167.471292583804
94c6ab2bdc6d81c361c2e6b0efdec5e5f03486da01d094da81f2a833ba7e5865,fceaef00024fa7fb8c474c16dc0db420532684c72dd013451d91e1a088492a95,1,0,1,0,0,0,1,1,490.685432179582,490.685432179582,490.685432179582
950a520ba94b656b88b4e0156a510626fa57213e9f8d97a003a78797f93657ca,f7bc4b057fc03c94c85024d4635badb510cfeee09375fc84857b9728cce4d6da,1,0,0,1,0,0,1,1,597.605215066961,597.605215066961,597.605215066961
967daf944d9a30e6d602a5d75226076b256e88b672f4109f3933be35907880c1,8faa68e5ce91d775bb4774aeef9eb32f77df6bc5b29fe101c73b635be0fd8ae1,1,0,1,0,0,0,1,1,607.969887897881,607.969887897881,607.969887897881
989bd28efb117e100ae29aee1a81de335d650c6c0e6d451b2734928cbf2b38ee,7178cee54db12af54691a6d5a15d37d39d321d8cf2419a225e27307586a00bdf,1,0,1,0,0,0,1,1,151.106019692878,151.106019692878,151.106019692878
98c0946929fe48b70e7d8efba6f837491e935c8fc460850e358cebd259c03dea,85555de72718438d35fcfb0b04eb9d5f9ce20feb4c7020453036c4e5b8d2c98b,1,0,1,0,0,0,1,1,607.969887897881,607.969887897881,607.969887897881
98e2dc14171be8dcc1bfc38a2beec3a786eaa3b007aa98183803da0a4f53c0c7,a9d9d38469b7797014d2ee6bb15a385ee2d7f01532267dc44e804edf7649d307,1,0,0,1,0,0,1,1,607.969887897881,607.969887897881,607.969887897881
99b72676a0cc92efe05c3800bac23943cb7a77aaaa0eeae3fd5878cb80b1cbab,b709764cd30c31511cb539a052f550d4723daab89e6284ebfcb7b088a3169057,1,0,0,1,0,0,1,1,534.87166898508,534.87166898508,534.87166898508
9a85b1234888cfb622129f1a2a8034f56ba15c5d415466d5e378cce7cc5404d7,69ce35a090920cbaa299f11bebe52f232d3e317bd7e1e69811ac67c5e714220e,1,0,1,0,0,0,1,1,368.218640045823,368.218640045823,368.218640045823
9c1fe7ddce2ea7beeb995af13013a5140f034a099c56f156c1300a2311813ee6,c39d7fc50caa022b9138a1d2b44b862f9ea58dea10473e0935849c67fdd1337b,1,0,0,1,0,0,1,1,607.969887897881,607.969887897881,607.969887897881
9df0cc899b2155f0d0ee8aa05d23985eb9b385605bc165f01f8f8fe15649ba78,79411f1d71bca5843f18bed157d0534da7ed4f89e94dc90de219e00536228353,1,0,0,1,0,0,1,1,80.4625917137168,80.4625917137168,80.4625917137168
9e120e89fca342a3c2e4bccc4609b629a970cc4d65017e601efda8941587345a,aafbae59a30efee732e1b8e441b6522e054ca39f8c7c9073397d60981bee27ed,1,0,1,0,0,0,1,1,607.969887897881,607.969887897881,607.969887897881
9ea7fbada55177cb3184b8876c220a6064b056a0aa2fc0428a07a9290ca2bf0c,58434e845d21f7ec6012ad87a7a7fa00d12c749affa9e91d4f94397721542cc3,1,0,1,0,0,0,1,1,374.764749202193,374.764749202193,374.764749202193
9ec349f7f70e336ac66024ebd9bb6415af3220dd494a79403f10cae8d7c25e28,c26d660d9fc17b3b0c010fad38a30f656fe18073b06b2b403bdc0cd1ca5bb80b,1,0,1,0,0,0,1,1,332.215039685787,332.215039685787,332.215039685787
9ed59fab6fd2956709cdef2ae572cb195cabd7e8fb8fb04ba1285195cbf8ad53,81e0012af20d267952033d6a1c6bf8c0bc00c9177f60060740b8dceaf724f8bb,1,0,0,1,0,0,1,1,581.239942176036,581.239942176036,581.239942176036
9f69bf5cd576845a69c8b8530cd3c12cad5f64e41a7845d8115bb8f532ca30fc,b04d79f909761376c8ceb7f57d45a6a97e0122d601a562cb0dbd4138051e0443,1,0,1,0,0,0,1,1,433.13422251316,433.13422251316,433.13422251316
a0676c955e6f83a2dddfe7aa3f85a6ffb969507ae8e3d6cda3985532438857be,49d54fe07f1040e2449034832636d250a86395002902fe983f8c0e92bc11d14a,1,0,1,0,0,0,1,1,607.969887897881,607.969887897881,607.969887897881
a20c4d3cfe473363fe0ef8b7a2335c7dc147c1b31ab54f666c6ea135f00291cd,36610279a14cabd4784ef7c8efb0d8a28f6964d77915139caf4de58f113123c5,1,0,0,1,0,0,1,1,607.969887897881,607.969887897881,607.969887897881
a3297e60a18fdfb969860bf94f5354578e4d63fecfda06b0f2fcb45621d332cd,b1c321d52d8a64ea26d28724e62dc43a8e2025847f7d698881dce8a114e15f4d,1,0,0,1,0,0,1,1,597.059705970597,597.059705970597,597.059705970597
a51c5bd9a9dac9024c6cb0ecd155eefaee3eae00ceb9f80b96508b144014df79,e1a4d2f3f9eaa5f73808df098fab8858a4ece42128164730d56571caa2db64ae,1,0,0,1,0,0,1,1,577.421378501487,577.421378501487,577.421378501487
a76549225790d31150ce2a385ef860be426a32b1cd038c178597d11c2f693d3b,65a31111c48380347fe42fd79496aba5b91b6569bd2d50b3190ec7a13b8c48a4,1,0,1,0,0,0,1,1,405.313258598587,405.313258598587,405.313258598587
a8adc1d92fe0063d875898c2f9e078a63856dc15599f67bf909659d251a6bb5c,cbba36387a71098de9561ad4da90651d68ce46dbb649f7101c59721f8d0721f9,1,0,1,0,0,0,1,1,270.02700270027,270.02700270027,270.02700270027
a9b785158964a8c0bef88846957b991aaf0d4e3f044bd01881075105818014a3,f045a454834cea8d30418dffb2cd787f55cf3694e6fa6869c9bbb51271b43dce,1,0,1,0,0,0,1,1,320.759348662139,320.759348662139,320.759348662139
aa30f6ccff3fb07bce22002a5af80970e0dc230aa914032fe1d90ac8fe31cb60,22bbee60771f5beae15656f605a0581348e88a5a5bf1c827c2f24edef25e8035,1,0,1,0,0,0,1,1,167.744047131986,167.744047131986,167.744047131986
ac14e4bf8e1cf2116d40c9e4798de84880f8e4ee5598f8b76afc06000e740486,508489fdcec742ecd63e4df8defc1a35d2ff8d0728f5db0511a8ab772d30b255,1,0,1,0,0,0,1,1,553.418978261462,553.418978261462,553.418978261462
ac31351722f1ee4215cebae2523c4109295e42e4b2d765898df9c8dd52cf4a91,5555b45ca615582cc4f14481c8fc28b2f021b801b4ab6439d9955e5c9e0a31d0,1,0,1,0,0,0,1,1,520.688432479611,520.688432479611,520.688432479611
ad2c2518180fccd3bfc42e36a222c88ddaca3767b570dc08f6e53da64a102e53,e05ad137aaf2af98059523891bd46895d815a73649ff63eef96aa81d6215aaad,1,0,1,0,0,0,1,1,126.830864904672,126.830864904672,126.830864904672
ad8ffc590cd035bc0f046d76861698e322866ba3815335d1edbc769b61ebb3ac,95e078901f271504054779127f350c8ebd71c18134331daa9dc5ae0c0e14ba0f,1,0,0,1,0,0,1,1,142.377874151051,142.377874151051,142.377874151051
aed159aae80f0b9dd45ad6b122712eecfee1435d49655bc94ac3dcc3cd5344c0,66940e1fe5730ed471b972cc24cd9a28eac207d86bb0fc8922166b2414c574c3,1,0,1,0,0,0,1,1,607.969887897881,607.969887897881,607.969887897881
af00ef075866a31e18bc6fe94c6f49a2285bf67fc9547d22c5cce31164d4f285,2e1af6613eac61233282a88b65918839d42d12af9bd72ffe6d266dbd4dd86370,1,0,0,1,0,0,1,1,607.969887897881,607.969887897881,607.969887897881
af39cfe75e658b415306cc6d2330f9e8fd235ec4f4186950e4c61efe18cf47b0,21d8c46486211d74a07602e05f094a0306d10d61cfdc3702244ceb294fc5ee27,1,0,0,1,0,0,1,1,529.416578021438,529.416578021438,529.416578021438
af9c5382537ad328ca29527865af9bf08231a781a9a7728b796214dde8b0a7f6,7802d4d8e02fea5d27b099787ac776cb65057c33bb3eaa8c7993bd95678bab73,1,0,1,0,0,0,1,1,537.053705370537,537.053705370537,537.053705370537
affe77e3e56573337810e711328ead8233f6aedbcae20326f61fd844b368f930,89cf9e49413f56a3b1e368b8145f16e24fda344fa86bf91289b46327d839ef8a,1,0,1,0,0,0,1,1,520.688432479611,520.688432479611,520.688432479611
b05aec6ee633cb3b893dc02669e82778e659bce5c010e4d2b7525b8bb6d72d1a,3bd4f4ba42e907c7743cab0c0c4731d0a1e85f093bb7a7bab8d8a98a5d4d95b3,1,0,0,1,0,0,1,1,405.313258598587,405.313258598587,405.313258598587
b0721415f1825f0a3a0789695fdcffc044c1f01ae951075380e0aeba596d0e7e,e1506b22e18a991a4386b2aa001013c5f705ed00afbf970681031a3b5b273430,1,0,1,0,0,0,1,1,410.222840465865,410.222840465865,410.222840465865
b18e8975518be86ac2490ed72845837a07ebb0d092cccc88c3878d0515659782,ad206ef1576e6efeff9546ab06484fed3b65c3ab25236f569e99326c9b6872cd,1,0,0,1,0,0,1,1,546.872869105092,546.872869105092,546.872869105092
b29519090faf3984b6049bd35e5fc667f8011b782f0095a0f8128bbc0bf59070,cce3f3c2dbfca79a656c09a527c621c41f3a7ccf582a85a2d9c396fadbc6f2f3,1,0,1,0,0,0,1,1,270.02700270027,270.02700270027,270.02700270027
b48e7eccfbb9ff3c594867bf5f5e762954bbfec20cec9f1a2e06f6cd055b87a4,8c4f2ac102888b05a747429ad142fa0c59b813256e5bbf9ef8bd5b0bfd84d2cb,1,0,1,0,0,0,1,1,178.381474511087,178.381474511087,178.381474511087
b4e56bc48e62f930a0bd09ba2bf1ca9f82717bc6cc5fedb2584b0fc15113d57b,625f470383dd25bd2851615b13e955ce8bbd260751d2eccfc2c7f060a687b5d6,1,0,1,0,0,0,1,1,177.563210866541,177.563210866541,177.563210866541
b4f1cf6b0009387d2843b54e0573e7befabb8a32143d48722ab78fde5a252ef4,88b576d7f74f8078274e6e8a673c778fc436e05b23c63bc8166aca47708c8510,1,0,1,0,0,0,1,1,441.316858958623,441.316858958623,441.316858958623
b5aede4dd553aae1ff0599b8e41c9d881ec4eda48e1a718c80b99e8e14706208,bb37c74496ce33d984c17c0e7c62fab0754703142b7549ba1518171dc887ceed,1,0,1,0,0,0,1,1,289.665330169381,289.665330169381,289.665330169381
b5c0cf1d04400b5162d55c4c2aeb855ecaab7bfb6f29b44ed9b7e5ea98943e9c,6bd8df8c8344c9aac8fe3cfa1baca518a61afadee8d1dceed8ddeadd1931ab6a,1,0,1,0,0,0,1,1,607.969887897881,607.969887897881,607.969887897881
b7ae894f5cc6722f4513c1bf14428cabeecafceac4356ef746051305109ffcb1,f9156e6845083bffd58bebcf558bf93918886832d359d2f8c28706c60c6b6b35,1,0,1,0,0,0,1,1,607.969887897881,607.969887897881,607.969887897881
b9109948daaec4ca8e82fc17c3cf120c191bf938aa79fe12cf4b5cd5b6a17347,9f2e1409def33f45076545392abb01e86a77a82026748f87c468907b3e7a235b,1,0,1,0,0,0,1,1,384.583912936748,384.583912936748,384.583912936748
b9c3826ab854513f30fc39585cfb0774b73b2a9f383ae391f5cd563d84fa4522,ba0bfcb70f6030129fcc94bd9b960b2eb5970f9edb75787d9fa6ca7b593cf74b,1,0,0,1,0,0,1,1,217.658129449309,217.658129449309,217.658129449309
ba0ad2576d76d7c3a16f53c0f8e5d209dd9150eb8f96f8c253f292c7ef9300d9,c3c255e4ed316c71399ceaba7785e35cb6365ec3e4edb93b09a91d582f6716c3,1,0,1,0,0,0,1,1,607.969887897881,607.969887897881,607.969887897881
bad5cb5c9a725dfda6080264c088c51ca5061d2d5f6966c742deb77ddc0e6c1f,cd8cc732a6fb940803900767754108e8253af13eb9400a927ea1fff8d81781d8,1,0,0,1,0,0,1,1,363.309058178545,363.309058178545,363.309058178545
bba97462b764d5dd7aa45a307fd3f4aa59e3f6979c8b07edc1c3e99cff3e94e5,47f4931d42838268de6bc2bfd7f73c76d70712f105b21b2660457b293f06a63b,1,0,1,0,0,0,1,1,263.4808935439,263.4808935439,263.4808935439
bc00c8e697c18513566419ae2d50698c944c7f855fb70601d67240a4d494bb9f,a87131c76c606d303dae8ac4c2fe57d59521e929acc3e55d98a9d67ee8a868ff,1,0,1,0,0,0,1,1,597.605215066961,597.605215066961,597.605215066961
bc72b089ff02d2e803b8d3d39ea172dfdefd0878310cde3ca3cc791580e049ef,b7072bb37b6ce81bc1fb2b29ad2a69effb52204fe4e12477a1c60ec99ab30154,1,0,0,1,0,0,1,1,49.0958186727764,49.0958186727764,49.0958186727764
bd2d9573dc93619ce461b35522a1d713c6b0a0e5e1d870a4c0175e56f2081d2f,5e56ac1b9618d383a804265786dd5e086a9869f3bf9534c01bbf9c013a9d63f2,1,0,1,0,0,0,1,1,371.491694624008,371.491694624008,371.491694624008
bd3e8a756a071b42aa42708b6dfc44529ba4a58e2327f34c430b3e5a05ae3cdf,db7279c397b30962562eca53661cb76819c44b577e136e4423d27cae7e9332cf,1,0,0,1,0,0,1,1,126.830864904672,126.830864904672,126.830864904672
be69b7a15d1ad79122617a526c8f65982f761b4c32dcf95a8bdb60698be31a03,4ab01610715f49bd08ae063b9c67052409d751beddbaef9cd47aea3c25e1845e,1,0,1,0,0,0,1,1,602.514796934239,602.514796934239,602.514796934239
bedf4ff4913996c65b804955acbae0cc9db02478ae25c11f71d0071520312ebe,e353a81dbd51ab9e6bc062219e664eeb0cbc48549f2777f6230a7e1c64a5aad9,1,0,0,1,0,0,1,1,478.956986607752,478.956986607752,478.956986607752
bf053b8669f93d796fa341583cf8f5f4deaf844814626f2c2162b1675317931e,a53137bcb177655921bb4896289434f76eeebc13c9735960253d3168d7debb74,1,0,0,1,0,0,1,1,172.926383547446,172.926383547446,172.926383547446
bf9b54cc0c4d7fa2ca6ca0c16627e1f4a09102cec860fd38c9cfd4c79f89a90f,a558d9839b95ac17b19306549fef4fcd935092f67389135d67b3b7b7ee6c2f43,1,0,0,1,0,0,1,1,153.015301530153,153.015301530153,153.015301530153
c045d4946f58fd289d8d16e8e2845411e32dd6b485d8af457bc1f1aae68ce304,96d3d2589244a276a065ce602dd9d6eab6ee68bf31060064dbea6abf90d1d9f9,1,0,1,0,0,0,1,1,488.503395794125,488.503395794125,488.503395794125
c0697ecb7af7d342c240cefd8824e74ce23a57a5741de650098d61d7e6569bab,2b1bca246878b097d275a1a6b7f19890e096beb85efb5d73ab955ec5f756259b,1,0,0,1,0,0,1,1,178.926983607452,178.926983607452,178.926983607452
c069f30c7a4b8a0a8719e391ce3676e2744f7f632973f4588959f686fb34c831,3f937e702118b915e4776a56d7a19da534e51602c41407e2e3d7f582ba783fe8,1,0,1,0,0,0,1,1,405.313258598587,405.313258598587,405.313258598587
c09d230a26040e6cea429aa3c371908ea369ec83dce13bbb492f5b64417b2577,7892e2c7859ee14c3662fc275ecd8b22e40d4cd7d8b0a1dbafad67457a42fbbe,1,0,1,0,0,0,1,1,36.8218640045823,36.8218640045823,36.8218640045823
c301a4313493ae9358d6e8fd74542adb6c5fbcf6a799ecd3de4c4a57b42a70c3,3456153d56dc56e428f7664ffeb8d9df0dfc342be39168d1cb9de0d1b140f5e2,1,0,0,1,0,0,1,1,577.966887597851,577.966887597851,577.966887597851
c36412dec0afd750e403f979142bd66f98c3d7aa5b1b809084c2a8d6364e221d,8b07fed3d1b64cbc26a892c62e64cdf034b7383ffe73d602427e565aa1cac52c,1,0,1,0,0,0,1,1,319.122821373046,319.122821373046,319.122821373046
c4d94628a0b785883cabf55f6e9df61c9ee6a2463cab887bca2fe65bcf70d274,a480729cc46655d6869bfeb7c2496947785b73b11619032848a520d9451ba0ba,1,0,1,0,0,0,1,1,250.388675231159,250.388675231159,250.388675231159
c512d66d9e1225df8a1833cd65d7a460f315c37d25b579898e606e8842908ddc,01898608084a9660d3b27a2aacaf72146b6949cc8d2d5b71aabbdbd95b38b8aa,1,0,0,1,0,0,1,1,607.969887897881,607.969887897881,607.969887897881
c556ef20c0373fdcd2d358a3a0ca39fbb8f7d50be69f4ff86620ec7a3a91d5c6,8c7b7fadd23fb2ea5f80f399d5066b1767243a2cde453a8c11641da408aa5de1,1,0,0,1,0,0,1,1,440.225840765895,440.225840765895,440.225840765895
c5c77aba16092e4089883696a36813737fb83fabcd698673c97a111f2309bbb4,bfd2120d276ab14ed09b18934959fb14df5ad4fb86ab8b6bfa99847a67664852,1,0,1,0,0,0,1,1,164.470992553801,164.470992553801,164.470992553801
c64fdc02e30924988124249cbdd8dcfc1f4f8924fe5f7e259e699548a582102c,cc4b50e26837e462dbdbe3feb959a471f8babae64892ff8b282e950b21d9b545,1,0,1,0,0,0,1,1,553.418978261462,553.418978261462,553.418978261462
c6a9cd8b4004353eaf7650cf19d25772f9e10dee0f0fbbc1192229930a94c5a7,22280ed359d28d140e2bef3040b02dc57f1dc9871d2a52a27d8e93dd6715890c,1,0,1,0,0,0,1,1,405.313258598587,405.313258598587,405.313258598587
c6bc4c832e694cdf751bff4173900e8b3f54850ac6e3f70eb1189a37a563f441,3248f11411e93ef0dc5fcda2de9e9865392e7ef81bcf93b0e8ddb007f2a08248,1,0,1,0,0,0,1,1,345.307257998527,345.307257998527,345.307257998527
c6e8c9846a0a876f86df0785fd9acc70e78b1ca4da6a442cc078aeafff9c945e,049dcad09ce145f846d7195556b4cf685ef70f5e1f6e7c7f728b295708e94115,1,0,1,0,0,0,1,1,177.563210866541,177.563210866541,177.563210866541
c6f0bcc879a24184a2c41c262b17b3e630070384121e3085acc439d2f5b0efe2,09de5a534bee22d4dad6c9d9bab050c31602a33dbc87f4b2369c1d64055993f3,1,0,0,1,0,0,1,1,607.969887897881,607.969887897881,607.969887897881
c774f6fbf0b9dc88053fba43e8900e3cef2b84da31a5459b8b9b46273c01900d,f1a067549a1174c3cc1302d71146ff6e4d4178fd78a1d03bf0b27a37748283e2,1,0,0,1,0,0,1,1,564.87466928511,564.87466928511,564.87466928511
c8a665d2c309f90600951ef373e2c6a099aa178e5f3ff50745fcbd38362bb484,89b53f6fa8a674b06a028bf6b8949fdba6f5c01c182c8d66b279faabc819ad13,1,0,0,1,0,0,1,1,607.969887897881,607.969887897881,607.969887897881
c8b72fbe9eed57776fd326c965e1ec47e7d26f0e6741cb09456bf88d820db747,8a11e547cb8190a44e1e16ae986149ebfd72fb6f478500391c12a4e92dec5e7f,1,0,0,1,0,0,1,1,607.969887897881,607.969887897881,607.969887897881
c8cd737ad1f13dae8ffa27b44d0bcc0aae87241ac930a52e7b43ff19b0e885a2,8f83ccd0175e68cccc684b5896bd2f1c843c7384ce87e273a88354d76273f925,1,0,0,1,0,0,1,1,607.969887897881,607.969887897881,607.969887897881
c9289cc2efee090870b6045b9c6cb69ee210eb38ea5879c93ff922d240e1c09d,9a1ecd9c7dde4a512b297aa14219ae906746830bb84aa0b09d9dc194903e5ef0,1,0,0,1,0,0,1,1,602.514796934239,602.514796934239,602.514796934239
c968d6643e6750f43681fab6b16022a85df8cb910525498fbad75066b9b9ec0e,c553dcc5477dd98f3404c5f09bff79858d54656946d7f927949a732c9d150446,1,0,0,1,0,0,1,1,547.963887297821,547.963887297821,547.963887297821
c98bae64e4d71763d9ccf96cdf9d311a4dee5fbe588acc8886938526f8622df2,cc97eda2ba42f44ba79a613f453e499ad71e4a02ea76372c46623aaa4c418934,1,0,0,1,0,0,1,1,167.471292583804,167.471292583804,167.471292583804
ca2db2053c0a76e6460dc0c7576a2a208c62d7a0a07e923eb03b6fb0b266076d,318903ca88e612f79df6148feb33803f9a0b8b79bd47a9d238827e31bddba483,1,0,1,0,0,0,1,1,88.3724736109974,88.3724736109974,88.3724736109974
ca5da31a9fbd529ca60f3132204778195eebf2b27ed3a5c2ab2756bfdac72325,448f1f9d2f5f50d7cf8b6f3a0bd2d2c40b48f74515e27c8131f2cd7a3ea67747,1,0,1,0,0,0,1,1,607.969887897881,607.969887897881,607.969887897881
cbc9498583e83415eb034c0ca95a9d7689572d12efdea1bfb9e70971b56af47f,bd686c02166522291fa162c4c05fe62487c15c01fd6fd6ba5c25f0a84cd89c38,1,0,0,1,0,0,1,1,139.923083217413,139.923083217413,139.923083217413
cc736c4c6420dbbc057deca19fdbd3010c9b8518fec51bfcd872f571a2ef295b,75e4b7cf4578cba53612348ce99c3468c7e43de4af4e78bb690f192c1780dada,1,0,1,0,0,0,1,1,607.969887897881,607.969887897881,607.969887897881
cc82854dbc2359930a5925d4ca2d59446667c49c45b6a32930780fa3c6509b73,38359814cf7727442875f537ce12e4582d7a4fbed212d1bc3beec32fc9a16848,1,0,0,1,0,0,1,1,410.222840465865,410.222840465865,410.222840465865
cc8d15ec47513fded62014a44f6c0619716f34730cb8b50b0b35c07bdeab85f5,df6d51dc373af83dd6a78d5d4ac47db79ea1570d9b7b6a11dd9fb28a368c67c5,1,0,0,1,0,0,1,1,499.959086817773,499.959086817773,499.959086817773
ccf374dafaa5f3c72a05a86211dbda8e5558faa69bd22625cee1a09b002aaa63,3c540c742a18fb6f0d45477dc37b7863c8095549476b86fbb222cc6dd0457b2f,1,0,0,1,0,0,1,1,607.969887897881,607.969887897881,607.969887897881
cd58a218d1d131b617e02e44cbd61bad7eaa853f2b98af8505cbd2d2a8f1ac43,ee9c6969d86a604e34a52a9249fd76dd24ecf4517c29eb89ca74001b63c6e10d,1,0,0,1,0,0,1,1,438.862068024984,438.862068024984,438.862068024984
cd622071841113f563a39e682eb6828bec07fc1afec70abd2b1751f27b016600,0d8eb8cfc941bda2e8302f6bbad7bde9bf0e273a4f9aad0b1687354feb93c953,1,0,1,0,0,0,1,1,607.969887897881,607.969887897881,607.969887897881
cd8bed14d33fc1dfb18565477ef23526bbb2d3d1852b6299d99b59548130fb58,b25d1824dd04c59200ee52296072b9aa7802a5609dc571c5d5911529d7510493,1,0,1,0,0,0,1,1,482.502795734119,482.502795734119,482.502795734119
ce66c00d318d4714a188fbe001a01947a1da4004ae8bde568bff2729d735502b,85b6f56e9537709cd599d8799ff8070925909aebcda545d57d55f63b928dc4cc,1,0,1,0,0,0,1,1,607.969887897881,607.969887897881,607.969887897881
cf5ce9ab372b1ce387ec1e02518463686ea0fc090323ff91df7022d2b8e82228,94ca0d067b6d3a02c350ebe2f5d50f3ea4630674dc6b612a5a31c1e67ce8ea9e,1,0,1,0,0,0,1,1,607.969887897881,607.969887897881,607.969887897881
cfcf6ee4f45d0f429987cf2ca3c79c8d9db6a21589e75ffb43fde76c2a0ca15d,06cc190cdc757abf3c9ef8a42ded4e577f29fce4965aa8cc39fd71a025abbe7b,1,0,1,0,0,0,1,1,405.313258598587,405.313258598587,405.313258598587
cfe749b5fc95e18a47f115aed2a1a2c7437466b6be2df224da818fe1eed87d5b,7dbc03670aa19a8bdd6c05e382f8cfbad121fc48606de385078f30fa89446809,1,0,1,0,0,0,1,1,582.876469465128,582.876469465128,582.876469465128
d19ece4d3edc727dce2f491052f43fa5af7851647fa79655ac6c96a039b4afd7,059d5c5c724b7dfeb1d8924a0536a15a0ef12ceb69232b6b9846d87ace6ad765,1,0,0,1,0,0,1,1,591.604615006955,591.604615006955,591.604615006955
d1c51a639cc3bd2771ac4e731dbcd35de68d45f56395c5f487796cf8bd0ea7c6,bbc721ea7a3647cfe666e2d9cd93bf098c921731f3e03c02c6077f0576a71730,1,0,0,1,0,0,1,1,607.969887897881,607.969887897881,607.969887897881
d1d325afaff6eb7e4d40ad3c73513038d30287030a168065f173f40a927248fa,f22aeea2e6953a7dfae9cf12eda336f8437df58da6e0661ad02d8fa0e444c6c1,1,0,1,0,0,0,1,1,263.4808935439,263.4808935439,263.4808935439
d230911fffb764ca04b4bcf9b6a355ff063980ec435d15a4629b8c96db855c42,b8c61ab4b00908fb17a622c680a74d379feed71c2d566f9f7859dda37cef1979,1,0,1,0,0,0,1,1,405.313258598587,405.313258598587,405.313258598587
d386cb1fb80bc08c543e84cfbbb4789b6ef21008694b945310f676c0e71f930c,98eb7e7e4ad6faac9fd58fcffbd7e8954f4fad95300a574c918d89c0a734ff3c,1,0,1,0,0,0,1,1,405.313258598587,405.313258598587,405.313258598587
d3f8c8e73bee5e77c8c3b83ea1e24a1073839ddbc314363479084110ebc9b13b,ed4cafb4654d8fc669ec4c5f1df7ca226e3663b1ce711b9ec14db5905e2107a5,1,0,0,1,0,0,1,1,127.103619452854,127.103619452854,127.103619452854
d504b2743beb1ac9777b8eeb74a624769b3cdb7c6fad257b0702dcc02ae18727,37f022b3649d7ff3ca00a74adf2d6a983ef0f713376739dfc0a818eaf10a5382,1,0,1,0,0,0,1,1,113.193137495568,113.193137495568,113.193137495568
d5a3b22ddea36e5a0a81d8acdb622a35d6e7616c329230667624de8ba4204d1f,77d71a00e85b77a93f8fb7f085b37bdcb637f0fe3e5e27949373dfb36cc6eb1c,1,0,0,1,0,0,1,1,607.969887897881,607.969887897881,607.969887897881
d60e6082511d78dc483e8929c332d7c91b331f9129ef9750b37d776e2b33d50d,79778d66b85cc344710e02c04682e38a2d43283929e3ac3800e99227ac65db86,1,0,1,0,0,0,1,1,607.969887897881,607.969887897881,607.969887897881
d665ea8f8285b61d604802f86b1dffb01bb5ed57746443f816f28bf1dbcf2d08,075caa709543e5f7bc7fa9d2c2cb224fe37e751f9bde1d9851468e256dee130b,1,0,0,1,0,0,1,1,355.126421733082,355.126421733082,355.126421733082
d7341cfd3f4a4a99aa41a186a326d93414f99a27773cf716723aebe52d380aa3,bf699d166059ab8e391c8102b281153c5cd8e072188d11dd23d30f4fc6766eb6,1,0,0,1,0,0,1,1,555.601014646919,555.601014646919,555.601014646919
d74696e5fee38aac51636035d94e858453b738b5228076c6e059aace7dca4c39,6c21389cd0f2d5476d8ac5206c5cf48a328c57d7b3858193f4860ffcb6466109,1,0,0,1,0,0,1,1,607.969887897881,607.969887897881,607.969887897881
d79867c55e7700406b21ca4ee6561eb92e69903650760245ef67c8f98f7cfc02,b2b1be41ae36f030453375fa7641fde32414c6972886ad5540a977cfe020e85a,1,0,1,0,0,0,1,1,607.969887897881,607.969887897881,607.969887897881
d9978cbc9a4d3a9112625c1c278ccd6e7377bc30f595ddc58316b64829f0e2ad,59e00d65edf7e24bd94fff94a44518635dd2c9d58e29dc412974fab7103139bc,1,0,1,0,0,0,1,1,405.313258598587,405.313258598587,405.313258598587
d9b637924a160b0a787fd2e01cef1ae8813e10fbf963c198031d7d3b832c7456,f9d1624356369211a3c8e098771a878c4d50f8b75647473fca929bd545246fc0,1,0,1,0,0,0,1,1,607.969887897881,607.969887897881,607.969887897881
d9eff3e3973f8c7f2db8cf615bdadeda377770a049d87492ca59debecadaecc6,453ad14851d44f5a7b19ea4ae66d7be9b74459f34cff12cc69335138ed029c36,1,0,1,0,0,0,1,1,535.417178081444,535.417178081444,535.417178081444
da84c30f538b1cfc54017334b4ef4f84d0088afdc6660543395be8555e7f74ac,6a18ec3e4820c8530d6c9dd21784b252c3821e0bd79704c3feb972948da17188,1,0,0,1,0,0,1,1,388.947985707662,388.947985707662,388.947985707662
dba6355baf192f0361a5dc954eaaea0ad58cf60ed278f69e98d30885e12c4214,ac7ac9484fd4ddf396ee71b64aceb44f0e68b7bfb5e49379589c9ebb4a29dfbd,1,0,1,0,0,0,1,1,405.313258598587,405.313258598587,405.313258598587
dc93e2dc0fbf3d2fe373261c553af5ebffee9517bba12b171cc320aebeee0df7,ddcada05624f3ffd254f3fb0f10dc828b6785142d5df9f2423577ae17f47970e,1,0,0,1,0,0,1,1,239.205738755694,239.205738755694,239.205738755694
dcfaaaac97591590397b1c9bfa65831445a55b45684ed8d402fac9bf24d5ecb2,2f69aa1f4c0edb51823e5ec9eebadc32428656447ff701fe9828867e9ce24ee6,1,0,1,0,0,0,1,1,607.969887897881,607.969887897881,607.969887897881
dd1db44b312de54f67b468facaed8b527cecb6029ee7bf15bb4589badb40754f,d7759af685e080e86d721a54e95576908e6365d67d36dccba9ce22e77b71f355,1,0,0,1,0,0,1,1,568.147723863295,568.147723863295,568.147723863295
dd4a0dd0b4ffdfa3bda2ad039eae640b6e12f30da89c7365211b80bf6cb93f24,ac5d330419f60add989d1bdddbdba56eeaa45e886a6a6be599afbaa2ca4a60bd,1,0,1,0,0,0,1,1,177.563210866541,177.563210866541,177.563210866541
ddebebc536e51eee302275db91683f5882acde08387a80c35c194af8375d5236,765752132ae0d094837cec4e843b3225ab987f134ea48de906a342d687385642,1,0,1,0,0,0,1,1,131.74044677195,131.74044677195,131.74044677195
e0ff2378caf98004b0f23b3cb9d3d44d81649c145bb3c63b7f33eac5c3de1f35,9db8e87623290f950a3e079606eb5896eec2249481062540baff7aeadba37563,1,0,0,1,0,0,1,1,520.688432479611,520.688432479611,520.688432479611
e106f903d8795e13589386581932bdadc84671eca635109ed3213e1483a8992a,6b91ce9744d0cd0136a2f4ace9ef75c0e8ae88324d6cbbaed62ce4bc2ae15607,1,0,0,1,0,0,1,1,607.969887897881,607.969887897881,607.969887897881
e1aefc946f94167618aa669afc52d312c584089b99da63385ef31cc1bc71db19,36309b65389994b89a944b0a8091cdf2736ac3ac9eaaba5c744d7387172c991b,1,0,1,0,0,0,1,1,329.487494203966,329.487494203966,329.487494203966
e29f19fa36704102bdf293da53c01ee71ce67970cbdc0a7ee7ca085fc628b453,bd816d929a2d778ef6d84c4acdb8fa233ba30a8d07ad4443069d719c140077fd,1,0,1,0,0,0,1,1,183.836565474729,183.836565474729,183.836565474729
e2acbeb05c0ac87b2702fd857ea2deca412b81cbf7fa034b2e4a006453c67d67,c181c69f87dca3096ff13d5658842c6935cf9f8aaf22bc156f21e14cc1561cd3,1,0,1,0,0,0,1,1,607.969887897881,607.969887897881,607.969887897881
e3a67c8750bae0f2c660b4a76f89a7a4e1a1a225f4e7384cd8750d6e9a772f25,85631115b56776e7ebb32091a883bd0be8d09c83ff580f60494e7148c080ba0e,1,0,0,1,0,0,1,1,597.605215066961,597.605215066961,597.605215066961
e46c561f4fcadf722c72ea10cdfe2e9452995ae3ebfe7e287ec6126f728a5b7d,b7bf5f6cd51ab683344a9e8caeba951c3c68ac0a1a433d7349849ca3a4a3c380,1,0,1,0,0,0,1,1,230.750347762049,230.750347762049,230.750347762049
e591ac6253d6ed3379a51e31ff9c57bfb99b75bd4083291f2defc5317722ef53,4afcd6499e457cd69f4ac7e03bf6a89cb75039dc8d02d001b480b58d52489eae,1,0,0,1,0,0,1,1,607.969887897881,607.969887897881,607.969887897881
e5fe86d0dadabade7a730ad0e8014e9c4fc5bdf7cb099192f9a0579630e3d47a,d7cf6caa59ed853264ea8ed6e007acd2c02d3e031bd61e4cfcbed332ade73337,1,0,1,0,0,0,1,1,607.969887897881,607.969887897881,607.969887897881
e62e4ff0d41b275e45002a7c90d22c10b5dabba9a0f58e7c24d6258319f119b2,93a8b1cec02dfaa1185a811d1c4d13ad2abe5b4823be43079c8e79b8cd6a10fd,1,0,0,1,0,0,1,1,223.11322041295,223.11322041295,223.11322041295
e67c0855a59f96dba40fb28bc06df0df8185f39da65035ad666dea30400ebdb8,74cb2faed98b419af814fdd5846a7647adb0fc49a208a15c044d740f9cb7e112,1,0,0,1,0,0,1,1,237.296456918419,237.296456918419,237.296456918419
e712330c0cf20350dd4c3d8de71eed8601bf49e4f899209b522c1d4871ab1fbe,45191b7317cbb9ff2bb817131e7bf2beeafc2efb250af14acb8fe68a86340707,1,0,1,0,0,0,1,1,607.969887897881,607.969887897881,607.969887897881
e7a8cb3376c5d34ac40dac06d4978b97bfe51ea88df178517cb083ff303cfbc4,5aee6576dca33079d4613c62cf63731e9c51a16d4e3afa9d265408e54c7a7e2e,1,0,0,1,0,0,1,1,264.299157188446,264.299157188446,264.299157188446
e7fb0676b1272446ca0de351423ec95c7d02b78158ec1314eae8ffd18e8ec0be,01d6c4e9d3b2df2a549996f2f66efe217082a4dfb2d22906665c904d2bf962a1,1,0,1,0,0,0,1,1,607.969887897881,607.969887897881,607.969887897881
e844ac1c70d93b3f4278ed9f984fbfa17cdb26ea2b90227faa4322c8e8cf5206,cb5870a502d21076ef38447760de0954938c2a22eab53d7c574d78d859d90db7,1,0,1,0,0,0,1,1,405.313258598587,405.313258598587,405.313258598587
ea3a06b521bf2e5ca9ae3fe465d8986f432c22ac5aee6e4bc6e0c2eb48178077,5521b2b30b641ba0e07f019ff7d07810e392a851d4c1de43ec9ab0fa250977b8,1,0,0,1,0,0,1,1,350.762348962169,350.762348962169,350.762348962169
eaf7d3a46d4b94f74ed9a8dca09b4f62f1df9b04b75c7433b976129e4294dccb,43c574c4658df3a3c82e5b3abdc7e82645e8fc2acb656cf9baede3a2cee06c63,1,0,1,0,0,0,1,1,607.969887897881,607.969887897881,607.969887897881
eafe9536eecf70983d39bacbb30d731ead842fd732fa3a3ee73a01ebdc281f9d,666a690c48141827afa85b29af80920c4b7b10a3033ab99a2a9c20ad22f8ac6b,1,0,1,0,0,0,1,1,126.830864904672,126.830864904672,126.830864904672
eb02279f4e1292667f52d84a88dffeff43b82824d267c70694fa039a97072925,86449ce33e3da662cffd3af0d1c2f640a14d37434456c0e7a31f17624340e3f1,1,0,0,1,0,0,1,1,607.969887897881,607.969887897881,607.969887897881
eb27ed718624007a62abfca5ff9e68d8504ca1b63aeebbbdf072c75796f4ef25,8f10dd681c70a8430a075db724fe6643f176f1c72dc590933934c102b738ff9d,1,0,1,0,0,0,1,1,238.387475111147,238.387475111147,238.387475111147
ecbaf133b6a78017534ed8ecfd6b5bbf57f19ca96e3b839059d0191608b59a65,83fda1f3d5f72889875df1f6027187d63e7a3485e12bdb2f5b63420814816f7b,1,0,0,1,0,0,1,1,597.059705970597,597.059705970597,597.059705970597
ed60031d2d630aa0505218eb9c81b6a1050a01ab7b34f0626c56e2a97fba114b,6f0353a823b21c8de92cc4f7ff60de94efa3b926a0c3a3d32aad344e39ec9da6,1,0,0,1,0,0,1,1,582.876469465128,582.876469465128,582.876469465128
ed6068213b67a65d17415a0592b915cbcee911ee408074851cb3904b31791bf9,c7ebdaf75bd175f34760e6049a12662f48746f039d1c90cea00fd4ee8330ec1e,1,0,0,1,0,0,1,1,439.134822573166,439.134822573166,439.134822573166
ed66e714e705b1684461d8a73f74f707ac4b2b0337303fd39bfeb830f35c089a,7ac6cd3b4a3013cc9fe3421bc64501d594f94174e4fb8eb60f86d65790e92ba3,1,0,1,0,0,0,1,1,177.563210866541,177.563210866541,177.563210866541
eedb8687c338828b56fceee15ca90fd07b3495240d0386636e3f1b57a221b46f,05ec1fdb628e266e47fcf6e273b75461e48309894e5fea1e68e5bf76c052d221,1,0,0,1,0,0,1,1,607.969887897881,607.969887897881,607.969887897881
ef992ccdf7b86efd27e96fca6cec5f0eb4c4aafea5e3de6d76b1928320d4f5e5,764aafa7dae1c151a4bc12d57eefb34f70ba1d02233452082ffb5b4b934f0544,1,0,1,0,0,0,1,1,607.969887897881,607.969887897881,607.969887897881
f0691128e9178f2029a9477eae8df473c4fd27d5f8529707a2760595912d9ac5,8f4ad5564694930fbf0581dc725da4c0492f240510d1fce1ac9ff144789bba2c,1,0,0,1,0,0,1,1,607.969887897881,607.969887897881,607.969887897881
f06ee6b039b3008c9a54bc8543882501f089b2de134e6ce21e93439c8af11d21,2f50b745c301c4ce69e58b930e1686140560d58f7af57deeee6d16de627aa990,1,0,0,1,0,0,1,1,607.969887897881,607.969887897881,607.969887897881
f2fafb8cbc23e5488c4c7e629bf9da8ca144f14f6fc3864b177036fb33e1f315,4a4bf145035ff5e22d8e4e6fe0f5caccc0e954baf43eb24f1801cc78e43addc8,1,0,1,0,0,0,1,1,415.132422333142,415.132422333142,415.132422333142
f36edddb78befce534b3781c512da5aebd1744a407fbaaefa65e601fbb798337,f47d95f1a6369b85c0ec2381ed4a25efe6dbdf66024ae192b3db206bfee7b6d7,1,0,0,1,0,0,1,1,607.969887897881,607.969887897881,607.969887897881
f38fd9f23864c909b029237fedd6be209f4475767f26a081ded4ba8dbb23ed92,7d3567840cd0b808a17360776cdaf05caa3fb80264dceac459a03e1573d4041d,1,0,0,1,0,0,1,1,522.870468865068,522.870468865068,522.870468865068
f526c818d6015da37129bdaa3a05739525023be98b0006e33036d5cca6058836,bae78d383e53f12e2abb193ba88c5a624da79406c65549f2df5e63aa88c31064,1,0,0,1,0,0,1,1,562.692632899654,562.692632899654,562.692632899654
f7ef31de259a8f7f7a0c9db4bc9e1a74756dd04129fbb9ab1a2f60ae9e887ae1,2271a5d08bec19ae9594a975cf8d6d2b3f4cfed6eb307839521fa56cafbd34d1,1,0,0,1,0,0,1,1,47.4592913836838,47.4592913836838,47.4592913836838
f9048503db7f38d9e6d41e434e6fcfaa209264c160c70e58e9264960e8c78c75,55b973dab8479538b86bdcc63fcc2a4c9c3a7da4250fb15fdd43add19bfd0bb3,1,0,1,0,0,0,1,1,520.688432479611,520.688432479611,520.688432479611
fa0ca7c252a53cb1024b8ed2c7d8241010360c1ff8d9310c0053d6eb0dc635c1,055ab48fcba19c0d242adb674bab15e2c6c82c5a0f0d67d504999b0a8350c4db,1,0,1,0,0,0,1,1,602.514796934239,602.514796934239,602.514796934239
fa4d4f4d7f1e786bdd48c9406f5695884890b39f27bb2be52cf9c484ab7b9701,b6c76d4287a2edcbe57f48a2ff6708309618d40918e206a8909b40e08ceef305,1,0,0,1,0,0,1,1,607.969887897881,607.969887897881,607.969887897881
fb58d2fec5c2cba2217a3a0ce1cf4698f2dfb071306a0dfb2c093cab2777cd4d,629109be8ba3f06dbdf12fe55870b3d5eea5a63c3790519ecde882e1caaf60c8,1,0,1,0,0,0,1,1,202.656629299294,202.656629299294,202.656629299294
fb590e1ceb300c614b6b88c93e751cc7063ef476ff6421b35b3d62915ba22aa1,c50af38951cbf6b387e73d181274f04c5aaaebbe6e1bf2aaf0c757b100647d9e,1,0,0,1,0,0,1,1,121.921283037395,121.921283037395,121.921283037395
fbc166b2c1420f84348d4ee9b15f062d529eb6631826b9739bb749f4c594c324,e9dfc4f7a431577749c00caefa6ac99bb018c3a3e77746d44dafa1a1fd52c16f,1,0,0,1,0,0,1,1,607.969887897881,607.969887897881,607.969887897881
fcc878c3ca805d11777bca2a99d9c6bb83a2aacdd70235f492c27f5b254b61f6,b16beadd71f15c7edb1624880136608501ccb2f0356f85bf288aad5ed2cc2a01,1,0,1,0,0,0,1,1,405.313258598587,405.313258598587,405.313258598587
fce646d2695820e14774146778c6507ddddca4bf6d0e916d1cf3b64cc8950740,fcb9ea904b6e1b28b3a5aabeb425b7d193faa8233286d68e135a71c74d42cdd9,1,0,1,0,0,0,1,1,607.969887897881,607.969887897881,607.969887897881
fcecea370dca1b8032005d1daa54f55b706a18299b5c92a80294a2fec238d694,08bf15290402b6235ee5c6d2bdf31931bd08c05f3ece9c011ea27b433f5fbef3,1,0,1,0,0,0,1,1,374.764749202193,374.764749202193,374.764749202193
fd84cd13ec2b14227dd2fd0ddcb4205827705bb0a62463610f54fda6405ea245,b55aa94c613d42ac9fc3b74d416c1844eef8fba824c94c1e76c71f1b3342b571,1,0,1,0,0,0,1,1,415.132422333142,415.132422333142,415.132422333142
fd91985fc57cf61154f091f71fdd3c7729f5e1532aade38794221d6fbc68de6c,5475e036f1d2768c4c4af7739f5a4d0322f75941bbacefbf3920ee49cffdf3f0,1,0,0,1,0,0,1,1,607.969887897881,607.969887897881,607.969887897881
fe9d740f89bd9784cf264b7d556c335908b7ef507df3fc2a6dc749784dbf8678,4e0bc84267b8efa2603a8eaa9129a611eb3d2cd81b80dfebf56a531101f27d93,1,0,1,0,0,0,1,1,537.053705370537,537.053705370537,537.053705370537
