"process_label","exit_code","started_at","ended_at","runtime_sec","log_path","pass"
"audit-input","1","2026-08-22T16:49:29.5376676+08:00","2026-08-22T16:49:33.9377847+08:00","4.4001171","C:\Users\chaos\Desktop\biye\test\testH2_v2\terminalLoh_wdro\output\stage89l_h2_island_incremental_ablation\run-001\process_logs\audit-input-attempt-001.txt","False"
"audit-input","0","2026-08-22T16:49:46.2254608+08:00","2026-08-22T16:49:54.9686608+08:00","8.7432","C:\Users\chaos\Desktop\biye\test\testH2_v2\terminalLoh_wdro\output\stage89l_h2_island_incremental_ablation\run-001\process_logs\audit-input-attempt-002.txt","True"
"smoke-saa-state-011","0","2026-08-22T16:50:02.0375091+08:00","2026-08-22T16:50:05.9751633+08:00","3.9376542","C:\Users\chaos\Desktop\biye\test\testH2_v2\terminalLoh_wdro\output\stage89l_h2_island_incremental_ablation\run-001\process_logs\smoke-saa-state-011-attempt-001.txt","True"
"smoke-dro-state-011","0","2026-08-22T16:50:05.9995071+08:00","2026-08-22T16:50:43.0306082+08:00","37.0311011","C:\Users\chaos\Desktop\biye\test\testH2_v2\terminalLoh_wdro\output\stage89l_h2_island_incremental_ablation\run-001\process_logs\smoke-dro-state-011-attempt-001.txt","True"
"smoke-saa-state-025","0","2026-08-22T16:50:43.0638003+08:00","2026-08-22T16:51:08.1320712+08:00","25.0682709","C:\Users\chaos\Desktop\biye\test\testH2_v2\terminalLoh_wdro\output\stage89l_h2_island_incremental_ablation\run-001\process_logs\smoke-saa-state-025-attempt-001.txt","True"
"smoke-dro-state-025","0","2026-08-22T16:51:08.1466193+08:00","2026-08-22T16:55:51.4262751+08:00","283.2796558","C:\Users\chaos\Desktop\biye\test\testH2_v2\terminalLoh_wdro\output\stage89l_h2_island_incremental_ablation\run-001\process_logs\smoke-dro-state-025-attempt-001.txt","True"
"smoke-saa-state-032","0","2026-08-22T16:55:51.4473780+08:00","2026-08-22T16:56:30.8778246+08:00","39.4304466","C:\Users\chaos\Desktop\biye\test\testH2_v2\terminalLoh_wdro\output\stage89l_h2_island_incremental_ablation\run-001\process_logs\smoke-saa-state-032-attempt-001.txt","True"
"smoke-dro-state-032","0","2026-08-22T16:56:30.9033054+08:00","2026-08-22T17:04:34.8085599+08:00","483.9052545","C:\Users\chaos\Desktop\biye\test\testH2_v2\terminalLoh_wdro\output\stage89l_h2_island_incremental_ablation\run-001\process_logs\smoke-dro-state-032-attempt-001.txt","True"
"formal-saa-state-001","0","2026-08-22T17:04:46.0399402+08:00","2026-08-22T17:04:47.6480298+08:00","1.6080896","C:\Users\chaos\Desktop\biye\test\testH2_v2\terminalLoh_wdro\output\stage89l_h2_island_incremental_ablation\run-001\process_logs\formal-saa-state-001-attempt-001.txt","True"
"formal-dro-state-001","0","2026-08-22T17:04:47.6665402+08:00","2026-08-22T17:04:49.4102992+08:00","1.743759","C:\Users\chaos\Desktop\biye\test\testH2_v2\terminalLoh_wdro\output\stage89l_h2_island_incremental_ablation\run-001\process_logs\formal-dro-state-001-attempt-001.txt","True"
"formal-saa-state-002","0","2026-08-22T17:04:49.4317556+08:00","2026-08-22T17:04:51.1313265+08:00","1.6995709","C:\Users\chaos\Desktop\biye\test\testH2_v2\terminalLoh_wdro\output\stage89l_h2_island_incremental_ablation\run-001\process_logs\formal-saa-state-002-attempt-001.txt","True"
"formal-dro-state-002","0","2026-08-22T17:04:51.1640364+08:00","2026-08-22T17:04:53.0757311+08:00","1.9116947","C:\Users\chaos\Desktop\biye\test\testH2_v2\terminalLoh_wdro\output\stage89l_h2_island_incremental_ablation\run-001\process_logs\formal-dro-state-002-attempt-001.txt","True"
"formal-saa-state-003","0","2026-08-22T17:04:53.0941655+08:00","2026-08-22T17:04:54.7754476+08:00","1.6812821","C:\Users\chaos\Desktop\biye\test\testH2_v2\terminalLoh_wdro\output\stage89l_h2_island_incremental_ablation\run-001\process_logs\formal-saa-state-003-attempt-001.txt","True"
"formal-dro-state-003","0","2026-08-22T17:04:54.7912097+08:00","2026-08-22T17:04:56.6638014+08:00","1.8725917","C:\Users\chaos\Desktop\biye\test\testH2_v2\terminalLoh_wdro\output\stage89l_h2_island_incremental_ablation\run-001\process_logs\formal-dro-state-003-attempt-001.txt","True"
"formal-saa-state-004","0","2026-08-22T17:04:56.6754258+08:00","2026-08-22T17:04:58.3276064+08:00","1.6521806","C:\Users\chaos\Desktop\biye\test\testH2_v2\terminalLoh_wdro\output\stage89l_h2_island_incremental_ablation\run-001\process_logs\formal-saa-state-004-attempt-001.txt","True"
"formal-dro-state-004","0","2026-08-22T17:04:58.3381034+08:00","2026-08-22T17:05:00.1746445+08:00","1.8365411","C:\Users\chaos\Desktop\biye\test\testH2_v2\terminalLoh_wdro\output\stage89l_h2_island_incremental_ablation\run-001\process_logs\formal-dro-state-004-attempt-001.txt","True"
"formal-saa-state-005","0","2026-08-22T17:05:00.1994201+08:00","2026-08-22T17:05:01.7465613+08:00","1.5471412","C:\Users\chaos\Desktop\biye\test\testH2_v2\terminalLoh_wdro\output\stage89l_h2_island_incremental_ablation\run-001\process_logs\formal-saa-state-005-attempt-001.txt","True"
"formal-dro-state-005","0","2026-08-22T17:05:01.7636561+08:00","2026-08-22T17:05:03.6630627+08:00","1.8994066","C:\Users\chaos\Desktop\biye\test\testH2_v2\terminalLoh_wdro\output\stage89l_h2_island_incremental_ablation\run-001\process_logs\formal-dro-state-005-attempt-001.txt","True"
"formal-saa-state-006","0","2026-08-22T17:05:03.6864821+08:00","2026-08-22T17:05:05.2011830+08:00","1.5147009","C:\Users\chaos\Desktop\biye\test\testH2_v2\terminalLoh_wdro\output\stage89l_h2_island_incremental_ablation\run-001\process_logs\formal-saa-state-006-attempt-001.txt","True"
"formal-dro-state-006","0","2026-08-22T17:05:05.2264017+08:00","2026-08-22T17:05:06.9301084+08:00","1.7037067","C:\Users\chaos\Desktop\biye\test\testH2_v2\terminalLoh_wdro\output\stage89l_h2_island_incremental_ablation\run-001\process_logs\formal-dro-state-006-attempt-001.txt","True"
"formal-saa-state-007","0","2026-08-22T17:05:06.9525993+08:00","2026-08-22T17:05:08.5809277+08:00","1.6283284","C:\Users\chaos\Desktop\biye\test\testH2_v2\terminalLoh_wdro\output\stage89l_h2_island_incremental_ablation\run-001\process_logs\formal-saa-state-007-attempt-001.txt","True"
"formal-dro-state-007","0","2026-08-22T17:05:08.6004526+08:00","2026-08-22T17:05:10.3552707+08:00","1.7548181","C:\Users\chaos\Desktop\biye\test\testH2_v2\terminalLoh_wdro\output\stage89l_h2_island_incremental_ablation\run-001\process_logs\formal-dro-state-007-attempt-001.txt","True"
"formal-saa-state-008","0","2026-08-22T17:05:10.3716490+08:00","2026-08-22T17:05:13.4662164+08:00","3.0945674","C:\Users\chaos\Desktop\biye\test\testH2_v2\terminalLoh_wdro\output\stage89l_h2_island_incremental_ablation\run-001\process_logs\formal-saa-state-008-attempt-001.txt","True"
"formal-dro-state-008","0","2026-08-22T17:05:13.4874218+08:00","2026-08-22T17:05:37.7515415+08:00","24.2641197","C:\Users\chaos\Desktop\biye\test\testH2_v2\terminalLoh_wdro\output\stage89l_h2_island_incremental_ablation\run-001\process_logs\formal-dro-state-008-attempt-001.txt","True"
"formal-saa-state-009","0","2026-08-22T17:05:37.7745291+08:00","2026-08-22T17:05:40.8840357+08:00","3.1095066","C:\Users\chaos\Desktop\biye\test\testH2_v2\terminalLoh_wdro\output\stage89l_h2_island_incremental_ablation\run-001\process_logs\formal-saa-state-009-attempt-001.txt","True"
"formal-dro-state-009","0","2026-08-22T17:05:40.9089081+08:00","2026-08-22T17:06:06.5268386+08:00","25.6179305","C:\Users\chaos\Desktop\biye\test\testH2_v2\terminalLoh_wdro\output\stage89l_h2_island_incremental_ablation\run-001\process_logs\formal-dro-state-009-attempt-001.txt","True"
"formal-saa-state-010","0","2026-08-22T17:06:06.5515793+08:00","2026-08-22T17:06:09.7228234+08:00","3.1712441","C:\Users\chaos\Desktop\biye\test\testH2_v2\terminalLoh_wdro\output\stage89l_h2_island_incremental_ablation\run-001\process_logs\formal-saa-state-010-attempt-001.txt","True"
"formal-dro-state-010","0","2026-08-22T17:06:09.7452372+08:00","2026-08-22T17:06:34.2173328+08:00","24.4720956","C:\Users\chaos\Desktop\biye\test\testH2_v2\terminalLoh_wdro\output\stage89l_h2_island_incremental_ablation\run-001\process_logs\formal-dro-state-010-attempt-001.txt","True"
"formal-saa-state-011","0","2026-08-22T17:06:34.2487014+08:00","2026-08-22T17:06:37.6562151+08:00","3.4075137","C:\Users\chaos\Desktop\biye\test\testH2_v2\terminalLoh_wdro\output\stage89l_h2_island_incremental_ablation\run-001\process_logs\formal-saa-state-011-attempt-001.txt","True"
"formal-dro-state-011","0","2026-08-22T17:06:37.6765464+08:00","2026-08-22T17:07:09.6237301+08:00","31.9471837","C:\Users\chaos\Desktop\biye\test\testH2_v2\terminalLoh_wdro\output\stage89l_h2_island_incremental_ablation\run-001\process_logs\formal-dro-state-011-attempt-001.txt","True"
"formal-saa-state-012","0","2026-08-22T17:07:09.6455850+08:00","2026-08-22T17:07:12.3377318+08:00","2.6921468","C:\Users\chaos\Desktop\biye\test\testH2_v2\terminalLoh_wdro\output\stage89l_h2_island_incremental_ablation\run-001\process_logs\formal-saa-state-012-attempt-001.txt","True"
"formal-dro-state-012","0","2026-08-22T17:07:12.3576451+08:00","2026-08-22T17:07:36.4149214+08:00","24.0572763","C:\Users\chaos\Desktop\biye\test\testH2_v2\terminalLoh_wdro\output\stage89l_h2_island_incremental_ablation\run-001\process_logs\formal-dro-state-012-attempt-001.txt","True"
"formal-saa-state-013","0","2026-08-22T17:07:36.4400412+08:00","2026-08-22T17:07:38.9296597+08:00","2.4896185","C:\Users\chaos\Desktop\biye\test\testH2_v2\terminalLoh_wdro\output\stage89l_h2_island_incremental_ablation\run-001\process_logs\formal-saa-state-013-attempt-001.txt","True"
"formal-dro-state-013","0","2026-08-22T17:07:38.9520172+08:00","2026-08-22T17:07:41.9390446+08:00","2.9870274","C:\Users\chaos\Desktop\biye\test\testH2_v2\terminalLoh_wdro\output\stage89l_h2_island_incremental_ablation\run-001\process_logs\formal-dro-state-013-attempt-001.txt","True"
"formal-saa-state-014","0","2026-08-22T17:07:41.9588663+08:00","2026-08-22T17:07:44.2760281+08:00","2.3171618","C:\Users\chaos\Desktop\biye\test\testH2_v2\terminalLoh_wdro\output\stage89l_h2_island_incremental_ablation\run-001\process_logs\formal-saa-state-014-attempt-001.txt","True"
"formal-dro-state-014","0","2026-08-22T17:07:44.2883406+08:00","2026-08-22T17:07:47.0816202+08:00","2.7932796","C:\Users\chaos\Desktop\biye\test\testH2_v2\terminalLoh_wdro\output\stage89l_h2_island_incremental_ablation\run-001\process_logs\formal-dro-state-014-attempt-001.txt","True"
"formal-saa-state-015","0","2026-08-22T17:07:47.1016228+08:00","2026-08-22T17:07:54.5538998+08:00","7.452277","C:\Users\chaos\Desktop\biye\test\testH2_v2\terminalLoh_wdro\output\stage89l_h2_island_incremental_ablation\run-001\process_logs\formal-saa-state-015-attempt-001.txt","True"
"formal-dro-state-015","0","2026-08-22T17:07:54.5725153+08:00","2026-08-22T17:09:18.2934723+08:00","83.720957","C:\Users\chaos\Desktop\biye\test\testH2_v2\terminalLoh_wdro\output\stage89l_h2_island_incremental_ablation\run-001\process_logs\formal-dro-state-015-attempt-001.txt","True"
"formal-saa-state-016","0","2026-08-22T17:09:18.3128935+08:00","2026-08-22T17:09:28.2811018+08:00","9.9682083","C:\Users\chaos\Desktop\biye\test\testH2_v2\terminalLoh_wdro\output\stage89l_h2_island_incremental_ablation\run-001\process_logs\formal-saa-state-016-attempt-001.txt","True"
"formal-dro-state-016","0","2026-08-22T17:09:28.3076653+08:00","2026-08-22T17:11:10.3978932+08:00","102.0902279","C:\Users\chaos\Desktop\biye\test\testH2_v2\terminalLoh_wdro\output\stage89l_h2_island_incremental_ablation\run-001\process_logs\formal-dro-state-016-attempt-001.txt","True"
"formal-saa-state-017","0","2026-08-22T17:11:10.4163053+08:00","2026-08-22T17:11:20.4993113+08:00","10.083006","C:\Users\chaos\Desktop\biye\test\testH2_v2\terminalLoh_wdro\output\stage89l_h2_island_incremental_ablation\run-001\process_logs\formal-saa-state-017-attempt-001.txt","True"
"formal-dro-state-017","0","2026-08-22T17:11:20.5250169+08:00","2026-08-22T17:13:14.6576017+08:00","114.1325848","C:\Users\chaos\Desktop\biye\test\testH2_v2\terminalLoh_wdro\output\stage89l_h2_island_incremental_ablation\run-001\process_logs\formal-dro-state-017-attempt-001.txt","True"
"formal-saa-state-018","0","2026-08-22T17:13:14.6799084+08:00","2026-08-22T17:13:24.2910410+08:00","9.6111326","C:\Users\chaos\Desktop\biye\test\testH2_v2\terminalLoh_wdro\output\stage89l_h2_island_incremental_ablation\run-001\process_logs\formal-saa-state-018-attempt-001.txt","True"
"formal-dro-state-018","0","2026-08-22T17:13:24.2998675+08:00","2026-08-22T17:15:23.1597482+08:00","118.8598807","C:\Users\chaos\Desktop\biye\test\testH2_v2\terminalLoh_wdro\output\stage89l_h2_island_incremental_ablation\run-001\process_logs\formal-dro-state-018-attempt-001.txt","True"
"formal-saa-state-019","0","2026-08-22T17:15:23.1865721+08:00","2026-08-22T17:15:29.0339765+08:00","5.8474044","C:\Users\chaos\Desktop\biye\test\testH2_v2\terminalLoh_wdro\output\stage89l_h2_island_incremental_ablation\run-001\process_logs\formal-saa-state-019-attempt-001.txt","True"
"formal-dro-state-019","0","2026-08-22T17:15:29.0573973+08:00","2026-08-22T17:16:42.7312000+08:00","73.6738027","C:\Users\chaos\Desktop\biye\test\testH2_v2\terminalLoh_wdro\output\stage89l_h2_island_incremental_ablation\run-001\process_logs\formal-dro-state-019-attempt-001.txt","True"
"formal-saa-state-020","0","2026-08-22T17:16:42.7525685+08:00","2026-08-22T17:16:46.6408514+08:00","3.8882829","C:\Users\chaos\Desktop\biye\test\testH2_v2\terminalLoh_wdro\output\stage89l_h2_island_incremental_ablation\run-001\process_logs\formal-saa-state-020-attempt-001.txt","True"
"formal-dro-state-020","0","2026-08-22T17:16:46.6653673+08:00","2026-08-22T17:17:17.3767975+08:00","30.7114302","C:\Users\chaos\Desktop\biye\test\testH2_v2\terminalLoh_wdro\output\stage89l_h2_island_incremental_ablation\run-001\process_logs\formal-dro-state-020-attempt-001.txt","True"
"formal-saa-state-021","0","2026-08-22T17:17:17.3981320+08:00","2026-08-22T17:17:20.2084982+08:00","2.8103662","C:\Users\chaos\Desktop\biye\test\testH2_v2\terminalLoh_wdro\output\stage89l_h2_island_incremental_ablation\run-001\process_logs\formal-saa-state-021-attempt-001.txt","True"
"formal-dro-state-021","0","2026-08-22T17:17:20.2309742+08:00","2026-08-22T17:17:30.3135860+08:00","10.0826118","C:\Users\chaos\Desktop\biye\test\testH2_v2\terminalLoh_wdro\output\stage89l_h2_island_incremental_ablation\run-001\process_logs\formal-dro-state-021-attempt-001.txt","True"
"formal-saa-state-022","0","2026-08-22T17:17:30.3354548+08:00","2026-08-22T17:17:47.2558366+08:00","16.9203818","C:\Users\chaos\Desktop\biye\test\testH2_v2\terminalLoh_wdro\output\stage89l_h2_island_incremental_ablation\run-001\process_logs\formal-saa-state-022-attempt-001.txt","True"
"formal-dro-state-022","0","2026-08-22T17:17:47.2785894+08:00","2026-08-22T17:21:00.4245273+08:00","193.1459379","C:\Users\chaos\Desktop\biye\test\testH2_v2\terminalLoh_wdro\output\stage89l_h2_island_incremental_ablation\run-001\process_logs\formal-dro-state-022-attempt-001.txt","True"
"formal-saa-state-023","0","2026-08-22T17:21:00.4458691+08:00","2026-08-22T17:21:22.9624195+08:00","22.5165504","C:\Users\chaos\Desktop\biye\test\testH2_v2\terminalLoh_wdro\output\stage89l_h2_island_incremental_ablation\run-001\process_logs\formal-saa-state-023-attempt-001.txt","True"
"formal-dro-state-023","0","2026-08-22T17:21:22.9842623+08:00","2026-08-22T17:25:46.1812977+08:00","263.1970354","C:\Users\chaos\Desktop\biye\test\testH2_v2\terminalLoh_wdro\output\stage89l_h2_island_incremental_ablation\run-001\process_logs\formal-dro-state-023-attempt-001.txt","True"
"formal-saa-state-024","0","2026-08-22T17:25:46.1924712+08:00","2026-08-22T17:26:15.1958255+08:00","29.0033543","C:\Users\chaos\Desktop\biye\test\testH2_v2\terminalLoh_wdro\output\stage89l_h2_island_incremental_ablation\run-001\process_logs\formal-saa-state-024-attempt-001.txt","True"
"formal-dro-state-024","0","2026-08-22T17:26:15.2222843+08:00","2026-08-22T17:32:50.0054626+08:00","394.7831783","C:\Users\chaos\Desktop\biye\test\testH2_v2\terminalLoh_wdro\output\stage89l_h2_island_incremental_ablation\run-001\process_logs\formal-dro-state-024-attempt-001.txt","True"
"formal-saa-state-025","0","2026-08-22T17:32:50.0292112+08:00","2026-08-22T17:33:15.6466937+08:00","25.6174825","C:\Users\chaos\Desktop\biye\test\testH2_v2\terminalLoh_wdro\output\stage89l_h2_island_incremental_ablation\run-001\process_logs\formal-saa-state-025-attempt-001.txt","True"
"formal-dro-state-025","0","2026-08-22T17:33:15.6569047+08:00","2026-08-22T17:37:55.9785427+08:00","280.321638","C:\Users\chaos\Desktop\biye\test\testH2_v2\terminalLoh_wdro\output\stage89l_h2_island_incremental_ablation\run-001\process_logs\formal-dro-state-025-attempt-001.txt","True"
"formal-saa-state-026","0","2026-08-22T17:37:55.9990823+08:00","2026-08-22T17:38:10.3671531+08:00","14.3680708","C:\Users\chaos\Desktop\biye\test\testH2_v2\terminalLoh_wdro\output\stage89l_h2_island_incremental_ablation\run-001\process_logs\formal-saa-state-026-attempt-001.txt","True"
"formal-dro-state-026","0","2026-08-22T17:38:10.3855541+08:00","2026-08-22T17:41:06.7812098+08:00","176.3956557","C:\Users\chaos\Desktop\biye\test\testH2_v2\terminalLoh_wdro\output\stage89l_h2_island_incremental_ablation\run-001\process_logs\formal-dro-state-026-attempt-001.txt","True"
"formal-saa-state-027","0","2026-08-22T17:41:06.8064551+08:00","2026-08-22T17:41:13.6766099+08:00","6.8701548","C:\Users\chaos\Desktop\biye\test\testH2_v2\terminalLoh_wdro\output\stage89l_h2_island_incremental_ablation\run-001\process_logs\formal-saa-state-027-attempt-001.txt","True"
"formal-dro-state-027","0","2026-08-22T17:41:13.7049839+08:00","2026-08-22T17:42:24.4541750+08:00","70.7491911","C:\Users\chaos\Desktop\biye\test\testH2_v2\terminalLoh_wdro\output\stage89l_h2_island_incremental_ablation\run-001\process_logs\formal-dro-state-027-attempt-001.txt","True"
"formal-saa-state-028","0","2026-08-22T17:42:24.4767336+08:00","2026-08-22T17:42:28.3913010+08:00","3.9145674","C:\Users\chaos\Desktop\biye\test\testH2_v2\terminalLoh_wdro\output\stage89l_h2_island_incremental_ablation\run-001\process_logs\formal-saa-state-028-attempt-001.txt","True"
"formal-dro-state-028","0","2026-08-22T17:42:28.4110218+08:00","2026-08-22T17:42:56.1267382+08:00","27.7157164","C:\Users\chaos\Desktop\biye\test\testH2_v2\terminalLoh_wdro\output\stage89l_h2_island_incremental_ablation\run-001\process_logs\formal-dro-state-028-attempt-001.txt","True"
"formal-saa-state-029","0","2026-08-22T17:42:56.1429275+08:00","2026-08-22T17:43:25.5147105+08:00","29.371783","C:\Users\chaos\Desktop\biye\test\testH2_v2\terminalLoh_wdro\output\stage89l_h2_island_incremental_ablation\run-001\process_logs\formal-saa-state-029-attempt-001.txt","True"
"formal-dro-state-029","0","2026-08-22T17:43:25.5375803+08:00","2026-08-22T17:48:24.0315239+08:00","298.4939436","C:\Users\chaos\Desktop\biye\test\testH2_v2\terminalLoh_wdro\output\stage89l_h2_island_incremental_ablation\run-001\process_logs\formal-dro-state-029-attempt-001.txt","True"
"formal-saa-state-030","0","2026-08-22T17:48:24.0584075+08:00","2026-08-22T17:48:58.9118299+08:00","34.8534224","C:\Users\chaos\Desktop\biye\test\testH2_v2\terminalLoh_wdro\output\stage89l_h2_island_incremental_ablation\run-001\process_logs\formal-saa-state-030-attempt-001.txt","True"
"formal-dro-state-030","0","2026-08-22T17:48:58.9327834+08:00","2026-08-22T17:55:06.7834682+08:00","367.8506848","C:\Users\chaos\Desktop\biye\test\testH2_v2\terminalLoh_wdro\output\stage89l_h2_island_incremental_ablation\run-001\process_logs\formal-dro-state-030-attempt-001.txt","True"
"formal-saa-state-031","0","2026-08-22T17:55:06.8087363+08:00","2026-08-22T17:55:54.7476516+08:00","47.9389153","C:\Users\chaos\Desktop\biye\test\testH2_v2\terminalLoh_wdro\output\stage89l_h2_island_incremental_ablation\run-001\process_logs\formal-saa-state-031-attempt-001.txt","True"
"formal-dro-state-031","0","2026-08-22T17:55:54.7678951+08:00","2026-08-22T18:05:40.5264512+08:00","585.7585561","C:\Users\chaos\Desktop\biye\test\testH2_v2\terminalLoh_wdro\output\stage89l_h2_island_incremental_ablation\run-001\process_logs\formal-dro-state-031-attempt-001.txt","True"
"formal-saa-state-032","0","2026-08-22T18:05:40.5495754+08:00","2026-08-22T18:06:17.8025535+08:00","37.2529781","C:\Users\chaos\Desktop\biye\test\testH2_v2\terminalLoh_wdro\output\stage89l_h2_island_incremental_ablation\run-001\process_logs\formal-saa-state-032-attempt-001.txt","True"
"formal-dro-state-032","0","2026-08-22T18:06:17.8271604+08:00","2026-08-22T18:14:30.8966279+08:00","493.0694675","C:\Users\chaos\Desktop\biye\test\testH2_v2\terminalLoh_wdro\output\stage89l_h2_island_incremental_ablation\run-001\process_logs\formal-dro-state-032-attempt-001.txt","True"
"formal-saa-state-033","0","2026-08-22T18:14:30.9136584+08:00","2026-08-22T18:14:52.9127675+08:00","21.9991091","C:\Users\chaos\Desktop\biye\test\testH2_v2\terminalLoh_wdro\output\stage89l_h2_island_incremental_ablation\run-001\process_logs\formal-saa-state-033-attempt-001.txt","True"
"formal-dro-state-033","0","2026-08-22T18:14:52.9319035+08:00","2026-08-22T18:19:16.1794050+08:00","263.2475015","C:\Users\chaos\Desktop\biye\test\testH2_v2\terminalLoh_wdro\output\stage89l_h2_island_incremental_ablation\run-001\process_logs\formal-dro-state-033-attempt-001.txt","True"
"formal-saa-state-034","0","2026-08-22T18:19:16.2044639+08:00","2026-08-22T18:19:28.8550593+08:00","12.6505954","C:\Users\chaos\Desktop\biye\test\testH2_v2\terminalLoh_wdro\output\stage89l_h2_island_incremental_ablation\run-001\process_logs\formal-saa-state-034-attempt-001.txt","True"
"formal-dro-state-034","0","2026-08-22T18:19:28.8781682+08:00","2026-08-22T18:21:48.1545106+08:00","139.2763424","C:\Users\chaos\Desktop\biye\test\testH2_v2\terminalLoh_wdro\output\stage89l_h2_island_incremental_ablation\run-001\process_logs\formal-dro-state-034-attempt-001.txt","True"
"formal-saa-state-035","0","2026-08-22T18:21:48.1806483+08:00","2026-08-22T18:21:57.6721842+08:00","9.4915359","C:\Users\chaos\Desktop\biye\test\testH2_v2\terminalLoh_wdro\output\stage89l_h2_island_incremental_ablation\run-001\process_logs\formal-saa-state-035-attempt-001.txt","True"
"formal-dro-state-035","0","2026-08-22T18:21:57.6971968+08:00","2026-08-22T18:23:26.3146267+08:00","88.6174299","C:\Users\chaos\Desktop\biye\test\testH2_v2\terminalLoh_wdro\output\stage89l_h2_island_incremental_ablation\run-001\process_logs\formal-dro-state-035-attempt-001.txt","True"
"finalize","1","2026-08-22T18:23:41.9189561+08:00","2026-08-22T18:23:46.8075533+08:00","4.8885972","C:\Users\chaos\Desktop\biye\test\testH2_v2\terminalLoh_wdro\output\stage89l_h2_island_incremental_ablation\run-001\process_logs\finalize-attempt-001.txt","False"
"finalize","0","2026-08-22T18:24:17.9060826+08:00","2026-08-22T18:24:21.2389414+08:00","3.3328588","C:\Users\chaos\Desktop\biye\test\testH2_v2\terminalLoh_wdro\output\stage89l_h2_island_incremental_ablation\run-001\process_logs\finalize-attempt-002.txt","True"
"finalize","0","2026-08-22T18:25:57.3788417+08:00","2026-08-22T18:25:59.7445473+08:00","2.3657056","C:\Users\chaos\Desktop\biye\test\testH2_v2\terminalLoh_wdro\output\stage89l_h2_island_incremental_ablation\run-001\process_logs\finalize-attempt-003.txt","True"
