"version_id","version_name","category","approx_date","parent_version","parent_confidence","based_on_evidence","purpose","problem_being_solved","main_changes","model_structure_change","parameter_change","data_change","runner_change","checkpoint_change","oos_change","terminal_loh_change","capacity_change","key_functions_added","key_files","input_source","output_path","key_result","status","accepted_or_not","superseded_by","still_reusable_parts","current_relevance","evidence_paths","notes"
"W00","legacy wind_mc-roadSoft-RiskCap-Mean","W_MODEL","pre-2026-07","UNCERTAIN","LOW","legacy paths and log","early W consequence modeling","represent wind-road-grid risk","legacy wind_mc roadSoft RiskCap-Mean","YES legacy structure","YES legacy settings","YES legacy samples","UNCERTAIN","N/A","N/A","YES legacy objective","NO","UNCERTAIN","terminalLoh_wdro/","legacy W inputs","historical outputs","established early W prototype","SUPERSEDED","NO","W02","conceptual W1-W3 decomposition","historical only","terminalLoh_wdro/; codex_rule/log.md","Parent cannot be proven from current artifacts"
"W01","Stage1 check and W3 lookahead preview","W_DIAGNOSTIC","2026-07","W00","MEDIUM","docs and checks paths","validate W state/check pipeline","early W implementation uncertainty","added stage checks and lookahead preview","NO","NO","YES preview data","YES checks","N/A","N/A","NO","NO","stage1_check; lookahead helpers","terminalLoh_wdro/checks/stage1_check; terminalLoh_wdro/docs","legacy W config","checks/stage1_check","validated preview mechanics","HISTORICAL","NO","W02","check ideas","historical evidence","terminalLoh_wdro/checks/stage1_check/README_stage1_check.md; terminalLoh_wdro/docs/README_lookahead_W3_path_generation.md","Not a formal bank"
"W02","W3 B1-B2 D-A-C samples","W_DATA_MODEL","2026-07","W01","MEDIUM","README names and log","create post-landfall consequence samples","missing D/A/C representation","introduced W3 B1/B2 D/A/C sample variants","YES D/A/C representation","YES R/sample settings","YES consequence samples","YES generation scripts","N/A","N/A","YES early TerminalLOH inputs","NO","UNCERTAIN","terminalLoh_wdro/docs/README_lookahead_W3_B1_DAC_samples.md; README_lookahead_W3_B2_DAC_samples_R200.md","W3 samples","historical W outputs","enabled D/A/C experiments","HISTORICAL","NO","W03","D/A/C concepts","method history","terminalLoh_wdro/docs/README_lookahead_W3_B1_DAC_samples.md; terminalLoh_wdro/docs/README_lookahead_W3_B2_DAC_samples_R200.md","Exact B1/B2 parent ordering partly uncertain"
"W03","Stage2B bounded-stagewise random wind","W_DATA_MODEL","2026-07-24","W02","MEDIUM","git commits 92c3b8b/e162ac3/ca9f4a4","replace deterministic wind sensitivity","wind randomness realism","bounded then stagewise-random wind","YES wind process","YES wind bounds","YES random samples","YES generation","N/A","N/A","INDIRECT","NO","random-wind generators","terminalLoh_wdro; results/07-09","B2 D/A/C","results/task-002-stage2b-b3-smoke/07-09*","accepted stagewise random concept","HISTORICAL","YES historically","W04","random wind definitions","historical provenance","git log; results/task-002-stage2b-b3-smoke/07-a6-bounded-random-wind; 08-stagewise-random-wind","Stage number alone not used"
"W04","Stage3I formal stagewise-random B3 freeze","W_DATA","2026-07-24","W03","HIGH","git commits 473a0d0 and ca9f4a4","freeze WDRO inputs","unstable candidate data identity","formal B3 dataset freeze","NO","NO","YES frozen B3","YES freeze tooling","N/A","N/A","YES WDRO input","NO","freeze scripts/manifests","results/09-formal-stagewise-random-b3; 10-wdro-input-freeze","stagewise random B3","results/task-002-stage2b-b3-smoke/09-formal-stagewise-random-b3","formalized early WDRO dataset","HISTORICAL","YES historically","W05","frozen random identity concepts","source lineage","git log; results/09-formal-stagewise-random-b3; results/10-wdro-input-freeze","Later geometry/banks replace data"
"W05","Step03Z three-period consequence freeze","W_MODEL_DATA","2026-07-29","W04","HIGH","git commits 6863500/66b7fb3/9614349","preserve W1-W3 timing","aggregate loss may hide temporal information","three-period model and corrected D scaling","YES three-period model","YES D scaling","YES period-resolved DAC","YES audit runners","N/A","N/A","YES recourse input","NO","period LP/audit functions","results/27-40*","formal B3 period data","results/task-002-stage2b-b3-smoke/37-three-period-model-freeze","period model identity closed","HISTORICAL","YES method evidence","W06","period definitions and cross-checks","method history","git log; results/37-three-period-model-freeze/run-001/README.md; results/40-corrected-period-Dscale-alignment","Not current W generator"
"W06","Step04A probability-DRO feasibility","W_METHOD","2026-07-30","W05","HIGH","git commit 0911c08 and README","move from ground-cost to probability ambiguity","Wasserstein ground metric decision instability","probability-DRO feasibility formulation","YES ambiguity model","YES feasibility settings","NO","YES solver audit","N/A","N/A","YES DRO formulation","NO","probability DRO solver","results/41-probability-dro-mainline-feasibility","period consequence support","results/task-002-stage2b-b3-smoke/41-probability-dro-mainline-feasibility","probability mainline feasible","HISTORICAL","YES method transition","W07","probability ambiguity concept","direct method ancestor","git log; results/41-probability-dro-mainline-feasibility/run-003/README.md","Supersedes old ground metric line"
"W07","Step04B flat Pearson chi-square solver","W_METHOD","2026-07-31","W06","HIGH","git commit 920bc89 and README","productionize probability DRO","need scalable exact solver","flat Pearson chi-square ambiguity solver","YES DRO solver","YES eta interface","NO","YES production solver","N/A","N/A","YES Pearson DRO","NO","flat chi2 solver","results/42-flat-chi2-dro-production-solver","finite support probabilities","results/task-002-stage2b-b3-smoke/42-flat-chi2-dro-production-solver","accepted DRO method","ACCEPTED","YES","NONE","Pearson solver","active method ancestor","git log; results/42-flat-chi2-dro-production-solver/run-003/README.md","Method remains current though data changed"
"W08","C5B unified TerminalLOH economics","TERMINAL_LOH_METHOD","2026-08-02","W07","HIGH","git commit 309639d","unify objective economics","inconsistent cost interpretations","fixed c_H2 and M_H2 economics","YES recourse economics","YES cost coefficients","NO","YES analysis","N/A","N/A","YES objective","NO","TerminalLOH recourse solver","results/51-unified-economic-terminal-loh","flat chi2 consequences","results/task-002-stage2b-b3-smoke/51-unified-economic-terminal-loh","unified objective","ACCEPTED","YES","NONE","economic constants","active TerminalLOH ancestor","git log; results/51-unified-economic-terminal-loh/run-003/README.md","Current W bundle cites same constants"
"W09","C5C eta-response audit","TERMINAL_LOH_SENSITIVITY","2026-08-03","W08","HIGH","git commit 6840dcc","choose robust radius","eta saturation unknown","eta response sweep","NO","YES eta sweep","NO","YES audit","N/A","N/A","YES eta selection","NO","eta audit","results/52-eta-response-saturation-audit","unified economics","results/task-002-stage2b-b3-smoke/52-eta-response-saturation-audit","supported eta=0.03","DIAGNOSTIC_ONLY","YES conclusion","W10","eta choice evidence","active eta provenance","git log; results/52-eta-response-saturation-audit/run-003/README.md","Sweep arms are not mainline"
"W10","Stage53 35-state SAA vs eta003 TerminalLOH","TERMINAL_LOH_DATA","2026-08-08","W08;W09","HIGH","git commit eb83882 and results","create FA-MSP lookup tables","need all-state SAA/DRO targets","generated 35x4 SAA and eta=.03 tables","NO","YES eta=.03","YES 35-state tables","YES finalizer","N/A","N/A","YES lookup tables","NO","table generators","results/53-35state-saa-vs-eta003-terminal-loh","historical W support","results/task-002-stage2b-b3-smoke/53-35state-saa-vs-eta003-terminal-loh","legacy lookup mainline","SUPERSEDED","YES historically","W24","loader/table format","legacy only","git log; results/53-35state-saa-vs-eta003-terminal-loh/run-024/README.md","Replaced by Stage88 CAP200"
"M00","legacy aggregate FA-MSP 6h","MSP_MODEL","pre-2026-08","UNCERTAIN","MEDIUM","main launcher chain and longtask","baseline near-stage optimization","initial H2 MSP","aggregate stage model with 4D inventory","YES aggregate","YES dt defaults","YES 6h block data","YES legacy main","YES legacy checkpoints","YES legacy eval","YES Stage7 lookup","YES legacy capacities","main_msp_h2_near; load_data; define_models; train","main_msp_h2_near.m; fa_h2/","NearStageInput","output and legacy results","established base MSP","HISTORICAL","YES historically","I07","core FA-MSP concepts","legacy only","main_msp_h2_near.m; codex_rule/longtask.md; codex_rule/log.md","Default entry is not current Stage88 model"
"M01","Stage55 native main smoke","MSP_SMOKE","2026-08-08","M00;W10","HIGH","git commit afcdd44","prove safe native execution","integration risk","isolated one-hour/fixed-budget smoke","NO","NO","NO","YES smoke wrapper","NO","NO","YES Stage53 load","NO","stage55 smoke launcher","results/55-main-msp-native-smoke","legacy + Stage53","results/task-002-stage2b-b3-smoke/55-main-msp-native-smoke","native smoke passed","SMOKE_ONLY","YES smoke","M02","safe launcher pattern","historical","git log; results/55-main-msp-native-smoke/run-001/README.md","No convergence claim"
"M02","Stage56 dual TerminalLOH smoke","MSP_INTERFACE","2026-08-08","M01;W10","HIGH","git commit 06f1086","wire SAA and DRO lookup","TerminalLOH interface integration","dual lookup loader smoke","NO","YES method switch","YES dual tables","YES runner","NO","NO","YES Stage53 SAA/DRO","NO","lookup loader","results/56-main-msp-dual-terminal-loh-smoke","Stage53 tables","results/task-002-stage2b-b3-smoke/56-main-msp-dual-terminal-loh-smoke","both lookup modes passed","SMOKE_ONLY","YES interface","M03","loader interface","legacy only","git log; results/56-main-msp-dual-terminal-loh-smoke/run-001/README.md","Stage88 later uses stricter loader"
"M03","Stage57 fixed-budget Stage53 A-B","TRAINING_RUNNER","2026-08-09","M02","HIGH","result README and log","compare SAA/DRO training","need policy comparison","fixed one-hour budget per arm","NO","NO","NO","YES training runner","YES checkpoints","YES evaluation","NO","NO","training wrapper","results/57-main-msp-converged-terminal-loh-ab","Stage53 lookup","results/task-002-stage2b-b3-smoke/57-main-msp-converged-terminal-loh-ab","completed but not convergence-certified","HISTORICAL","NO formal","M10","fixed-budget pattern","do not treat as converged","results/57-main-msp-converged-terminal-loh-ab/run-003/README.md; codex_rule/log.md","DOCUMENTATION_CODE_MISMATCH: directory name converged vs stop flag"
"M04","Stage71 8h capacity sensitivity","PARAMETER_SENSITIVITY","2026-08-12","M03","MEDIUM","git commit ed0fec4 and README","test duration/effective capacity","6h may constrain production","dt and effective capacity sweep","NO","YES 6h/8h","NO","YES sensitivity runner","NO","NO","NO","YES effective capacity","stage duration audit","results/71-stage-duration-capacity-sensitivity","legacy model","results/task-002-stage2b-b3-smoke/71-stage-duration-capacity-sensitivity","showed 8h effect","SENSITIVITY_ONLY","NO","I07","duration evidence","historical parameter evidence","git log; results/71-stage-duration-capacity-sensitivity/run-001/cross_analysis/run-001/README.md","Did not change main"
"M05","Stage73 HTT cost sensitivity","PARAMETER_SENSITIVITY","2026-08-13","M03","MEDIUM","git commit c185a35","test transport economics","HTT behavior unclear","transport cost sweep","NO","YES HTT cost","NO","YES audit","NO","NO","NO","NO","HTT audit","results/73-htt-transport-cost-sensitivity","legacy HTT","results/task-002-stage2b-b3-smoke/73-htt-transport-cost-sensitivity","quantified HTT sensitivity","SENSITIVITY_ONLY","NO","M21","HTT evidence","historical parameter evidence","git log; results/73-htt-transport-cost-sensitivity","Not hourly HTT"
"M06","Stage79 hourly grid 0.95-1.05","MSP_MODEL_SMOKE","2026-08-13","M00","HIGH","git commit 15a47f7 and README","add IEEE33 hourly coupling","aggregate grid lacks hourly physics","8 hourly LinDistFlow slots with tight voltage","YES hourly IEEE33","YES voltage range","YES grid mapping","YES smoke","NO","NO","NO","NO","hourly grid builders","hourly_grid_h2; results/79-hourly-grid-lindistflow-smoke","legacy MSP + IEEE33","results/task-002-stage2b-b3-smoke/79-hourly-grid-lindistflow-smoke","infeasible under tight band","FAILED","NO","M07","hourly grid code","structural ancestor","git log; results/79-hourly-grid-lindistflow-smoke/README.md","Failure parameter-specific"
"M07","Stage80 hourly grid 0.90-1.10","MSP_MODEL","2026-08-13","M06","HIGH","same commit lineage and README","restore feasible hourly grid","Stage79 voltage infeasibility","widened voltage range","NO structure relative M06","YES voltage 0.90-1.10","NO","YES smoke","NO","NO","NO","NO","hourly grid builders","results/80-hourly-grid-voltage-range-smoke","Stage79 model","results/task-002-stage2b-b3-smoke/80-hourly-grid-voltage-range-smoke","hourly grid smoke passed","ACCEPTED","YES structure","NONE","hourly IEEE33","current model ancestor","results/80-hourly-grid-voltage-range-smoke/README.md; git log","Current bundle keeps 0.90-1.10"
"M08","Stage81 hourly short training","TRAINING_CHECKPOINT","2026-08-13","M07","HIGH","git commit f84fa28 and log","test training/checkpoint","hourly policy persistence","short training plus wrapper diagnostics","PARTIAL","NO","NO","YES","YES checkpoint wrapper","YES diagnostics","INCORRECT terminal path initially","NO","Stage81 runner","results/81-hourly-grid-short-training","Stage80","results/task-002-stage2b-b3-smoke/81-hourly-grid-short-training","exposed Stage7/8 and diagnostic issues","FAILED","NO","M09","checkpoint wrapper fragments","bug provenance","git log; codex_rule/log.md; results/81-hourly-grid-short-training","Model semantics failure fixed next"
"M09","Stage82 terminal semantics fix","MSP_MODEL_FIX","2026-08-13","M08","HIGH","git commit db3c55a and README","fix Stage7/8 regression","terminal stages incorrectly hourly","limit operating model to Stage1-6; analytic Stage7; absorbing Stage8","YES terminal structure","NO","NO","YES dispatch fix","NO","NO","YES corrected","NO","dispatch/builders","results/82-hourly-grid-terminal-semantics-fix","Stage81","results/task-002-stage2b-b3-smoke/82-hourly-grid-terminal-semantics-fix","terminal semantics restored","ACCEPTED","YES","NONE","Stage7/8 dispatch","current model ancestor","git log; results/82-hourly-grid-terminal-semantics-fix/README.md","Major regression fix"
"M10","Stage84 formal hourly-grid training OOS","TRAINING_OOS","2026-08-13","M07;M09","HIGH","git commits ea7ed91/cd70843","formalize training and OOS","smoke not enough","formal launcher training checkpoint OOS","NO relative structure","NO","YES OOS banks","YES formal runner","YES","YES","NO","NO","Stage84 launchers","results/84-hourly-grid-formal-training-oos","Stage80+82","results/task-002-stage2b-b3-smoke/84-hourly-grid-formal-training-oos","formal hourly-grid workflow","ACCEPTED","YES historical","M22","runner groundwork","historical runner ancestor","git log; codex_rule/log.md","H2 and HTT still stage-level"
"M11","Stage84A OOS hourly schema fix","OOS_FIX","2026-08-14","M10","HIGH","git commit 4935f22","preserve typed empty responses","OOS schema mismatch","typed-empty schema repair","NO","NO","NO","YES","NO","YES schema","NO","NO","schema helper","results/84A-oos-hourly-schema-fix","Stage84 checkpoint","results/task-002-stage2b-b3-smoke/84A-oos-hourly-schema-fix","OOS schema pass","ACCEPTED","YES","NONE","schema pattern","bug registry","git log; codex_rule/log.md","Engineering fix only"
"M12","Stage84B common-path OOS","OOS_RUNNER","2026-08-14","M10;M11","HIGH","git commit c63c3fc","paired policy comparison","independent paths confound comparison","full common-path OOS and paired analysis","NO","NO","YES common bank","YES","NO","YES paired OOS","NO","NO","OOS runner","results/84B-full-common-oos-paired-analysis","Stage84 policies","results/task-002-stage2b-b3-smoke/84B-full-common-oos-paired-analysis","common-path analysis complete","ACCEPTED","YES historical","M34","common-path design","runner ancestor","git log; results/84B-full-common-oos-paired-analysis/run-001/README.md","Stage85R uses new bank implementation"
"M13","Stage84C-E mechanism and figures","MSP_DIAGNOSTIC","2026-08-14","M12","HIGH","git commit db532c4 and results","explain OOS mechanisms","formal results need interpretation","deep mechanism/common path/figures","NO","NO","NO","YES analysis","NO","NO","NO","NO","analysis scripts","results/84C-84E*","Stage84B outputs","results/task-002-stage2b-b3-smoke/84C-deep-oos-mechanism-analysis","mechanism evidence","DIAGNOSTIC_ONLY","YES evidence","NONE","analysis methods","historical explanation","git log; results/84C-deep-oos-mechanism-analysis/run-001/README.md","84D/E grouped"
"M14","Stage85A hourly H2 model audit","MSP_DIAGNOSTIC","2026-08-15","M10","HIGH","README and log","audit time scales","hourly grid mislabeled full hourly model","traced P_EL demand inventory HTT and 6h metadata","NO","NO","NO","YES audit","NO","NO","NO","NO","audit script","results/85A-hourly-h2-model-audit","Stage84 model","results/task-002-stage2b-b3-smoke/85A-hourly-h2-model-audit","found H2 and HTT stage-level","DIAGNOSTIC_ONLY","YES conclusion","M15;M21","time-scale audit","current ancestry evidence","results/85A-hourly-h2-model-audit/run-001/README.md; codex_rule/log.md","Key mixed-scale diagnosis"
"M15","Stage85B hourly H2 minimal implementation","MSP_MODEL","2026-08-15","M14;M09","HIGH","README launcher chain log","make H2 hourly","H2 stage aggregation","hourly production service inventory with 4D state","YES hourly H2","NO","YES stage-total divided by 8","YES builders","NO","NO","NO","NO","build_integrated_hourly_stage_model_h2","hourly_grid_h2; results/85B-hourly-h2-minimal-implementation","Stage84 data","results/task-002-stage2b-b3-smoke/85B-hourly-h2-minimal-implementation","hourly H2 structure passed","ACCEPTED","YES structure","NONE","hourly H2 builder","current model ancestor","results/85B-hourly-h2-minimal-implementation/run-001/README.md; codex_rule/log.md","Demand mapping later superseded"
"M16","Stage85C representative path smoke","MSP_SMOKE","2026-08-15","M15","HIGH","result README","validate hourly H2 path","new model feasibility","representative path solve","NO","NO","NO","YES smoke","NO","NO","NO","NO","smoke runner","results/85C-hourly-h2-representative-path-smoke","Stage85B","results/task-002-stage2b-b3-smoke/85C-hourly-h2-representative-path-smoke","path smoke passed","SMOKE_ONLY","YES smoke","NONE","test pattern","validation only","results/85C-hourly-h2-representative-path-smoke/run-001/README.md","No training"
"M17","Stage85D hourly H2 batch stress","MSP_SMOKE","2026-08-15","M15","HIGH","result README","stress test model","single path insufficient","batch solve stress","NO","NO","NO","YES batch runner","NO","NO","NO","NO","stress runner","results/85D-hourly-h2-batch-stress","Stage85B","results/task-002-stage2b-b3-smoke/85D-hourly-h2-batch-stress","batch stability evidence","SMOKE_ONLY","YES smoke","NONE","stress checks","validation only","results/85D-hourly-h2-batch-stress/run-001/README.md","No lineage promotion"
"M18","Stage85E hourly H2 training pilot","TRAINING_RUNNER","2026-08-15","M15","HIGH","result README and log","pilot train hourly H2","need training telemetry","logging and pilot driver","NO","NO","NO","YES","YES","YES diagnostic","NO","NO","training pilot","results/85E-hourly-h2-training-pilot","Stage85B","results/task-002-stage2b-b3-smoke/85E-hourly-h2-training-pilot","exposed eager LB access bug","HISTORICAL","NO","M19;M22","logging ideas","bug provenance","results/85E-hourly-h2-training-pilot/run-002/README.md; codex_rule/log.md","Model not root cause"
"M19","Stage85E-A pilot driver fix","RUNNER_FIX","2026-08-15","M18","HIGH","README and log","repair pilot driver","eager LB(0) access","initialize/access LB safely","NO","NO","NO","YES","NO","NO","NO","NO","pilot driver fix","results/85E-A-pilot-driver-fix","Stage85E","results/task-002-stage2b-b3-smoke/85E-A-pilot-driver-fix","driver regression fixed","ACCEPTED","YES engineering","NONE","driver fix","problem registry","results/85E-A-pilot-driver-fix/run-001/README.md","No model change"
"M20","Stage85F HTT cost audit","MSP_DIAGNOSTIC","2026-08-15","M15","MEDIUM","README and log","audit HTT behavior","transport timing/cost unclear","source and cost audit","NO","NO","NO","YES audit","NO","NO","NO","NO","HTT audit","results/85F-htt-cost-audit","Stage85B","results/task-002-stage2b-b3-smoke/85F-htt-cost-audit","supported hourly HTT design","DIAGNOSTIC_ONLY","YES conclusion","M21","HTT evidence","current ancestry","results/85F-htt-cost-audit/run-001/README.md","No model change"
"M21","Stage85G hourly HTT minimal implementation","MSP_MODEL","2026-08-15","M15;M20","HIGH","README source chain log","make HTT hourly","stage-level transport","hourly flows and end-of-hour arrival","YES hourly HTT","YES 1h timing","NO","YES builders","NO","NO","NO","NO","hourly HTT builder/update","results/85G-hourly-htt-minimal-implementation; hourly_grid_h2","Stage85B","results/task-002-stage2b-b3-smoke/85G-hourly-htt-minimal-implementation","hourly HTT structure passed","ACCEPTED","YES structure","NONE","hourly HTT","current model ancestor","results/85G-hourly-htt-minimal-implementation/run-001/README.md; codex_rule/log.md","4D interstage state retained"
"M22","Stage85H hourly HTT training pilot","TRAINING_CHECKPOINT_OOS","2026-08-15","M21;M10","HIGH","source markers README log","train full hourly H2-HTT","need checkpointed policy diagnostics","fresh SAA/DRO smoke and 10iter pilots plus diagnostic","NO","NO","NO","YES new staged runner","YES safe save and reload attempt","YES 80-path diagnostic","NO","NO","run_stage85h_hourly_htt_training_pilot_h2","hourly_grid_h2/run_stage85h_hourly_htt_training_pilot_h2.m","Stage85G model","results/task-002-stage2b-b3-smoke/85H-hourly-htt-training-pilot","training worked; same-process reload OOM; finalizer defect","HISTORICAL","PARTIAL","M23;M24","training/checkpoint schema","checkpoint ancestor","source; results/85H-hourly-htt-training-pilot/run-003/README.md; log","Failed runs separated from model validity"
"M23","Stage85H-A clean-process reload fix","CHECKPOINT_FIX","2026-08-15","M22","HIGH","source lines 553-557 reload audit orchestrator README","remove reload memory peak","same-process compressed-to-28.5GB load OOM","save-exit-clean-process single load and gates","NO","NO","NO","YES phase orchestrator","YES clean reload","YES gated diagnostics","NO","NO","run_stage85h_a_checkpoint_reload_audit_h2","hourly_grid_h2/run_stage85h_a_checkpoint_reload_audit_h2.m; orchestrate_stage85h_hourly_htt_training_pilot.ps1","Stage85H checkpoint","results/85H-A-checkpoint-reload-fix","clean reload about 40.096s and PASS","ACCEPTED","YES","NONE","checkpoint mechanism","current checkpoint ancestor","source files; results/85H-A-checkpoint-reload-fix/run-001/README.md; log","No model/schema/training change"
"M24","Stage85H-B finalizer schema recovery","RECOVERY","2026-08-15","M22","HIGH","README and source lineage markers","recover completed run","finalizer schema failed after science","report-only recovery","NO","NO","NO","YES recovery finalizer","NO reload","NO rerun","NO","NO","run_stage85h_b_finalization_recovery_h2","hourly_grid_h2; results/85H-B-finalizer-schema-fix","Stage85H run-002 artifacts","results/task-002-stage2b-b3-smoke/85H-B-finalizer-schema-fix","recovered 10iter 10510-cut report","RECOVERY_ONLY","YES recovery","NONE","finalizer recovery pattern","historical bug fix","results/85H-B-finalizer-schema-fix/run-001/README.md; log","No checkpoint mutation"
"M25","Stage85I block-uniform hourly demand","MSP_DATA_MODEL","2026-08-16","M21","HIGH","README and log","remap demand hourly","stage blocks fed hourly model","divide each block uniformly","YES demand mapping","NO","YES block-uniform","YES mapper","NO","NO","NO","NO","demand mapper","results/85I-hourly-demand-remap","6h stage_template","results/task-002-stage2b-b3-smoke/85I-hourly-demand-remap","hourly but not original profile","SUPERSEDED","NO","M27","mapper tests","do not use current","results/85I-hourly-demand-remap/run-001/README.md; log","Superseded by original hourly data"
"M26","Stage85J hourly demand source audit","DATA_DIAGNOSTIC","2026-08-16","M25","HIGH","README and log","trace demand provenance","original hourly values lost in blocks","proved hourly_kg to 6h stage_template chain","NO","NO","NO","YES audit","NO","NO","NO","NO","source audit","results/85J-hourly-demand-source-audit","NearStageInput metadata","results/task-002-stage2b-b3-smoke/85J-hourly-demand-source-audit","generation script unavailable; source chain identified","DIAGNOSTIC_ONLY","YES conclusion","M27","provenance evidence","current data ancestor","results/85J-hourly-demand-source-audit/run-001/README.md; log","Supports metadata distinction"
"M27","Stage85K original hourly demand integration","MSP_DATA_MODEL","2026-08-16","M21;M26","HIGH","README source paths log","use original demand","block-uniform loses shape","direct hourly_kg 24h repeated to 48h","YES demand semantics","NO","YES original-hourly","YES mapper/loader","NO","NO","NO","NO","map_normal_demand_48h_h2","results/85K-original-hourly-demand-integration; hourly_grid_h2","original hourly_kg","results/task-002-stage2b-b3-smoke/85K-original-hourly-demand-integration","complete original-hourly model","ACCEPTED","YES","NONE","original demand mapper","current model ancestor","results/85K-original-hourly-demand-integration/run-001/README.md; log","Active demand schema ancestor"
"M28","Stage85L DRO hourly demand HTT pilot","TRAINING_CHECKPOINT","2026-08-16","M27;M23","HIGH","source README log","train complete hourly model","need fragmentation evidence","DRO 10iter plus 1000 diagnostics and checkpoint reload","NO","NO","NO","YES","YES","YES","NO","NO","Stage85L runner","results/85L-dro-hourly-demand-htt-fragmentation","Stage85K model","results/task-002-stage2b-b3-smoke/85L-dro-hourly-demand-htt-fragmentation","science complete; finalizer index bug","HISTORICAL","PARTIAL","M29;M34","pilot/checkpoint patterns","runner evidence","results/85L-dro-hourly-demand-htt-fragmentation/run-002/README.md; log","run-001 finalizer failed"
"M29","Stage85L-A active-index finalizer fix","RECOVERY","2026-08-16","M28","HIGH","README and log","recover final report","numeric active index schema bug","report/finalizer-only fix","NO","NO","NO","YES recovery","NO","NO rerun","NO","NO","finalizer recovery","results/85L-A-finalizer-active-fix","Stage85L completed artifacts","results/task-002-stage2b-b3-smoke/85L-A-finalizer-active-fix","final report recovered","RECOVERY_ONLY","YES recovery","NONE","finalizer guard","problem registry","results/85L-A-finalizer-active-fix/run-001/README.md; log","No training"
"M30","Stage85N shortage100 c0-5 diagnostic","PARAMETER_DIAGNOSTIC","2026-08-16","M28","MEDIUM","result README and log","test economic mechanism","early production/fragmentation unclear","shortage=100 c0=5 diagnostic","NO","YES penalties/c0","NO","YES diagnostic","NO","YES small eval","NO","NO","diagnostic runner","results/85N-shortage100-htt-c0-5-diagnostic","Stage85K model","results/task-002-stage2b-b3-smoke/85N-shortage100-htt-c0-5-diagnostic","parameter mechanism evidence","DIAGNOSTIC_ONLY","NO mainline","M34","economic clues","sensitivity only","results/85N-shortage100-htt-c0-5-diagnostic/run-001/README.md","Not adopted"
"M31","Stage85O economic calibration pilot","PARAMETER_SENSITIVITY","2026-08-16","M30","MEDIUM","result README and log","calibrate incentives","policy behavior poorly separated","fresh short parameter pilots","NO","YES c0/cd/penalties","NO","YES","YES fresh","YES short","NO","NO","calibration runner","results/85O-economic-calibration-fresh-short-pilot","Stage85K model","results/task-002-stage2b-b3-smoke/85O-economic-calibration-fresh-short-pilot","narrowed candidates","SENSITIVITY_ONLY","NO","M32;M34","parameter evidence","sensitivity only","results/85O-economic-calibration-fresh-short-pilot/run-004/README.md","No formal adoption"
"M32","Stage85P shortage150 pilot","PARAMETER_SENSITIVITY","2026-08-16","M31","HIGH","README and log","test P150","compare shortage penalty","fresh P150 short pilot","NO","YES shortage=150","NO","YES","YES","YES","NO","NO","P150 pilot","results/85P-shortage150-c0-5-fresh-short-pilot","Stage85K model","results/task-002-stage2b-b3-smoke/85P-shortage150-c0-5-fresh-short-pilot","P150 candidate established","SENSITIVITY_ONLY","NO","M34","P150 config","formal comparison input","results/85P-shortage150-c0-5-fresh-short-pilot/run-002/README.md","Not current parameter"
"M33","Stage85Q P150 fragmentation diagnostic","PARAMETER_DIAGNOSTIC","2026-08-16","M32","HIGH","README and source references","explain P150 behavior","fragmentation mechanism unclear","targeted P150 diagnostic","NO","NO","NO","YES","NO","YES diagnostic","NO","NO","fragmentation analysis","results/85Q-p150-fragmentation-mechanism-diagnostic","Stage85P outputs","results/task-002-stage2b-b3-smoke/85Q-p150-fragmentation-mechanism-diagnostic","mechanism evidence for formal A-B","DIAGNOSTIC_ONLY","YES evidence","M34","diagnostic design","formal comparison provenance","results/85Q-p150-fragmentation-mechanism-diagnostic/run-001/README.md","No model change"
"M34","Stage85R P150-P200 5h training 10k OOS","TRAINING_CHECKPOINT_OOS","2026-08-17","M27;M23;M30;M31;M32;M33","HIGH","runner source orchestrator README log","formal parameter comparison","short pilots insufficient","fresh serial 5h arms clean audits new common 10k bank paired OOS","NO","YES P150/P200 c0=5 cd=.2","YES new 10k bank","YES dedicated runner","YES per-arm checkpoint","YES paired common-bank 10k","YES Stage53 eta003 historical table","NO","run_stage85r_dro_p150_p200_5h_10k_h2","hourly_grid_h2/run_stage85r_dro_p150_p200_5h_10k_h2.m; orchestrate_stage85r_dro_p150_p200_5h_10k.ps1","Stage85K model and Stage53 table","results/task-002-stage2b-b3-smoke/85R-dro-p150-p200-5h-training-10k-oos","P200 supported by 5h 10k OOS","ACCEPTED","YES","NONE","formal runner/OOS engineering","primary historical runner mother","source; results/85R.../run-005/README.md; log","Uses pre-Stage88 TerminalLOH; native heap/finalizer recovery recorded"
"M35","Stage85S-T P200 figures","PRESENTATION_DIAGNOSTIC","2026-08-17","M34","HIGH","result paths and README","visualize accepted P200","need representative paths","paper and multipath figures","NO","NO","NO","YES analysis","NO","NO","NO","NO","figure scripts","results/85S*; results/85T*","Stage85R P200","results/task-002-stage2b-b3-smoke/85S*;85T*","figure evidence","DIAGNOSTIC_ONLY","YES evidence","NONE","plotting tools","explanation only","result READMEs","Grouped because no policy lineage change"
"M36","Stage85U early-reserve wait-and-see audits","MSP_DIAGNOSTIC","2026-08-18","M34","HIGH","result READMEs","explain policy behavior","early termination/reserve motivation unclear","path and effect-size audits","NO","NO","NO","YES analysis","NO","YES diagnostic","NO","NO","analysis scripts","results/85U*","Stage85R P200 OOS","results/task-002-stage2b-b3-smoke/85U*","wait-and-see evidence","DIAGNOSTIC_ONLY","YES evidence","NONE","analysis methods","explanation only","result READMEs","No parameter adoption"
"M37","Stage85V-W-X geometry consequence tail diagnostics","W_MSP_DIAGNOSTIC","2026-08-18","M34","MEDIUM","result READMEs and log","trace risk features","tail and geometry source unclear","loc geometry W saturation TerminalLOH tail audits","NO","NO","NO","YES analysis","NO","YES diagnostic","YES diagnostics","NO","analysis scripts","results/85V*;85W*;85X*","Stage85R outputs and W data","results/task-002-stage2b-b3-smoke/85V*;85W*;85X*","identified risk/tail mechanisms","DIAGNOSTIC_ONLY","YES evidence","W11","diagnostic methods","W rebuild motivation","result READMEs; log","Grouped method diagnostics"
"M38","Stage85Y cohort and intervention series","MSP_MECHANISM_SENSITIVITY","2026-08-18","M34","MEDIUM","result directory READMEs","probe TerminalLOH shape and wait-and-see","mechanism ambiguity","cohorts and A/B/C interventions","NO mostly","YES intervention arms","NO","YES many diagnostics","NO","YES smoke/diagnostic","YES shape tests","NO","Stage85Y runners","results/85Y*","Stage85R P200","results/task-002-stage2b-b3-smoke/85Y*","mechanism evidence only","DIAGNOSTIC_ONLY","NO mainline","NONE","cohort analysis","do not use as policy","result READMEs; log","Some arms sensitivity; grouped node"
"W11","Stage86 current W-grid geometry audit","W_DIAGNOSTIC","2026-08-18","M37;W10","MEDIUM","README and log","reconcile current geometry","old grid-road-site placement uncertain","static geometry audit","NO","NO","NO","YES audit","N/A","N/A","NO","NO","geometry audit","results/86-current-w-grid-geometry-audit","current W code","results/task-002-stage2b-b3-smoke/86-current-w-grid-geometry-audit","identified candidate geometry gaps","DIAGNOSTIC_ONLY","YES conclusion","W12","geometry evidence","current W ancestry","results/86-current-w-grid-geometry-audit/run-001/README.md; log","Cross-line parent is diagnostic"
"W12","Stage87A W geometry candidate preview","W_CANDIDATE_PREVIEW","2026-08-18","W11","HIGH","README and log","preview corrected geometry","need visual calibration","Position candidates preview","NO","YES geometry candidates","YES preview","YES preview runner","N/A","N/A","NO","NO","preview script","results/87A-w-geometry-candidate-preview","Stage86 audit","results/task-002-stage2b-b3-smoke/87A-w-geometry-candidate-preview","selected basis for Stage87B","DIAGNOSTIC_ONLY","YES evidence","W13","preview assets","current W ancestry","results/87A-w-geometry-candidate-preview/run-001/README.md; log","Not a formal bank"
"W13","Stage87B W kernel geometry ABC integration","W_MODEL_CONFIG","2026-08-18","W12","HIGH","CURRENT_W_MAINLINE README Stage87B README log","freeze new W candidate","kernel geometry and ABC inconsistency","parameterized loc lfw intensity kernels geometry shifts fragility config","YES W kernel/geometry","YES Rmax decay design speed","YES config","YES generator integration","N/A","N/A","INDIRECT","NO","Stage87B config/generator functions","terminalLoh_wdro/config/stage87b_candidate1; results/87B*","Stage87A candidate","results/task-002-stage2b-b3-smoke/87B-w-kernel-geometry-abc-integration","accepted kernel/config not full bank","ACCEPTED","YES","NONE","config and source snapshot","current W root","terminalLoh_wdro/current_w_mainline_stage88/CURRENT_W_MAINLINE.md; results/87B*/run-001/README.md","Geometry Position A"
"W14","Stage87C-A formal Stage87B W bank","W_DATA","2026-08-19","W13","HIGH","current bundle README hashes and Stage87C-A README","build formal bank","Stage87B only preview/integration","35 states x15000 fixed seeds exact DAC grouping","NO","NO","YES 525000 trajectories","YES formal generator","N/A","N/A","INDIRECT inputs","NO","formal bank generator","results/87C-A-stage87b-formal-w-bank","Stage87B config","results/task-002-stage2b-b3-smoke/87C-A-stage87b-formal-w-bank","accepted nominal bank","ACCEPTED","YES","NONE","bank random identity","current W bank ancestor","current bundle README; results/87C-A*/run-001/README.md","Large data referenced by manifest"
"W15","Stage87C-B0 recourse wind audit","W_DIAGNOSTIC","2026-08-19","W14","HIGH","README and log","audit recourse wind","wind consequence identity concern","read-only bank audit","NO","NO","NO","YES audit","N/A","N/A","NO","NO","audit scripts","results/87C-B0-w-recourse-wind-audit","Stage87C-A","results/task-002-stage2b-b3-smoke/87C-B0-w-recourse-wind-audit","wind identity evidence","DIAGNOSTIC_ONLY","YES evidence","NONE","audit checks","supporting evidence","results/87C-B0-w-recourse-wind-audit/run-001/README.md","Not generator parent"
"W16","Stage87D-A Candidate1 road fragility preview","W_PARAMETER_CANDIDATE","2026-08-19","W14;W13","HIGH","README current W docs","test road fragility","baseline road closures unrealistic","Candidate1 fragility preview","NO","YES fragility curve","YES preview consequences","YES preview runner","N/A","N/A","YES preview targets","NO","fragility preview","results/87D-A-stage87b-A-road-fragility-candidate1-preview","Stage87C-A","results/task-002-stage2b-b3-smoke/87D-A-stage87b-A-road-fragility-candidate1-preview","candidate supported for hardening tests","CANDIDATE","NO final","W19","fragility function","current W parameter ancestor","results/87D-A*/run-001/README.md; current W docs","Not engineering-final"
"W17","Stage87D-A1 unreachable capacity edge audit","W_DIAGNOSTIC","2026-08-19","W16","HIGH","README and log","find bottlenecks","unreachable loads dominate","capacity and critical edge diagnosis","NO","NO","NO","YES audit","N/A","N/A","NO","NO","edge audit","results/87D-A1-unreachable-load-capacity-edge-criticality","Stage87D-A","results/task-002-stage2b-b3-smoke/87D-A1-unreachable-load-capacity-edge-criticality","identified E33/E29 candidates","DIAGNOSTIC_ONLY","YES conclusion","W18;W19","criticality evidence","hardening rationale","results/87D-A1*/run-001/README.md; log","Pre-schema failure also preserved"
"W18","Stage87D-B H1 hardening","W_PARAMETER_SENSITIVITY","2026-08-19","W16;W17","HIGH","README current W docs","test E33 hardening","critical edge closure","E33 +5m/s","NO","YES E33","YES H1 bank preview","YES runner","N/A","N/A","YES preview targets","NO","hardening runner","results/87D-B-road-hardening-H1-H2-preview","Stage87C-A Candidate1","results/task-002-stage2b-b3-smoke/87D-B-road-hardening-H1-H2-preview","H1 comparator","SENSITIVITY_ONLY","NO","W19","hardening implementation","comparison only","results/87D-B*/run-001/README.md; CURRENT_W_MAINLINE.md","Not retained final arm"
"W19","Stage87D-B H2 retained hardening","W_PARAMETER_CANDIDATE","2026-08-19","W18","HIGH","current W docs and Stage88 provenance","retain H2 bank","E29 remains bottleneck","H1 plus E29 +2.5m/s","NO","YES E33/E29","YES H2 bank preview","YES runner","N/A","N/A","YES candidate targets","NO","hardening runner","results/87D-B-road-hardening-H1-H2-preview","Stage87C-A random identity","results/task-002-stage2b-b3-smoke/87D-B-road-hardening-H1-H2-preview","H2 selected into Stage88","ACCEPTED","YES computational","NONE","H2 bank generation settings","current W ancestor","CURRENT_W_MAINLINE.md; Stage87D-B and Stage88A READMEs","Computational candidate not engineering final"
"W20","Stage87D-C tank capacity TerminalLOH cap audit","W_DIAGNOSTIC","2026-08-19","W14","MEDIUM","README and log","trace capacity ceilings","TerminalLOH saturation unclear","capacity lineage diagnostic","NO","NO","NO","YES audit","N/A","N/A","YES diagnostic","YES audit","capacity audit","results/87D-C-tank-capacity-terminal-loh-cap-audit","Stage87C-A","results/task-002-stage2b-b3-smoke/87D-C-tank-capacity-terminal-loh-cap-audit","motivated CAP200 test","DIAGNOSTIC_ONLY","YES conclusion","W21-W24","capacity evidence","Stage88 rationale","results/87D-C*/run-001/README.md; log","Not direct generator"
"W21","Stage88A CAP150 SAA","TERMINAL_LOH_ARM","2026-08-19","W14;W19;W20","HIGH","Stage88A README tables","compare capacities and ambiguity","Site4 cap uncertainty","new H2 bank CAP150 SAA arm","NO","YES SAA","YES H2 bank/table","YES solver run","N/A","N/A","YES SAA table","YES Site4=150","Stage88 solver","results/88A-h2-bank-terminal-loh-site4-capacity-sensitivity","Stage87D-B H2","results/task-002-stage2b-b3-smoke/88A-h2-bank-terminal-loh-site4-capacity-sensitivity","historical comparator","HISTORICAL","NO current","W24","comparison table","sensitivity evidence","Stage88A README; current W bundle","Arm split for registry"
"W22","Stage88A CAP150 DRO","TERMINAL_LOH_ARM","2026-08-19","W21;W07","HIGH","Stage88A README tables","compare DRO at CAP150","ambiguity effect","Pearson eta003 CAP150","NO","YES eta=.03","YES table","YES solver run","N/A","N/A","YES DRO table","YES Site4=150","Stage88 solver","results/88A*","Stage87D-B H2","results/task-002-stage2b-b3-smoke/88A-h2-bank-terminal-loh-site4-capacity-sensitivity","historical DRO comparator","HISTORICAL","NO current","W24","DRO comparator","sensitivity evidence","Stage88A README; current W bundle","Not current table"
"W23","Stage88A CAP200 SAA","TERMINAL_LOH_ARM","2026-08-19","W21","HIGH","Stage88A README tables","compare SAA at CAP200","capacity effect","Site4 tank=200 SAA table","NO","YES SAA","YES table","YES solver run","N/A","N/A","YES SAA table","YES Site4=200","Stage88 solver","results/88A*","Stage87D-B H2","results/task-002-stage2b-b3-smoke/88A-h2-bank-terminal-loh-site4-capacity-sensitivity","accepted comparator","ACCEPTED","YES comparator","NONE","CAP200 SAA table","current comparison","Stage88A README; current W bundle","DRO is current active table"
"W24","Stage88A CAP200 DRO eta003","TERMINAL_LOH_CURRENT","2026-08-19","W19;W07;W08;W09;W23","HIGH","CURRENT_W_MAINLINE bundle manifests and hashes","create current robust table","old Stage53 and CAP150 mismatch","new H2 consequence bank plus CAP200 Pearson DRO","NO","YES eta=.03","YES 35x4 table","YES solver run","N/A","N/A","YES Stage88 current","YES Site4=200","Stage88 solver","terminalLoh_wdro/current_w_mainline_stage88/terminal_tables","Stage87D-B H2 bank","results/88A* and current bundle","current TerminalLOH table","CURRENT","YES","NONE","canonical/loader tables","active W input","CURRENT_W_MAINLINE.md; current bundle README/manifests; Stage88A README","Table SHA enforced by MSP loader"
"W25","Stage88A1 all-site capacity postaudit","W_DIAGNOSTIC","2026-08-19","W24","HIGH","bundle evidence index README","verify all-site caps","possible cap leakage","post-audit all capacities","NO","NO","NO","YES audit","N/A","N/A","YES validation","YES audit","capacity audit","results/88A1-all-site-capacity-postaudit","Stage88A outputs","results/task-002-stage2b-b3-smoke/88A1-all-site-capacity-postaudit","CAP200 passed","DIAGNOSTIC_ONLY","YES conclusion","NONE","audit gates","current W evidence","current bundle README; Stage88A1 README","Accepted audit not generator"
"W26","Stage88B Site1 350","CAPACITY_SENSITIVITY","2026-08-19","W24","HIGH","current W docs README","test Site1 expansion","capacity value question","Site1 300 to350","NO","YES Site1=350","YES sensitivity table","YES runner","N/A","N/A","YES sensitivity","YES","capacity runner","results/88B-site1-300-350-directed-capacity-sensitivity","Stage88 CAP200","results/task-002-stage2b-b3-smoke/88B-site1-300-350-directed-capacity-sensitivity","excluded from current","SENSITIVITY_ONLY","NO","NONE","sensitivity evidence","do not adopt","CURRENT_W_MAINLINE.md; Stage88B README","Explicitly excluded"
"W27","Stage88C Site4 250","CAPACITY_SENSITIVITY","2026-08-19","W24","HIGH","current W docs README","test Site4 expansion","capacity value question","Site4 200 to250","NO","YES Site4=250","YES sensitivity table","YES runner","N/A","N/A","YES sensitivity","YES","capacity runner","results/88C-site4-200-250-directed-capacity-sensitivity","Stage88 CAP200","results/task-002-stage2b-b3-smoke/88C-site4-200-250-directed-capacity-sensitivity","excluded from current","SENSITIVITY_ONLY","NO","NONE","sensitivity evidence","do not adopt","CURRENT_W_MAINLINE.md; Stage88C README","Explicitly excluded"
"W28","Stage88D 35-state statewise audit","W_DIAGNOSTIC","2026-08-19","W24;W25","HIGH","bundle evidence index README","reconcile all states","table ordering/value risk","statewise reconciliation","NO","NO","NO","YES audit","N/A","N/A","YES validation","NO","statewise audit","results/88D-new-35state-terminal-loh-statewise-audit","Stage88 tables","results/task-002-stage2b-b3-smoke/88D-new-35state-terminal-loh-statewise-audit","35-state readiness pass","DIAGNOSTIC_ONLY","YES conclusion","NONE","state ordering checks","current W evidence","current bundle README; Stage88D README","Accepted audit"
"W29","Stage88E state11-state28 DRO tail diagnostic","W_DIAGNOSTIC","2026-08-19","W24;W28","HIGH","bundle evidence index README","explain DRO tails","state tail difference unclear","tail probability diagnostic","NO","NO","NO","YES audit","N/A","N/A","YES tail explanation","NO","tail audit","results/88E-state28-state11-dro-tail-probability-diagnostic","Stage88 bank/tables","results/task-002-stage2b-b3-smoke/88E-state28-state11-dro-tail-probability-diagnostic","tail difference closed","DIAGNOSTIC_ONLY","YES conclusion","NONE","tail analysis","current W evidence","current bundle README; Stage88E README","Accepted audit"
"I01","Stage89A W bundle and MSP integration audit","INTEGRATION_AUDIT","2026-08-20","W13;W14;W19;W24;W25;W28;W29","HIGH","bundle README manifests log","resolve current W and MSP wiring","multiple W branches and legacy MSP lookup","read-only bundle and bridge audit","NO","NO","YES snapshots/manifests","YES audit/bundler","NO","NO","NO new table","NO","Stage89A bundler","terminalLoh_wdro/current_w_mainline_stage88","accepted stage results","results/89A*; current_w_mainline_stage88","resolved W chain; found MSP still legacy","CURRENT","YES index","NONE","reproducibility manifests","current W navigator","current bundle README/CURRENT_W_MAINLINE; Stage89A README; log","No computation"
"I02","Stage89B minimal Stage88 MSP integration","MSP_INTERFACE_DATA","2026-08-20","I01;M09","HIGH","README loader paths log","wire current TerminalLOH","legacy Stage53 and Site4=150 mismatch","candidate MAT Site4=200 and strict Stage88 table loader","NO","YES Site4 tank=200","YES candidate MAT/table","YES bridge smoke","NO","NO","YES Stage88 DRO","YES Site4 CAP200","build_stage88_candidate_msp_input_h2","terminalLoh_wdro/current_w_mainline_stage88/msp_bridge; results/89B*","Stage89A bundle","results/task-002-stage2b-b3-smoke/89B-stage88-terminal-loh-minimal-msp-integration","mapping and cut smoke pass","ACCEPTED","YES bridge","NONE","strict loader and MAT","current MSP input ancestor","Stage89B README; current bundle msp_bridge README; log","Did not fix active time grid"
"I03","Stage89C Stage88 DRO 10iter 3loc OOS","TRAINING_OOS","2026-08-20","I02;M00","HIGH","Stage89C README Stage89E audit log","formal-looking Stage88 run","need baseline","new runner but inherited legacy defaults","NO","NO","NO","YES 10iter/3loc","YES","YES loc1/4/7","YES Stage88","YES CAP200","Stage89C runner","results/89C-stage88-dro-10iter-3loc-oos10000","Stage89B bridge + legacy defaults","results/task-002-stage2b-b3-smoke/89C-stage88-dro-10iter-3loc-oos10000","completed as 6h 90.09 diagnostic","HISTORICAL","NO current","I07","artifact for regression diagnosis","DO NOT USE checkpoint","Stage89C README; Stage89E README; log","Model-line mixed: new TerminalLOH old runtime"
"I04","Stage89D penalty1500 sensitivity","PARAMETER_SENSITIVITY","2026-08-20","I03","HIGH","Stage89D README log","test weaker terminal incentive","2000 may overproduce","terminal gap penalty 1500","NO","YES penalty=1500","NO","YES sensitivity runner","YES 6h lineage checkpoint","YES","NO","NO","Stage89D runner","results/89D-terminal-gap-penalty-2000-1500-1000-sensitivity","Stage89C 6h model","results/task-002-stage2b-b3-smoke/89D-terminal-gap-penalty-2000-1500-1000-sensitivity","invalid for current 8h choice","SENSITIVITY_ONLY","NO","NONE","sensitivity method","DO NOT ADOPT","Stage89D README; Stage89E README; log","Must be rerun on 8h if needed"
"I05","Stage89D penalty1000 sensitivity","PARAMETER_SENSITIVITY","2026-08-20","I03","HIGH","Stage89D README log","test weaker terminal incentive","2000 may overproduce","terminal gap penalty 1000","NO","YES penalty=1000","NO","YES sensitivity runner","YES 6h lineage checkpoint","YES","NO","NO","Stage89D runner","results/89D-terminal-gap-penalty-2000-1500-1000-sensitivity","Stage89C 6h model","results/task-002-stage2b-b3-smoke/89D-terminal-gap-penalty-2000-1500-1000-sensitivity","invalid for current 8h choice","SENSITIVITY_ONLY","NO","NONE","sensitivity method","DO NOT ADOPT","Stage89D README; Stage89E README; log","Must be rerun on 8h if needed"
"I06","Stage89E 90.09 source audit","MSP_DIAGNOSTIC","2026-08-20","I03;I04;I05","HIGH","README source chain formula log","diagnose production ceiling","90.09 mistaken for explicit cap","traced defaults MAT params aggregate builder and formula","NO","NO","NO","YES source audit","NO","NO","NO","NO","source audit","results/89E-stage1-90p09-production-source-audit","Stage89C/D artifacts and code","results/task-002-stage2b-b3-smoke/89E-stage1-90p09-production-source-audit","proved active dt6; no scalar cap","DIAGNOSTIC_ONLY","YES conclusion","I07","regression sentinel formula","current 6h history","Stage89E README; log","90.09=0.0195*6*770"
"I07","Stage89F restore 8h hourly Stage88 mainline","MSP_CURRENT_MODEL","2026-08-20","I02;M07;M09;M15;M21;M27;I06","HIGH","current bundle code preflight README log","restore correct current entry","Stage89C/D used 6h aggregate","isolated options loader input and smoke; dt8 all hourly flags","YES composed current model","YES dt8 CAP200","YES original-hourly plus Stage88 input","YES smoke entry","NO checkpoint","NO OOS","YES Stage88 DRO","YES Site4=200","current_hourly_stage88_candidate_options_h2; load_current_hourly_stage88_candidate_h2","fa_msp/current_hourly_stage88_candidate","Stage89B MAT and Stage88 table","results/89F-restore-8h-hourly-stage88-msp-mainline","120.12 capacity smoke; no training","CURRENT","YES model entry","NONE","current loader/model preflight","active MSP model","fa_msp/current_hourly_stage88_candidate; Stage89F README; log","Stage89F itself smoke-only"
"I08","Stage89G run-001 schema and reload failures","RUNNER_FAILED","2026-08-20","I07","HIGH","archived FAILURE and RECOVERED markers source old path","run formal baseline","new runner had schema and memory regressions","monolithic training checkpoint reload OOS runner","NO model","NO","NO","YES new runner","YES same-process reload","PLANNED but not completed","NO","NO","execute_stage89g old implementation","fa_msp/current_hourly_stage88_candidate/launcher/run_current_hourly_stage88_dro_baseline_h2.m; results/89G*/run-001*","Stage89F model","results/task-002-stage2b-b3-smoke/89G-formal-8h-stage88-dro-10iter-3loc-oos10000/run-001*","duplicate column failure; later load OOM after checkpoint","FAILED","NO","I09","training artifact and failure evidence","do not use runner path","archived FAILURE.txt; RECOVERED_checkpoint_reload_memory_failure.txt; source","Two failures grouped; model not disproven"
"I09","Stage89G run-002 staged formal candidate","TRAINING_CHECKPOINT_OOS_CANDIDATE","2026-08-20","I07;M23;M34","HIGH","launcher stage85ha_lineage function reload adapter orchestrator source hashes","complete formal Stage88 8h workflow","avoid run-001 schema and OOM","fresh 10iter phased save-exit-reload 3loc OOS finalizer QA","NO model change","NO active parameters","NO new model data","YES new Stage89G adaptation","YES safe save SHA clean reload cut hash","YES loc1/4/7 each10k","YES Stage88 DRO","YES CAP200","run_current_hourly_stage88_dro_baseline_h2; run_current_hourly_stage88_run002_reload_audit_h2","fa_msp/current_hourly_stage88_candidate/launcher","Stage89F model and Stage88 table","results/task-002-stage2b-b3-smoke/89G-formal-8h-stage88-dro-10iter-3loc-oos10000/run-002","static gates identified; final runtime result not audited","CANDIDATE","NO pending QA","NONE","Stage89G gates and Stage85H-A lineage table","candidate formal runner","three Stage89G source files; current candidate config/input; result file inventory","DOCUMENTATION_CODE_MISMATCH: sources untracked so frozen HEAD does not freeze runner; external MATLAB present; no high-frequency log read"
"I10","Stage89H Stage85R single-loc4 gap1000","FA_MSP_TRAINING_OOS_INTEGRATION","2026-08-21","M34;M23;I07;W24","HIGH","Stage85R source/hash; Stage89H source manifest; run-003 README/QA","test penalty1000 with accepted single-known-initial-state semantics","prior multiloc requirement conflicted with Stage85R params.k_init behavior","thin Stage85R-derived single-arm runner; Stage89F loader; loc4; 10iter; clean single reload; loc4 10k OOS","NO core model change","YES terminal penalty1000 and loc4","YES Stage89F/Stage88 current input","YES thin launcher/orchestrator","YES Stage85H-A lifecycle","YES loc4 only 10000","NO table change; Stage88 DRO CAP200","NO","run_stage89h_stage85r_single_loc4_gap1000_h2; finalize_stage89h_single_loc4","fa_msp/current_hourly_stage88_candidate/launcher","Stage89F current model + Stage88 DRO CAP200","results/task-002-stage2b-b3-smoke/89H-stage85r-single-loc4-stage88-dro-gap1000-10iter-oos10000/run-003","Stage1 120.12kg; Stage1-3 inventory 247.747/288.280/299.423kg; mean cost 68445.650; shortage 6.140kg; gap 6.351kg","CANDIDATE","NO final scientific acceptance","NONE","Stage85R training/OOS mechanism; source manifest; same-state OOS","current single-initial-state candidate diagnostic","run-003/README.md; preflight_gates.csv; checkpoint_reload_audit.csv; qa_checks.csv; source_manifest.csv","One known loc4 state -> one fresh training -> same-state OOS; not Stage89G successor; 10 iterations not converged"
"D01","W outage severity and IEEE33 ideal reconfiguration diagnostic","W_DIAGNOSTIC","2026-08-21","W14;W24;I01","HIGH","Stage87C-A MAT fields; Stage88 table; current W bundle; run-003 README/QA/source manifest","separate physical outage D and TerminalLOH and estimate tie-line value","high a5/a6 TerminalLOH could be mistaken for realized demand and no-reconfiguration grid consequence had not been quantified","offline exact-realization outage audit; D distribution; critical lines; five-tie connectivity upper bound","NO","NO","NO new bank; read existing exact realizations","YES offline Python postprocessing only","NO","NO","NO table change; comparison only","NO","audit_w_grid_outage_reconfiguration.py","scripts/audit_w_grid_outage_reconfiguration.py","Stage87C-A W bank + Stage88 CAP200 SAA/DRO table + NearStageInput topology","results/task-002-stage2b-b3-smoke/w-grid-outage-reconfiguration-diagnostic/run-003","a3-a6 mean loss 2.049/10.231/25.697/44.424%; mean D 12.457/62.200/156.230/270.082kg; ideal tie D reduction a5/a6 33.934/25.918%; high T mainly reserve redundancy","DIAGNOSTIC_ONLY","YES conclusion","NONE","exact-realization parser; severity tables; topology-only sensitivity method","current W explanatory evidence only","run-003/README.md; qa_checks.csv; source_manifest.csv; outage_severity_by_intensity.csv; D_vs_TerminalLOH_by_intensity.csv; reconfiguration_effect_by_intensity.csv","IDEAL_TOPOLOGICAL_RECONFIGURATION_UPPER_BOUND; no W or TerminalLOH rerun; not an engineering restoration design"
"D02","Five-point hazard exposure reconfiguration targeted hardening paired preview","W_METHOD_PREVIEW","2026-08-21","W14;D01;I01","HIGH","Stage87C-A seeds stream positions actual sampled Vmax and failed_line; D01 routine; run-003 independent QA","test missed midpoint wind peaks and marginal value of critical-line hardening","three-point exposure may miss local wind peaks and extreme outage tail remained dominated by upstream feeders","full a3-a6 paired Python postprocess; midpoint centers and actual Vmax; ideal five-tie recon; G1/G2 horizontal fragility shifts","NO current model change","YES diagnostic fragility shifts +10/+5 m/s only","NO new bank; read 420000 frozen a3-a6 trajectories","YES isolated Python postprocessing","NO","NO","NO TerminalLOH change","NO","run_preview.py","results/task-002-stage2b-b3-smoke/w-5point-reconfig-hardening-preview/run-003/run_preview.py","Stage87C-A exact bank + D01 topology/reconfiguration + NearStageInput","results/task-002-stage2b-b3-smoke/w-5point-reconfig-hardening-preview/run-003","five-point mean D increase a5/a6 7.831/4.162%; G1 q95 D reduction 28.400/7.537% and blackout reduction 7.239/13.560pp; G2 incremental value LOW","METHOD_PREVIEW","YES diagnostic conclusion","NONE","exact MT19937 resistance replay; midpoint hazard evaluator; paired hardening and attribution metrics","current W upgrade decision evidence only","run-003/README.md; failure_sampling_semantics_audit.md; metrics_by_intensity_variant.csv; critical_line_tail_effect.csv; independent_qa.csv","GRID_ONLY_5POINT_PREVIEW; midpoint direct duration zero; ideal tie availability; no formal W or TerminalLOH replacement"
"D03","Topology-based H2 island restoration diagnostic","MODEL_SEMANTICS_DIAGNOSTIC","2026-08-21","D02;D01;M07","HIGH","D02 G1 exact-replay source; D01 tie topology; Stage79/80 site-bus mapping; run-001 radiality audit","quantify topology candidate pool for H2-containing non-source islands","road-only rescue semantics omitted possible post-reconfiguration H2-site components","static G1 failure-mask replay; binary tie switching; MAT-order Kruskal maximal spanning forest; component and lost-load classification","NO","NO","NO new bank or formal input","YES isolated Python topology postprocessing","NO","NO","NO","NO","run_diagnostic.py","results/task-002-stage2b-b3-smoke/topology-based-h2-island-diagnostic/run-001/run_diagnostic.py","D02 G1 frozen a3-a6 trajectories + NearStageInput IEEE33 + synthetic benchmark site mapping","results/task-002-stage2b-b3-smoke/topology-based-h2-island-diagnostic/run-001","H2 candidate D share a3-a6 20.740/34.222/39.474/41.947%; black share a5/a6 18.419/25.107%; all 173520 unique topologies radial/source-maximal","DIAGNOSTIC_ONLY","YES conclusion","NONE","binary-switch radial forest audit and topology candidate classification","future H2 island semantics evidence only","run-001/README.md; radiality_audit.csv; island_service_share_by_intensity.csv; model_semantic_impact_analysis.md; source_manifest.csv","FC_DYNAMIC_MODEL_INCLUDED=NO; candidate component is not an energized service claim; current W mainline unchanged"
"D04","Topology-based H2 dual-channel minimal-model freeze","H2_METHOD_PREVIEW","2026-08-22","D03;D02;W24;M07","HIGH","candidate MAT parameter fields; accepted D02/D03 reconstructors; Stage88 H2 A/C bank and DRO T table; run-006 unit tests and source manifest","freeze the smallest auditable electrical-island plus road H2 service formulation","D03 identified H2-containing islands but did not define service capacity or shared-inventory coupling","define D_res and A_elec; derive per-slice FC-equivalent caps from candidate MAT; couple electrical and road service to one T; solve 9x3x2 small LP sanity matrix","NO current model change; candidate equations only","NO adopted parameter change; read-only candidate fc fields and rule-based Tlarge test","NO new formal bank or input; read four loc4 states and selected Stage88 A/C identities","YES isolated Python/HiGHS diagnostic only","NO","NO","NO formal TerminalLOH change","NO","run_diagnostic.py; deterministic selector; two-phase sparse LP sanity solver","results/task-002-stage2b-b3-smoke/topology-h2-dual-channel-minimal-model/run-006/run_diagnostic.py","D02 G1 a3-a6 loc4 frozen paths + D03 topology + Stage88 H2 A/C + Stage88 DRO CAP200 T + candidate MAT","results/task-002-stage2b-b3-smoke/topology-h2-dual-channel-minimal-model/run-006","9 unique real scenarios; 54 LP rows; 7/7 tests PASS; 14 positive-electrical-service rows; strict ER shortage improvement in 6 scenario/T pairs","METHOD_PREVIEW","YES diagnostic conclusion","NONE","D_res/A_elec definitions; shared-T accounting; FC conversion audit; deterministic scenario manifest; LP and complexity audits","future H2 electrical-island recourse design evidence only","run-006/README.md; candidate_parameter_audit.csv; sanity_scenario_manifest.csv; sanity_recourse_results.csv; minimal_model_unit_tests.csv; source_manifest.csv","NOT CURRENT W MAINLINE; NOT ACCEPTED TERMINALLOH; no formal rerun; failed run-001 through run-005 preserved"
"I11","Stage89I dual-channel W support-expansion audit","W_SUPPORT_DIAGNOSTIC","2026-08-22","D04;D03;D02;W24","HIGH","formal exact-grouping sources; Stage88 manifest and 35 D/A/C banks; accepted D02/D03/D04 semantics; run-002 exact-count outputs","measure lossless support expansion and project computational cost before any formal dual-channel bank build","D04 left SUPPORT_EXPANSION_RISK unresolved for the proposed Dres/Aroad/Aelec/C signature","full 35x15000 frozen replay; unique-mask/topology cache; exact OLD/NEW byte-row counting; additive source decomposition; static LP/DRO/storage projection","NO current model change; diagnostic schema only","NO parameter change","NO new bank or random data; read-only 525000 frozen identities","YES isolated Python deterministic postprocessing","NO","NO","NO TerminalLOH solve or table change","NO","run_audit.py; exact_unique; topology_payload; static structure counter","results/task-002-stage2b-b3-smoke/stage89i-dual-channel-support-expansion-audit/run-002/run_audit.py","Stage87 frozen identities + Stage88 actual D/Aroad/C banks + D02 G1 replay + D03 topology + D04 semantics","results/task-002-stage2b-b3-smoke/stage89i-dual-channel-support-expansion-audit/run-002","OLD 457414; NEW 457431; total 1.000037x; median 1; q90 1.000040; max 1.000868; projected structure 1.126051x; risk LOW","DIAGNOSTIC_ONLY","YES diagnostic conclusion","NONE","exact grouping semantics auditor; lossless support decomposition; topology cache; static cost formulas","gate evidence for a future isolated Stage89J formal candidate construction only","run-002/README.md; exact_grouping_semantics_audit.md; support_expansion_by_state.csv; support_expansion_decomposition.csv; support_expansion_summary.csv; computational_cost_projection.md; source_manifest.csv","NOT CURRENT_W_MAINLINE; NOT ACCEPTED_TERMINALLOH; NOT FORMAL_W_CANDIDATE; run-001 preserved failed plot-API attempt"
"I12","Stage89J formal topology-based H2 dual-channel W candidate bank","W_CANDIDATE_BANK","2026-08-22","I11;D04;D03;D02;W24","HIGH","35 grouped MAT banks and SHA manifest; full frozen replay QA; exact-group and topology QA; independent post-build verification","build the isolated formal dual-channel W candidate authorized by Stage89I","Stage89I proved support cost was low but did not create a formal Dres/Aroad/Aelec/C bank","two-pass 35x15000 frozen replay; support gate before publication; deterministic topology cache; stable exact grouping; MATLAB-readable bank; statistics and provenance","NO current model change; isolated candidate scenario schema only","NO stochastic parameter change; inherited G1 sensitivity only","YES isolated formal grouped candidate bank; no redraw","YES isolated Python formal builder","NO","NO","NO TerminalLOH solve or table change","NO capacity change; static FC metadata only","build_candidate_bank.py; exact_groups; solve_topology_payload; grouped MAT writer","results/task-002-stage2b-b3-smoke/stage89j-topology-h2-dual-channel-w-candidate/run-001/build_candidate_bank.py","Stage87 frozen trajectory/scenario/DAC identities + Stage88 Aroad/C banks + D02 G1 + D03 radial topology + D04 semantics/static FC + Stage89I support gate","results/task-002-stage2b-b3-smoke/stage89j-topology-h2-dual-channel-w-candidate/run-001; terminalLoh_wdro/output/stage89j_topology_h2_dual_channel_w_candidate/run-001","35 banks; 525000 draws; 457431 exact groups; 160862 cached topologies; 1.104251473 GB bank body; every replay/group/q/topology/Dres/Aelec gate PASS","FORMAL_W_CANDIDATE","YES isolated candidate construction","NONE","grouped MAT schema; deterministic replay hashes; state/intensity summaries; source/output SHA manifests","formal isolated input candidate for Stage89K only","run-001/README.md; candidate_bank_manifest.csv; exact_group_summary.csv; topology_cache_summary.csv; frozen_randomness_replay_qa.md; candidate_schema.md; source_manifest.csv","NOT CURRENT_W_MAINLINE; NOT ACCEPTED_TERMINALLOH; NOT MSP-ACCEPTED; Stage88/current_w_mainline_stage88 unchanged"
"I13","Stage89K formal TerminalLOH dual-channel candidate","TERMINAL_LOH_CANDIDATE","2026-08-22","I12;W24;D04","HIGH","Stage89J 35-bank SHA/schema QA; Stage88 solver semantics audit; 6-case smoke; 70 formal optimal certificates; inventory/FC/probability QA","formally recompute SAA and Pearson eta0.03 TerminalLOH on the isolated Stage89J dual-channel bank","Stage89J had no TerminalLOH decision table or Stage88 statewise comparison","reuse Stage88 economics q Pearson ambiguity decomposition tolerances and CAP200; replace recourse only with separate road/electrical channels shared T and static FC slice caps","YES isolated continuous recourse extension only; remains LP","NO economics probability eta capacity or tolerance change","NO redraw; direct read of 35 frozen Stage89J grouped banks","YES isolated Python checkpoint/resume runner and finalizer","YES per mode/state completion markers","NO","YES isolated 35-state SAA and DRO candidate results; no current table replacement","NO tank-cap change; inherited CAP200 and static FC metadata","run_stage89k_terminal_loh.py; dual-channel sparse LP builder; checkpoint pipeline; comparison and diagnostics finalizer","results/task-002-stage2b-b3-smoke/stage89k-terminalLoh-dual-channel-candidate/run-002/run_stage89k_terminal_loh.py","Stage89J frozen grouped banks + Stage88 formal solver/economics/table + D04 accepted dual-channel semantics","results/task-002-stage2b-b3-smoke/stage89k-terminalLoh-dual-channel-candidate/run-002; terminalLoh_wdro/output/stage89k_terminalLoh_dual_channel_candidate/run-002","35 SAA and 35 DRO OPTIMAL; all QA PASS; mean T SAA 344.707 to237.924 (-30.978%); DRO 382.035 to277.211 (-27.438%); FC binding observed","FORMAL_TERMINALLOH_CANDIDATE","YES isolated formal candidate evaluation","NONE","Stage88-compatible LP/decomposition runner; statewise comparison; service diagnostics; QA and plots","candidate for Stage89L adoption or mechanism review only","run-002/README.md; stage88_terminalLoh_semantics_audit.md; solver_status_by_state.csv; terminalLoh_old_vs_new_by_state.csv; terminalLoh_intensity_summary.csv; dual_channel_service_diagnostics.csv; source_manifest.csv","NOT CURRENT_TERMINALLOH; NOT CURRENT_W_MAINLINE; NOT MSP-ACCEPTED; FULL CANDIDATE EFFECT only; run-001 failed serialization preserved"
"I14","Stage89L H2 electrical-island incremental ablation","MECHANISM_ABLATION","2026-08-22","I13;I12;W24","HIGH","Stage89J bank SHA/schema QA; Stage89K accepted 70-case QA; 6 road-only smoke; 70 road-only optimal certificates; no-electrical/inventory/probability QA","isolate the true H2 electrical-island incremental effect under the identical Stage89J candidate","Stage89K full effect mixed five-point G1 radial reconstruction Dres and Aelec","reuse Stage89K solver and all frozen semantics; replace Aelec only with a same-shape zero array for Case B; reuse Case C read-only","NO new adopted model; isolated channel ablation only","NO economics probability eta capacity grouping or tolerance change","NO redraw or bank modification; direct read of frozen Stage89J groups","YES isolated Python checkpoint/resume runner and finalizer","YES per mode/state completion markers","NO","NO current TerminalLOH replacement; mechanism comparison tables only","NO","run_stage89l_ablation.py; road-only builder wrapper; strict Case-C reader; ablation/service finalizer","results/task-002-stage2b-b3-smoke/stage89l-h2-island-incremental-ablation/run-001/run_stage89l_ablation.py","Stage89J frozen bank + Stage89K accepted Case C and solver semantics + Stage88 economic lineage","results/task-002-stage2b-b3-smoke/stage89l-h2-island-incremental-ablation/run-001; terminalLoh_wdro/output/stage89l_h2_island_incremental_ablation/run-001","35 SAA and 35 DRO road-only OPTIMAL; all QA PASS; dual-minus-road-only mean T +0.836% SAA +0.876% DRO; shortage down about1.55kg; effect MIXED value MODERATE","FORMAL_MECHANISM_ABLATION","YES formal mechanism/adoption review","NONE","strict Aelec ablation; state/intensity/site/service tables; checkpoint manifests; plots","RECOMMEND_ADOPT_STAGE89J_89K=YES; Stage89M formal adoption and FA-MSP retraining preparation next","README.md; solver_status_by_state.csv; h2_island_ablation_by_state.csv; h2_island_ablation_by_intensity.csv; h2_island_service_mechanism.csv; inventory_qa.csv; probability_dro_qa.csv; mechanism_interpretation.md; source_manifest.csv","NOT CURRENT_TERMINALLOH; NOT CURRENT_W_MAINLINE; NOT MSP-ACCEPTED; FA-MSP/OOS not run"
"I15","Stage89M formal adoption and correct-8h integration","FORMAL_ADOPTION_AND_INTEGRATION","2026-08-23","I12;I13;I14;I07;M34;M23;W24","HIGH","Stage89J 35-bank rehash; Stage89K 70-case QA; Stage89L adoption recommendation; Stage89F six-by-eight-hour construction; Stage7/cut/forward and negative gates","adopt Stage89J/K, create one reproducibility bundle, and prove correct 8h FA-MSP interface before fresh training","candidate outputs were distributed and the adopted table had not been proven against the real 8h hourly architecture","formal identity promotion; lightweight bundle; strict Stage89K loader/hash gates; Site4 sync; isolated integration regression","NO; accepted Stage89F architecture used read-only","NO optimization parameter change; Stage89K adopted identity selected","NO W or TerminalLOH regeneration; adopted lightweight tables derived mechanically from accepted Stage89K solver status","YES smoke/bridge only; no training runner","NO checkpoint created; Stage85H-A lifecycle documented for Stage89N","NO OOS","YES identity promotion to Stage89K adopted SAA/DRO tables","NO; confirms CAP200 and Site4 Pmax150","load_stage89_adopted_terminal_loh_h2; load_current_stage89_hourly_h2; validate_stage89_8h_runtime_h2; run_stage89m_integration_regression_h2","terminalLoh_wdro/current_w_mainline_stage89/msp_bridge","Stage89J run-001; Stage89K run-002; Stage89L run-001; Stage89F current hourly model","results/task-002-stage2b-b3-smoke/stage89m-formal-adoption-and-8h-integration/run-001; terminalLoh_wdro/current_w_mainline_stage89","adoption PASS; six-by-eight-hour QA PASS; 120.12kg sentinel; Stage7/cut/forward PASS; all negative gates reject","FORMAL_ADOPTION_AND_INTEGRATION","YES CURRENT W AND CURRENT TERMINALLOH","NONE","single bundle; loader; manifests; integration smoke; Stage89N preparation lineage","CURRENT adopted W/TerminalLOH and integration entry","Stage89M README and CSV audits; current_w_mainline_stage89 README/manifests","Stage88 preserved; large bank not duplicated; no training/OOS/checkpoint; no multi-location adaptation or core modification"
"I16","Stage89N adopted Stage89K single-loc4 fresh correct-8h retraining","FORMAL_CONTROLLED_RETRAINING_DIAGNOSTIC","2026-08-23","I15;I10;M34;M23","HIGH","Stage89M gates; Stage85R and Stage85H-A hashes; Stage89H paired seeds/bank; ten-row training; 10000 OOS complete; checkpoint and numerical QA","test whether adopted Stage89K lowers historical Stage89H early commitment under controlled semantics","Stage89H remained at the 120.12 kg Stage1 full-production corner","thin Stage85R adapter; Stage89K loader; loc4 seed pairing; external checkpoint; paired reports","NO forward backward cut hourly or OOS mathematics change","NO sweep; ordinary shortage 200 and terminal gap 1000 fixed","YES adopted Stage89K table replaces Stage88 input only","YES thin launcher orchestrator and reporting adapter","YES save-exit-external-SHA-clean-single-load lifecycle","YES loc4 10000 common paths","YES uses current adopted Stage89K DRO eta0.03","NO capacity change; Site4 tank200 Pmax150","run_stage89n_stage85r_single_loc4_gap1000_h2; orchestrate_stage89n; finalize_stage89n","fa_msp/current_hourly_stage89_adopted/launcher","Stage89M adopted bundle plus Stage89H accepted common path bank","results/task-002-stage2b-b3-smoke/stage89n-stage89k-adopted-loc4-fresh-8h-retraining/run-003","Stage1 109.98kg; inventory lower; ordinary shortage and mean terminal gap lower; moderate level reduction","FORMAL_CONTROLLED_RETRAINING_DIAGNOSTIC","YES DIAGNOSTIC ONLY","NONE","paired seeds; thin adapter; checkpoint lifecycle; comparison reports","controlled evidence for longer adopted-Stage89K training","Stage89N README comparisons checkpoint audits mechanism interpretation","10 iterations and loc4 only; not final or converged; report-only recovery after completed OOS native exit"
"I17","Stage89O comprehensive common-path policy mechanism postprocessing","READ_ONLY_MECHANISM_DIAGNOSTIC","2026-08-23","I10;I16;M36","HIGH","accepted Stage89H/N run identities; byte-identical 10000-path manifest and shared bank; persisted path/stage/site tables; Stage85U-D definitions","separate reserve level temporal information spatial economics tail and resilience claims","Stage89N aggregate result did not identify path cohorts shared-prefix effect size spatial response or q99 drivers","parameterized read-only analyzer; first-event cohorts; paired closure; accepted PCR/WES; tail attribution; lightweight figures","NO","NO","NO accepted input modification","YES analysis only","NO checkpoint use","NO OOS rerun; reads accepted common-path OOS","NO TerminalLOH change; compares Stage88 versus adopted Stage89K policies","NO","analyze_fa_msp_policy_mechanisms.py","hourly_grid_h2/analyze_fa_msp_policy_mechanisms.py","Stage89H run-003 plus Stage89N run-003 accepted CSV evidence","results/task-002-stage2b-b3-smoke/stage89o-comprehensive-policy-mechanism-analysis/run-005","reserve strongly reduced; level reduction; canonical wait-and-see weakened; spatial adaptation weakened; mean adequacy proxy improved but late Stage7 and q99 tails worsen","READ_ONLY_MECHANISM_DIAGNOSTIC","YES accepted postprocessing evidence","NONE","parameterized analyzer; first-event cohorts; PCR/WES; paired tail attribution","current mechanism interpretation of Stage89H versus Stage89N; no realized resilience claim","run-005 README; policy identity; closure; cohort; PCR/WES; tail and figure manifests","No training OOS checkpoint load optimizer or model change; Stage89N hourly detail unavailable so paired hourly outputs are stage-aggregate only"
