a0,loc0,lfw0,seed_id,base_seed,replay_N,passed,metric_checksum_difference
2,1,0,1,20260723,500,1,0
2,2,0,1,20260723,500,1,0
2,3,0,1,20260723,500,1,0
2,4,0,1,20260723,500,1,0
2,5,0,1,20260723,500,1,0
2,6,0,1,20260723,500,1,0
2,7,0,1,20260723,500,1,0
3,1,0,1,20260723,500,1,0
3,2,0,1,20260723,500,1,0
3,3,0,1,20260723,500,1,0
3,4,0,1,20260723,500,1,0
3,5,0,1,20260723,500,1,0
3,6,0,1,20260723,500,1,0
3,7,0,1,20260723,500,1,0
4,1,0,1,20260723,500,1,0
4,2,0,1,20260723,500,1,0
4,3,0,1,20260723,500,1,0
4,4,0,1,20260723,500,1,0
4,5,0,1,20260723,500,1,0
4,6,0,1,20260723,500,1,0
4,7,0,1,20260723,500,1,0
5,1,0,1,20260723,500,1,0
5,2,0,1,20260723,500,1,0
5,3,0,1,20260723,500,1,0
5,4,0,1,20260723,500,1,0
5,5,0,1,20260723,500,1,0
5,6,0,1,20260723,500,1,0
5,7,0,1,20260723,500,1,0
6,1,0,1,20260723,500,1,0
6,2,0,1,20260723,500,1,0
6,3,0,1,20260723,500,1,0
6,4,0,1,20260723,500,1,0
6,5,0,1,20260723,500,1,0
6,6,0,1,20260723,500,1,0
6,7,0,1,20260723,500,1,0
2,1,0,2,20260724,500,1,0
2,2,0,2,20260724,500,1,0
2,3,0,2,20260724,500,1,0
2,4,0,2,20260724,500,1,0
2,5,0,2,20260724,500,1,0
2,6,0,2,20260724,500,1,0
2,7,0,2,20260724,500,1,0
3,1,0,2,20260724,500,1,0
3,2,0,2,20260724,500,1,0
3,3,0,2,20260724,500,1,0
3,4,0,2,20260724,500,1,0
3,5,0,2,20260724,500,1,0
3,6,0,2,20260724,500,1,0
3,7,0,2,20260724,500,1,0
4,1,0,2,20260724,500,1,0
4,2,0,2,20260724,500,1,0
4,3,0,2,20260724,500,1,0
4,4,0,2,20260724,500,1,0
4,5,0,2,20260724,500,1,0
4,6,0,2,20260724,500,1,0
4,7,0,2,20260724,500,1,0
5,1,0,2,20260724,500,1,0
5,2,0,2,20260724,500,1,0
5,3,0,2,20260724,500,1,0
5,4,0,2,20260724,500,1,0
5,5,0,2,20260724,500,1,0
5,6,0,2,20260724,500,1,0
5,7,0,2,20260724,500,1,0
6,1,0,2,20260724,500,1,0
6,2,0,2,20260724,500,1,0
6,3,0,2,20260724,500,1,0
6,4,0,2,20260724,500,1,0
6,5,0,2,20260724,500,1,0
6,6,0,2,20260724,500,1,0
6,7,0,2,20260724,500,1,0
2,1,0,3,20260725,500,1,0
2,2,0,3,20260725,500,1,0
2,3,0,3,20260725,500,1,0
2,4,0,3,20260725,500,1,0
2,5,0,3,20260725,500,1,0
2,6,0,3,20260725,500,1,0
2,7,0,3,20260725,500,1,0
3,1,0,3,20260725,500,1,0
3,2,0,3,20260725,500,1,0
3,3,0,3,20260725,500,1,0
3,4,0,3,20260725,500,1,0
3,5,0,3,20260725,500,1,0
3,6,0,3,20260725,500,1,0
3,7,0,3,20260725,500,1,0
4,1,0,3,20260725,500,1,0
4,2,0,3,20260725,500,1,0
4,3,0,3,20260725,500,1,0
4,4,0,3,20260725,500,1,0
4,5,0,3,20260725,500,1,0
4,6,0,3,20260725,500,1,0
4,7,0,3,20260725,500,1,0
5,1,0,3,20260725,500,1,0
5,2,0,3,20260725,500,1,0
5,3,0,3,20260725,500,1,0
5,4,0,3,20260725,500,1,0
5,5,0,3,20260725,500,1,0
5,6,0,3,20260725,500,1,0
5,7,0,3,20260725,500,1,0
6,1,0,3,20260725,500,1,0
6,2,0,3,20260725,500,1,0
6,3,0,3,20260725,500,1,0
6,4,0,3,20260725,500,1,0
6,5,0,3,20260725,500,1,0
6,6,0,3,20260725,500,1,0
6,7,0,3,20260725,500,1,0
