input_label,path,bytes,sha256,expected_sha256,hash_pass
near_stage_msp_input,C:\Users\chaos\Desktop\biye\test\testH2_v2\data\yuanqi\near_stage_msp_input.mat,8934,536b25868e6d7cc812a331c0d3e0ffbd5f6958e6883bd39bcae3901c372abf24,536b25868e6d7cc812a331c0d3e0ffbd5f6958e6883bd39bcae3901c372abf24,1
C1_prepared_inputs,C:\Users\chaos\Desktop\biye\test\testH2_v2\results\task-002-stage2b-b3-smoke\46-flat-chi2-eta-calibration\run-003\prepared_inputs.mat,35925873,5914afb37254ae908c5a8b10f24bc0ae01520e56b35b928a1afc13cf4602f19b,5914afb37254ae908c5a8b10f24bc0ae01520e56b35b928a1afc13cf4602f19b,1
C1_certificate,C:\Users\chaos\Desktop\biye\test\testH2_v2\results\task-002-stage2b-b3-smoke\46-flat-chi2-eta-calibration\run-003\eta_solver_certificate.csv,4745,63e8b8316aafd73284a087a6af10a5dcf257a87ddf739bf70b4d5171574a3769,63e8b8316aafd73284a087a6af10a5dcf257a87ddf739bf70b4d5171574a3769,1
C5B_decisions,C:\Users\chaos\Desktop\biye\test\testH2_v2\results\task-002-stage2b-b3-smoke\51-unified-economic-terminal-loh\run-003\terminal_loh_decision_comparison.csv,2085,ec19c751b2de3482272bea31c4033c41b2f2fe2ecdef70b6e0f9c42f71fe3cf8,,1
C5B_certificate,C:\Users\chaos\Desktop\biye\test\testH2_v2\results\task-002-stage2b-b3-smoke\51-unified-economic-terminal-loh\run-003\solver_certificate.csv,1792,98e5bf0626283419a44d2ccbce2bf110b3a1fd435965dab5a055345a766c4717,,1
C2_dataset_001,C:\Users\chaos\Desktop\biye\test\testH2_v2\results\task-002-stage2b-b3-smoke\47-flat-chi2-independent-path-validation\run-002\independent_dataset_001.mat,19912174,2636b0641ac54aabe9976ec94df68f285c8a16cfc12d67ef08c38f35e3d5ae68,2636b0641ac54aabe9976ec94df68f285c8a16cfc12d67ef08c38f35e3d5ae68,1
C2_dataset_002,C:\Users\chaos\Desktop\biye\test\testH2_v2\results\task-002-stage2b-b3-smoke\47-flat-chi2-independent-path-validation\run-002\independent_dataset_002.mat,19872980,70ae1a97ec0a5a597f67205270e8b471bb095c38f545cbfccc2ab125a8c300b5,70ae1a97ec0a5a597f67205270e8b471bb095c38f545cbfccc2ab125a8c300b5,1
C2_dataset_003,C:\Users\chaos\Desktop\biye\test\testH2_v2\results\task-002-stage2b-b3-smoke\47-flat-chi2-independent-path-validation\run-002\independent_dataset_003.mat,19866779,9d2cd8d8c09ce9819147f92aebe34f1d390c72f0077168135f2b09b64ccf7df6,9d2cd8d8c09ce9819147f92aebe34f1d390c72f0077168135f2b09b64ccf7df6,1
C3_combined_dataset_001,C:\Users\chaos\Desktop\biye\test\testH2_v2\results\task-002-stage2b-b3-smoke\48-markov-transition-perturbation\run-001\dataset_seed001_dist006.mat,21955459,1ba961dad36e7ca39daab93e709dfc883c057f4c6d2e968fae64433fce303ceb,1ba961dad36e7ca39daab93e709dfc883c057f4c6d2e968fae64433fce303ceb,1
C3_combined_dataset_002,C:\Users\chaos\Desktop\biye\test\testH2_v2\results\task-002-stage2b-b3-smoke\48-markov-transition-perturbation\run-001\dataset_seed001_dist007.mat,23586068,3ed54e5d26c6057a546fe209c063067a60a57b510b44870939f0260dc57d6430,3ed54e5d26c6057a546fe209c063067a60a57b510b44870939f0260dc57d6430,1
C3_combined_dataset_003,C:\Users\chaos\Desktop\biye\test\testH2_v2\results\task-002-stage2b-b3-smoke\48-markov-transition-perturbation\run-001\dataset_seed002_dist006.mat,22122384,83ace2cd2627058cfd3283d5199e8f564a5416dcdaf6bd8e744bca84aa12682c,83ace2cd2627058cfd3283d5199e8f564a5416dcdaf6bd8e744bca84aa12682c,1
C3_combined_dataset_004,C:\Users\chaos\Desktop\biye\test\testH2_v2\results\task-002-stage2b-b3-smoke\48-markov-transition-perturbation\run-001\dataset_seed002_dist007.mat,23788514,07334d2a2d557876e21b5dcad7e44ccd7dc9a065e49840e8646e7fb141af92c3,07334d2a2d557876e21b5dcad7e44ccd7dc9a065e49840e8646e7fb141af92c3,1
C3_combined_dataset_005,C:\Users\chaos\Desktop\biye\test\testH2_v2\results\task-002-stage2b-b3-smoke\48-markov-transition-perturbation\run-001\dataset_seed003_dist006.mat,22098972,23f619f5f3ef58c8a22970ed291c7495e49b1f88f9d3fbe2d1757953cf5590f8,23f619f5f3ef58c8a22970ed291c7495e49b1f88f9d3fbe2d1757953cf5590f8,1
C3_combined_dataset_006,C:\Users\chaos\Desktop\biye\test\testH2_v2\results\task-002-stage2b-b3-smoke\48-markov-transition-perturbation\run-001\dataset_seed003_dist007.mat,23707142,666bc77225988e2923cda3dd827d6061b42af54b8276d6056535d65d4876e255,666bc77225988e2923cda3dd827d6061b42af54b8276d6056535d65d4876e255,1
