state_id,intensity,loc,main_msp_terminal_k,site,arrival_count,arrival_frequency_full_oos,arrival_frequency_given_terminal_hit,T_saa_kg,T_dro_kg,DeltaT_dro_minus_saa_kg,mean_I_saa_kg,mean_I_dro_kg,DeltaI_dro_minus_saa_kg,increment_class,increment_realization_ratio,saa_mean_attainment,dro_mean_attainment,attainment_delta_dro_minus_saa,weighted_DeltaT_per_full_oos_path_kg,weighted_DeltaI_per_full_oos_path_kg,weighted_DeltaT_per_terminal_hit_path_kg,weighted_DeltaI_per_terminal_hit_path_kg,unrealized_increment_DeltaT_minus_DeltaI_kg,weighted_unrealized_increment_per_terminal_hit_path_kg
1,2,1,63,1,354,0.0354,0.0584833966628118,0,63.6167837525965,63.6167837525965,181.444063536124,188.332680339862,6.88861680373822,positive_delta_target,0.108283009567535,,1,,2.25203414484192,0.243857034852333,3.72052559861542,0.402869708991133,56.7281669488583,3.31765588962429
1,2,1,63,2,354,0.0354,0.0584833966628118,0,13.0921331708544,13.0921331708544,79.6476233395038,84.5364629302133,4.88883959070954,positive_delta_target,0.373418107416828,,1,,0.463461514248246,0.173064921511118,0.765672417393435,0.285915945004324,8.20329358014488,0.479756472389111
1,2,1,63,3,354,0.0354,0.0584833966628118,0,4.909665412351,4.909665412351,20.2655455713963,23.900008700422,3.63446312902574,positive_delta_target,0.740266968067253,,1,,0.173802155597225,0.128659994767511,0.287133909792211,0.212555748831176,1.27520228332527,0.0745781609610349
1,2,1,63,4,354,0.0354,0.0584833966628118,0,30.5481142906031,30.5481142906031,77.6114286941566,84.2914342372717,6.68000554311514,positive_delta_target,0.218671616832662,,1,,1.08140324588735,0.236472196226276,1.78655748535825,0.390669413887785,23.868108747488,1.39588807147047
2,2,2,71,1,681,0.0681,0.11250619527507,0,58.9150686076349,58.9150686076349,180.311582168447,187.026009511548,6.71442734310085,positive_delta_target,0.113967911805686,,1,,4.01211617217993,0.457252502065168,6.62831021341473,0.755414673823175,52.200641264534,5.87289553959155
2,2,2,71,2,681,0.0681,0.11250619527507,0,27.0027363942657,27.0027363942657,79.6954631225965,84.5974755262555,4.90201240365899,positive_delta_target,0.181537616487638,,1,,1.83888634844949,0.333827044689177,3.0379751337345,0.551506764726874,22.1007239906067,2.48646836900763
2,2,2,71,3,681,0.0681,0.11250619527507,0,8.1826619672842,8.1826619672842,20.7824264206114,24.6202082158052,3.83778179519383,positive_delta_target,0.469013850326213,,1,,0.557239279972054,0.2613529402527,0.920600165161166,0.431774228073187,4.34488017209037,0.48882593708798
2,2,2,71,4,681,0.0681,0.11250619527507,0,16.3652543612975,16.3652543612975,77.4844512910696,83.3715191348754,5.88706784380578,positive_delta_target,0.359729687900741,,1,,1.11447382200436,0.400909320163174,1.84119250289833,0.6623316044328,10.4781865174917,1.17886089846553
3,2,3,79,1,706,0.0706,0.116636378655212,0,69.666481390842,69.666481390842,178.620770639298,186.003339411737,7.38256877243867,positive_delta_target,0.105970168509316,,1,,4.91845358619345,0.52120935533417,8.12564610307855,0.861076086790303,62.2839126184033,7.26457001628825
3,2,3,79,2,706,0.0706,0.116636378655212,0,9.81885571292145,9.81885571292145,79.5824703024449,84.482802997895,4.90033269545007,positive_delta_target,0.499073704586708,,1,,0.693211213332254,0.345963488298775,1.1452357728932,0.571557059803032,4.91852301747138,0.573678713090169
3,2,3,79,3,706,0.0706,0.116636378655212,0,0,0,21.2819633319473,25.0218188279607,3.73985549601344,zero_delta_target,,,,,0,0.264033798018549,0,0.4362032017488,-3.73985549601344,-0.4362032017488
3,2,3,79,4,706,0.0706,0.116636378655212,0,0,0,76.3240556601821,81.4680217150821,5.14396605490003,zero_delta_target,,,,,0,0.363164003475942,0,0.599973572568879,-5.14396605490003,-0.599973572568879
4,2,4,87,1,716,0.0716,0.118288452007269,0,33.2760597503793,33.2760597503793,181.594368664991,191.899163664759,10.3047949997687,positive_delta_target,0.309675937507933,,1,,2.38256587812715,0.737823321983438,3.93617359677376,1.21893824877489,22.9712647506106,2.71723534799887
4,2,4,87,2,716,0.0716,0.118288452007269,0,13.0922205927513,13.0922205927513,78.6948342408934,82.5507725857519,3.85593834485853,positive_delta_target,0.294521339412308,,1,,0.937402994440996,0.276085185491871,1.54865850725425,0.456112977848787,9.23628224789281,1.09254552940546
4,2,4,87,3,716,0.0716,0.118288452007269,0,4.90957965375079,4.90957965375079,20.6021407514241,23.8560480075391,3.25390725611499,positive_delta_target,0.662766975097162,,1,,0.351525903208557,0.232979759537833,0.580746577248566,0.384899652301062,1.65567239763581,0.195846924947503
4,2,4,87,4,716,0.0716,0.118288452007269,0,16.3652705877819,16.3652705877819,76.9045061638604,83.6130273321055,6.70852116824508,positive_delta_target,0.409924243675725,,1,,1.17175337408519,0.480330115646348,1.93582252450881,0.793540584249708,9.65674941953683,1.14228194025911
5,2,5,95,1,644,0.0644,0.10639352387246,0,30.2757519474911,30.2757519474911,179.629898186649,193.318029780166,13.6881315935172,positive_delta_target,0.45211533035603,,1,,1.94975842541843,0.881515674622506,3.22114393758207,1.45632855546424,16.587620353974,1.76481538211783
5,2,5,95,2,644,0.0644,0.10639352387246,0,0,0,78.0123293180493,79.9884072553304,1.97607793728108,zero_delta_target,,,,,0,0.127259419160901,0,0.210241895193956,-1.97607793728108,-0.210241895193956
5,2,5,95,3,644,0.0644,0.10639352387246,0,0,0,20.3313815210627,22.8204547865003,2.48907326543758,zero_delta_target,,,,,0,0.16029631829418,0,0.264821275886635,-2.48907326543758,-0.264821275886635
5,2,5,95,4,644,0.0644,0.10639352387246,0,0,0,75.9826869661025,82.6879690486924,6.70528208258995,zero_delta_target,,,,,0,0.431820166118793,0,0.713398589325611,-6.70528208258995,-0.713398589325611
6,2,6,103,1,445,0.0445,0.073517264166529,0,0,0,179.42511418653,194.681732014684,15.2566178281538,zero_delta_target,,,,,0,0.678919493352846,0,1.12162480316016,-15.2566178281538,-1.12162480316016
6,2,6,103,2,445,0.0445,0.073517264166529,0,0,0,77.7015008241349,81.3460880147376,3.64458719060269,zero_delta_target,,,,,0,0.16218412998182,0,0.267940079269486,-3.64458719060269,-0.267940079269486
6,2,6,103,3,445,0.0445,0.073517264166529,0,0.71367875842609,0.71367875842609,20.844093746812,23.5900468468762,2.74595310006416,positive_delta_target,3.84760379602714,,1,,0.031758704749961,0.122194912952855,0.0524677098132513,0.201874959446316,-2.03227434163807,-0.149407249633065
6,2,6,103,4,445,0.0445,0.073517264166529,0,0,0,76.4719714057755,81.805590539244,5.33361913346846,zero_delta_target,,,,,0,0.237346051439346,0,0.392113086798854,-5.33361913346846,-0.392113086798854
7,2,7,111,1,1023,0.1023,0.169007103915414,0,0,0,177.386860371229,197.446836680993,20.0599763097645,zero_delta_target,,,,,0,2.05213557648891,0,3.39027850072511,-20.0599763097645,-3.39027850072511
7,2,7,111,2,1023,0.1023,0.169007103915414,0,0,0,77.076860919304,78.0067464464919,0.929885527187949,zero_delta_target,,,,,0,0.0951272894313272,0,0.157157259922893,-0.929885527187949,-0.157157259922893
7,2,7,111,3,1023,0.1023,0.169007103915414,0,0,0,20.63234370672,22.2556982512278,1.62335454450772,zero_delta_target,,,,,0,0.16606916990314,0,0.274358450195176,-1.62335454450772,-0.274358450195176
7,2,7,111,4,1023,0.1023,0.169007103915414,0,0,0,74.3632718949591,79.6723014447616,5.30902954980252,zero_delta_target,,,,,0,0.543113722944798,0,0.897263708813477,-5.30902954980252,-0.897263708813477
8,3,1,119,1,81,0.0081,0.0133817941516603,193.11022011292,195.980588261073,2.87036814815269,205.209315899015,210.73008796509,5.52077206607464,positive_delta_target,1.92336724110727,0.979105934237194,0.979580722300833,0.00047478806363932,0.0232499820000368,0.0447182537352046,0.0384106756980618,0.0738778353464474,-2.65040391792195,-0.0354671596483856
8,3,1,119,2,81,0.0081,0.0133817941516603,80.1898371655347,97.5192645430117,17.329427377477,95.4021511247438,95.75393181583,0.351780691086191,positive_delta_target,0.0202996142586569,0.987338645159525,0.915248871556962,-0.0720897736025635,0.140368361757564,0.00284942359779814,0.231898829931544,0.00470745679464422,16.9776466863908,0.2271913731369
8,3,1,119,3,81,0.0081,0.0133817941516603,16.3652728909255,16.3652728831405,-7.78497977194093e-09,26.2290478151316,29.9610462762138,3.73199846108224,negative_delta_target,,0.999441047483926,0.999791408211579,0.000350360727653709,-6.30583361527215e-11,0.0302291875347662,-1.04176996782953e-10,0.0499408351805157,-3.73199846886722,-0.0499408352846927
8,3,1,119,4,81,0.0081,0.0133817941516603,81.8263644546273,95.4481399001905,13.6217754455632,101.423489221012,104.009172528829,2.58568330781786,positive_delta_target,0.189819845302181,0.970942453879868,0.953963001961945,-0.0169794519179237,0.110336381109062,0.0209440347933247,0.182283794992668,0.0346010817666028,11.0360921377454,0.147682713226065
9,3,2,127,1,133,0.0133,0.0219725755823559,181.38177454109,181.109015453749,-0.272759087341797,206.814354887559,211.997495585063,5.18314069750431,negative_delta_target,,0.986145919838515,0.990253199865082,0.00410728002656713,-0.0036276958616459,0.0689357712768074,-0.00599321966239203,0.113886950729898,-5.45589978484611,-0.11988017039229
9,3,2,127,2,133,0.0133,0.0219725755823559,78.2805553282601,85.6457634485623,7.36520812030221,97.442412560596,97.6153377968611,0.172925236265129,positive_delta_target,0.0234786625768878,0.997142841856088,0.984838679919289,-0.0123041619367985,0.0979572680000194,0.00229990564232622,0.161832592103121,0.0037996128239323,7.19228288403708,0.158032979279189
9,3,2,127,3,133,0.0133,0.0219725755823559,21.2748547582031,28.3643588926193,7.08950413441623,26.8625019922965,31.2012898405332,4.33878784823665,positive_delta_target,0.612001596440836,0.972627726681513,0.909177464103787,-0.0634502625777262,0.0942904049877359,0.0577058783815474,0.155774665434885,0.0953343439311868,2.75071628617959,0.0604403215036982
9,3,2,127,4,133,0.0133,0.0219725755823559,101.191937375556,110.194137130854,9.00219975529862,102.3466436157,104.462004569616,2.11536095391594,positive_delta_target,0.234982672170861,0.899473725283783,0.886163561634848,-0.0133101636489347,0.119729256745472,0.028134300687082,0.197801514530764,0.0464799284438824,6.88683880138268,0.151321586086882
10,3,3,135,1,131,0.0131,0.0216421609119445,198.29255652838,207.714537766758,9.42198123837792,201.867762853129,208.043723571954,6.17596071882483,positive_delta_target,0.655484293862601,0.961205856186099,0.958073072371879,-0.00313278381421933,0.123427954222751,0.0809050854166052,0.203912034070297,0.133661135662655,3.2460205195531,0.0702508984076418
10,3,3,135,2,131,0.0131,0.0216421609119445,77.7350462318959,86.042681642297,8.3076354104011,91.0258587153516,93.3685111019898,2.34265238663828,positive_delta_target,0.281987866692524,0.999388202324561,0.985856136462028,-0.0135320658625337,0.108830023876254,0.0306887462649614,0.179795182349669,0.0507000599123764,5.96498302376283,0.129095122437292
10,3,3,135,3,131,0.0131,0.0216421609119445,22.0931184027493,27.2746757992166,5.1815573964673,24.8425435365809,28.9436261526733,4.10108261609239,positive_delta_target,0.791476828740417,0.970423963458803,0.921384501466354,-0.049039461992449,0.0678784018937217,0.0537241822708103,0.112140098948821,0.0887562898906498,1.08047478037491,0.0233838090581717
10,3,3,135,4,131,0.0131,0.0216421609119445,74.1892371055287,84.2813634386846,10.0921263331559,95.8502923310731,97.7273847176557,1.87709238658255,positive_delta_target,0.185995728215936,0.98629939401936,0.96234095029734,-0.0239584437220201,0.132206854964342,0.0245899102642314,0.218415422045831,0.0406243354770054,8.21503394657331,0.177791086568826
11,3,4,143,1,139,0.0139,0.02296381959359,192.564711016556,202.228721913838,9.66401089728171,206.720099176608,211.664666055056,4.94456687844834,positive_delta_target,0.511647485811419,0.979484577121641,0.979485372480127,7.95358485516928e-07,0.134329751472216,0.068729479610432,0.221922602795665,0.113546141765128,4.71944401883337,0.108376461030537
11,3,4,143,2,139,0.0139,0.02296381959359,72.007200720072,73.7990228568447,1.79182213677265,94.0827615690927,93.5013110744252,-0.581450494667493,positive_delta_target,-0.324502350280578,0.999999999999997,0.990546078819412,-0.0094539211805843,0.0249063277011399,-0.00808216187587815,0.041147080292648,-0.0133523242621479,2.37327263144014,0.054499404554796
11,3,4,143,3,139,0.0139,0.02296381959359,16.3652728909255,24.5479067527522,8.18263386182679,25.0070355458055,28.9915470768918,3.98451153108625,positive_delta_target,0.486947307965787,0.99874544939713,0.945099742788036,-0.0536457066090944,0.113738610679392,0.0553847102820989,0.187904527803391,0.0914996039684436,4.19812233074054,0.0964049238349472
11,3,4,143,4,139,0.0139,0.02296381959359,74.1892371055287,95.4648007624855,21.2755636569568,99.949110859234,101.610409838282,1.66129897904817,positive_delta_target,0.0780848397642782,0.995089325541864,0.944219624224082,-0.0508697013177827,0.295730334831699,0.0230920558087695,0.488568205570294,0.0381497700458773,19.6142646779086,0.450418435524417
12,3,5,151,1,117,0.0117,0.0193292582190649,202.383874751111,234.531627132872,32.1477523817604,203.065161703004,213.354888652239,10.2897269492353,positive_delta_target,0.320076092009262,0.951849151568852,0.90574801936972,-0.0461011321991316,0.376128702866596,0.120389805306053,0.621392206949606,0.19889278920544,21.8580254325251,0.422499417744165
12,3,5,151,2,117,0.0117,0.0193292582190649,32.7305457818509,39.2765472048076,6.54600142295667,93.18977090921,91.9362106067289,-1.25356030248111,positive_delta_target,-0.191500157345658,1,0.999999999523697,-4.76302552954166e-10,0.0765882166485931,-0.0146666555390289,0.126529351806696,-0.0242303907798264,7.79956172543778,0.150759742586522
12,3,5,151,3,117,0.0117,0.0193292582190649,16.3652728909255,16.3652905806895,1.76897640216112e-05,25.1151623236592,28.9198521652883,3.80468984162907,positive_delta_target,215078.609131302,0.99923140062177,0.994406203031547,-0.00482519759022315,2.06970239052851e-07,0.0445148711470601,3.41930016608046e-07,0.0735418323923015,-3.80467215186505,-0.0735414904622849
12,3,5,151,4,117,0.0117,0.0193292582190649,74.1892371055287,92.1910086220283,18.0017715164995,97.5493667910157,99.6972187635183,2.14785197250264,positive_delta_target,0.119313367050238,0.986274971372417,0.939256688782317,-0.0470182825900993,0.210620726743045,0.0251298680782808,0.347960890043028,0.0415163853928314,15.8539195439969,0.306444504650196
13,3,6,159,1,89,0.0089,0.0147034528333058,133.376974061043,183.83696804374,50.4599939826975,207.214148437962,216.253568222529,9.03941978456686,positive_delta_target,0.17914032624868,0.999414239804445,0.991487833115055,-0.00792640668938949,0.449093946446008,0.0804508360826451,0.741936141493487,0.13291068244283,41.4205741981306,0.609025459050657
13,3,6,159,2,89,0.0089,0.0147034528333058,36.276354908218,85.3716494567399,49.0952945485219,95.9541497501057,96.0518066001796,0.097656850073875,positive_delta_target,0.00198912850960409,1,0.973504500802106,-0.0264954991978943,0.436948121481845,0.000869145965657488,0.721870347731446,0.00143589288891044,48.997637698448,0.720434454842536
13,3,6,159,3,89,0.0089,0.0147034528333058,9.81916373455527,16.3652799793359,6.54611624478065,27.1761926849121,31.4839056916385,4.30771300672637,positive_delta_target,0.658056295618184,1,0.99786571776086,-0.00213428223914036,0.0582604345785478,0.0383386457598647,0.0962505114464692,0.0633382550138191,2.23840323805428,0.0329122564326501
13,3,6,159,4,89,0.0089,0.0147034528333058,61.0970187927884,69.5525548649856,8.45553607219711,103.583507468504,105.829812142014,2.24630467351002,positive_delta_target,0.265660823196789,0.9989784718772,0.990970717452564,-0.00800775442463575,0.0752542710425542,0.0199921115942392,0.124325575817866,0.033028434816189,6.20923139868708,0.0912971410016769
14,3,7,167,1,188,0.0188,0.0310589790186684,121.103019392848,204.293031921316,83.1900125284678,202.09870589098,214.586223336303,12.4875174453234,positive_delta_target,0.150108373178213,1,0.978637630497389,-0.0213623695026106,1.56397223553519,0.234765327972081,2.58379685368444,0.387849542329557,70.7024950831443,2.19594731135489
14,3,7,167,2,188,0.0188,0.0310589790186684,19.6383274691105,32.7305207407448,13.0921932716342,92.1259373919569,90.4318955467495,-1.69404184520741,positive_delta_target,-0.129393281176023,1,1,0,0.246133233506724,-0.0318479866898993,0.40663015613204,-0.0526152101270432,14.7862351168417,0.459245366259083
14,3,7,167,3,188,0.0188,0.0310589790186684,9.81916373455527,9.81917939576067,1.56612054009742e-05,24.7861385382863,27.7887437586094,3.00260522032309,positive_delta_target,191722.485175779,1,1,0,2.94430661538314e-07,0.0564489781420742,4.86421049955913e-07,0.0932578525393593,-3.00258955911769,-0.0932573661183093
14,3,7,167,4,188,0.0188,0.0310589790186684,35.1853367154897,52.6417371664842,17.4564004509945,94.946169765258,98.3489374262776,3.40276766101962,positive_delta_target,0.194929514281724,1,1,0,0.328180328478696,0.0639720320271689,0.542177975348912,0.105686489389012,14.0536327899749,0.4364914859599
15,4,1,175,1,34,0.0034,0.00561704939699323,240.857267544936,242.490845037318,1.63357749238148,224.992627473412,226.438682694244,1.44605522083162,positive_delta_target,0.885207605746038,0.923959540496461,0.924882272245537,0.000922731749075978,0.00555416347409702,0.00491658775082752,0.00917588546852308,0.00812256360619118,0.187522271549852,0.0010533218623319
15,4,1,175,2,34,0.0034,0.00561704939699323,143.46889234378,142.378525477599,-1.09036686618131,111.677366278191,108.944388900106,-2.73297737808575,negative_delta_target,,0.774784698574592,0.765174302337094,-0.00961039623749727,-0.00370724734501646,-0.00929212308549155,-0.00612464454818514,-0.0153512689335727,1.64261051190444,0.00922662438538755
15,4,1,175,3,34,0.0034,0.00561704939699323,42.5497095164062,51.2780073639153,8.7282978475091,31.3428749770889,37.7429939433801,6.40011896629118,positive_delta_target,0.733260834827911,0.732098388466353,0.730119991235898,-0.00197839723045501,0.029676212681531,0.02176040448539,0.0490272801611283,0.0359497843802908,2.32817888121792,0.0130774957808375
15,4,1,175,4,34,0.0034,0.00561704939699323,150,150,0,122.217419701407,119.534864897925,-2.68255480348188,zero_delta_target,,0.814782798009381,0.796899099319502,-0.0178836986898789,0,-0.00912068633183838,0,-0.0150680428412992,2.68255480348188,0.0150680428412992
16,4,2,183,1,78,0.0078,0.0128861721460433,242.493794834029,245.768350802666,3.2745559686374,230.500004126995,232.162626063248,1.66262193625269,positive_delta_target,0.507739660636962,0.929171431866992,0.927574595003877,-0.00159683686311529,0.0255415365553717,0.012968451102771,0.0421964919137151,0.02142483248434,1.61193403238471,0.0207716594293751
16,4,2,183,2,78,0.0078,0.0128861721460433,136.665030139378,136.921371377604,0.256341238226582,114.171241094691,110.987693728223,-3.18354736646882,positive_delta_target,-12.4191776106459,0.82408232243487,0.805859037573671,-0.0182232848611991,0.00199946165816734,-0.0248316694584568,0.00330325732391763,-0.0410237393993999,3.4398886046954,0.0443269967233175
16,4,2,183,3,78,0.0078,0.0128861721460433,42.8074625644382,52.3694238524147,9.56196128797653,32.5254774686041,39.6906895789907,7.16521211038665,positive_delta_target,0.749345442278289,0.742129278543884,0.742488604618126,0.000359326074241717,0.0745832980462169,0.0558886544610159,0.123217079210667,0.0923321567173565,2.39674917758988,0.0308849224933108
16,4,2,183,4,78,0.0078,0.0128861721460433,150,150,0,125.548242883027,122.850708534195,-2.69753434883242,zero_delta_target,,0.836988285886846,0.819004723561297,-0.0179835623255492,0,-0.0210407679208929,0,-0.0347608919889193,2.69753434883242,0.0347608919889193
17,4,3,191,1,78,0.0078,0.0128861721460433,241.38777514115,242.495486475516,1.10771133436572,229.888097109556,229.742930039532,-0.145167070023888,positive_delta_target,-0.131051353832189,0.936260706474096,0.93615552041978,-0.000105186054316198,0.0086401484080526,-0.00113230314618633,0.0142741589427599,-0.00187064785426454,1.25287840438961,0.0161448067970245
17,4,3,191,2,78,0.0078,0.0128861721460433,138.028802880288,141.285253689067,3.25645080877953,108.290925289654,107.264950711643,-1.02597457801025,positive_delta_target,-0.315059135929269,0.779771592884197,0.759156188983039,-0.020615403901158,0.0254003163084804,-0.00800260170847994,0.0419631857070549,-0.0132208850297042,4.28242538678978,0.0551840707367591
17,4,3,191,3,78,0.0078,0.0128861721460433,32.7305457818509,44.7316160596879,12.001070277837,30.5403841250704,37.3357176852204,6.79533356014999,positive_delta_target,0.56622729496879,0.877175345973072,0.804686307372376,-0.0724890386006958,0.0936083481671286,0.0530036017691699,0.154647857536971,0.087565838045878,5.205736717687,0.067082019491093
17,4,3,191,4,78,0.0078,0.0128861721460433,150,150,0,121.499523027897,119.679847613134,-1.81967541476263,zero_delta_target,,0.809996820185978,0.797865650754228,-0.0121311694317502,0,-0.0141934682351485,0,-0.0234486506445539,1.81967541476263,0.0234486506445539
18,4,4,199,1,55,0.0055,0.00908640343631257,243.569811526607,252.702273520957,9.13246199434968,223.651086147921,225.469751195219,1.81866504729854,positive_delta_target,0.199142908935592,0.9099469603905,0.888202353455236,-0.0217446069352639,0.0502285409689232,0.010002657760142,0.0829812340474529,0.016525124335275,7.31379694705115,0.0664561097121779
18,4,4,199,2,55,0.0055,0.00908640343631257,123.300057278455,124.532268421669,1.23221114321379,108.656454062558,105.704029396462,-2.95242466609649,positive_delta_target,-2.39603795368717,0.858526851129678,0.835323160015713,-0.0232036911139646,0.00677716128767584,-0.0162383356635307,0.0111963675659604,-0.0268269216314732,4.18463580931028,0.0380232891974336
18,4,4,199,3,55,0.0055,0.00908640343631257,29.4574912036658,44.7317455611508,15.274254357485,30.6866094436628,37.1725621579472,6.48595271428441,positive_delta_target,0.424633017264508,0.947728981055742,0.797862845177676,-0.149866135878066,0.0840083989661673,0.0356727399285642,0.138788037280964,0.0589339830308347,8.78830164320057,0.0798540542501291
18,4,4,199,4,55,0.0055,0.00908640343631257,150,150,0,120.596336095598,118.971390586317,-1.62494550928184,zero_delta_target,,0.803975573970656,0.793142603908778,-0.0108329700618784,0,-0.00893720030105014,0,-0.0147649104593592,1.62494550928184,0.0147649104593592
19,4,5,207,1,44,0.0044,0.00726912274905006,222.840465864768,231.297621603105,8.45715573833701,228.695064829541,231.784363025137,3.08929819559634,positive_delta_target,0.365288081617356,0.976585878598921,0.967433126937961,-0.00915275166096063,0.0372114852486828,0.0135929120606239,0.0614761031698048,0.0224564877922087,5.36785754274067,0.0390196153775961
19,4,5,207,2,44,0.0044,0.00726912274905006,119.193737555574,121.918688071935,2.72495051636126,112.066914256435,109.19743695309,-2.86947730334472,positive_delta_target,-1.05303831615132,0.887380050901412,0.867417893305994,-0.0199621575954179,0.0119897822719895,-0.0126257001347168,0.0198079997885173,-0.0208585827436259,5.59442781970598,0.0406665825321433
19,4,5,207,3,44,0.0044,0.00726912274905006,36.003600360036,50.0952851168181,14.0916847567821,32.5233467195754,37.08735070145,4.56400398187458,positive_delta_target,0.323879228115573,0.845363454020609,0.726868748766561,-0.118494705254048,0.0620034129298414,0.0200816175202482,0.102434186237967,0.0331763051713996,9.52768077490754,0.0692578810665673
19,4,5,207,4,44,0.0044,0.00726912274905006,133.376974061042,139.650041540419,6.27306747937666,122.3545586605,123.569858775972,1.21530011547216,positive_delta_target,0.193732989397545,0.873971729269679,0.86129548109942,-0.0126762481702591,0.0276014969092573,0.00534732050807751,0.045599697520663,0.00883416571630185,5.0577673639045,0.0367655318043612
20,4,6,215,1,37,0.0037,0.00611267140261028,216.021602160216,232.932859424932,16.911257264716,230.270409204235,232.456193447619,2.18578424338372,positive_delta_target,0.129250250834052,0.985829652111092,0.964132530441549,-0.0216971216695429,0.0625716518794492,0.00808740170051977,0.103372958664215,0.0133609808368078,14.7254730213323,0.090011977827407
20,4,6,215,2,37,0.0037,0.00611267140261028,82.0991190028094,100.1863762794,18.087257276591,110.189354952978,107.959366158637,-2.22998879434074,positive_delta_target,-0.123290599577353,0.99673887448554,0.97080062225286,-0.0259382522326795,0.0669228519233866,-0.00825095853906074,0.110561460306272,-0.013631188731308,20.3172460709317,0.12419264903758
20,4,6,215,3,37,0.0037,0.00611267140261028,29.4574912036658,36.54780138014,7.0903101764742,34.2776110426644,38.2015892849748,3.92397824231044,positive_delta_target,0.553428290814453,0.972213773406969,0.882816961512912,-0.0893968118940566,0.0262341476529546,0.0145187194965486,0.0433407362513705,0.023985989586236,3.16633193416376,0.0193547466651345
20,4,6,215,4,37,0.0037,0.00611267140261028,99.8281646346453,122.192673667446,22.364509032801,122.241898467155,121.338623615514,-0.903274851640546,positive_delta_target,-0.0403887628525962,0.991063082612487,0.925470605403314,-0.0655924772091726,0.0827486834213637,-0.00334211695107002,0.136706894798222,-0.00552142235432021,23.2677838844416,0.142228317152542
21,4,7,223,1,124,0.0124,0.0204857095655047,213.839565774759,215.20334957964,1.36378380488108,233.076319156101,235.318785691034,2.24246653493327,positive_delta_target,1.64429767160112,0.993917633618156,0.991807408691487,-0.00211022492666835,0.0169109191805254,0.0278065850331726,0.0279380789369328,0.0459385181450067,-0.878682730052191,-0.018000439208074
21,4,7,223,2,124,0.0124,0.0204857095655047,81.8263644546273,93.221622471828,11.3952580172007,110.677495612864,108.646216580065,-2.03127903279872,positive_delta_target,-0.178256519486665,0.995658315500213,0.971558674349328,-0.024099641150885,0.141301199413289,-0.0251878600067041,0.233439946164363,-0.0416121923124139,13.4265370499995,0.275052138476777
21,4,7,223,3,124,0.0124,0.0204857095655047,16.3652728909255,24.547901451242,8.18262856031652,33.8741846618894,38.8488578662099,4.97467320432051,positive_delta_target,0.60795539815241,0.998004196712062,0.962872505754355,-0.0351316909577069,0.101464594147925,0.0616859477335743,0.167626952169048,0.101909710447009,3.20795535599601,0.0657172417220394
21,4,7,223,4,124,0.0124,0.0204857095655047,93.2820554782751,101.525074402858,8.24301892458284,124.49262279501,123.83486302438,-0.657759770630207,positive_delta_target,-0.0797959796827101,0.990263097114942,0.98592437023577,-0.00433872687917236,0.102213434664827,-0.00815622115581457,0.168864091631963,-0.0134746756250034,8.90077869521305,0.182338767256966
22,5,1,231,1,9,0.0009,0.00148686601685115,267.041704170417,264.325715491973,-2.71598867844364,236.895561544238,237.248057291381,0.352495747143564,negative_delta_target,,0.87853186449602,0.886050172343147,0.00751830784712715,-0.00244438981059927,0.000317246172429208,-0.0040383112681303,0.000524113947512321,-3.0684844255872,-0.00456242521564262
22,5,1,231,2,9,0.0009,0.00148686601685115,146.741946921965,144.555682281606,-2.18626464035864,116.482971889226,115.936267488889,-0.546704400337603,negative_delta_target,,0.793794646538048,0.802018057394902,0.0082234108568543,-0.00196763817632278,-0.000492033960303843,-0.00325068259759256,-0.000812876194124968,-1.63956024002104,-0.0024378064034676
22,5,1,231,3,9,0.0009,0.00148686601685115,44.1862368054987,51.2754324636032,7.08919565810452,37.4566964980927,43.3646417209886,5.90794522289591,positive_delta_target,0.833373136787645,0.792646883528712,0.811936297700485,0.0192894141717731,0.00638027609229406,0.00531715070060632,0.0105406841108443,0.00878432298134201,1.1812504352086,0.0017563611295023
22,5,1,231,4,9,0.0009,0.00148686601685115,150,150,0,134.164854662482,130.354635713142,-3.81021894934079,zero_delta_target,,0.894432364416549,0.869030904754277,-0.025401459662272,0,-0.00342919705440671,0,-0.00566528507253711,3.81021894934079,0.00566528507253711
23,5,2,239,1,20,0.002,0.00330414670411366,275.482093663912,277.406850906388,1.92475724247663,255.979348956816,255.150928875283,-0.828420081533466,positive_delta_target,-0.430402371401143,0.927349532315992,0.916772266707362,-0.01057726560863,0.00384951448495326,-0.00165684016306693,0.00635968029894806,-0.00273722148202037,2.7531773240101,0.00909690178096843
23,5,2,239,2,20,0.002,0.00330414670411366,140.195837765595,141.287090282329,1.0912525167345,130.357999918119,128.423225326062,-1.93477459205724,positive_delta_target,-1.77298522788009,0.919840568395225,0.90858321716163,-0.0112573512335947,0.002182505033469,-0.00386954918411448,0.00360565840652404,-0.00639277909154878,3.02602710879174,0.00999843749807281
23,5,2,239,3,20,0.002,0.00330414670411366,49.3685732209585,61.0968533805147,11.7282801595562,42.1333177264553,49.339188637592,7.20587091113667,positive_delta_target,0.614401328507258,0.836399607791847,0.80755695109705,-0.0288426566947969,0.0234565603191125,0.0144117418222733,0.0387519582341194,0.0238092546213007,4.52240924841958,0.0149427036128187
23,5,2,239,4,20,0.002,0.00330414670411366,150,150,0,141.420314902781,139.339254156998,-2.08106074578268,zero_delta_target,,0.942802099351873,0.928928361046656,-0.0138737383052175,0,-0.00416212149156536,0,-0.00687613000423816,2.08106074578268,0.00687613000423816
24,5,3,247,1,28,0.0028,0.00462580538575913,277.406377001336,278.513576350821,1.10719934948446,249.972568943074,250.190825611372,0.218256668297983,positive_delta_target,0.197124996866742,0.900190754734272,0.896256933723027,-0.00393382101124429,0.00310015817855649,0.000611118671234351,0.00512168871395422,0.00100961287169065,0.888942681186478,0.00411207584226357
24,5,3,247,2,28,0.0028,0.00462580538575913,134.740746801953,136.906705367182,2.16595856522954,127.633414387039,124.981904323952,-2.65151006308696,positive_delta_target,-1.22417395496481,0.937071835373025,0.906956718969417,-0.0301151164036083,0.00606468398264273,-0.00742422817664349,0.0100193027963699,-0.0122653695302222,4.8174686283165,0.0222846723265921
24,5,3,247,3,28,0.0028,0.00462580538575913,51.2778550582331,61.1125785326699,9.83472347443684,39.2525237175801,48.161835473715,8.90931175613485,positive_delta_target,0.905903636161465,0.761466860397125,0.788083838550002,0.026616978152877,0.0275372257284232,0.0249460729171776,0.0454935168155017,0.0412127423049357,0.925411718301994,0.00428077451056597
24,5,3,247,4,28,0.0028,0.00462580538575913,150,150,0,142.573826273095,139.259246435592,-3.31457983750232,zero_delta_target,,0.950492175153964,0.928394976237282,-0.0220971989166822,0,-0.0092808235450065,0,-0.0153326012638469,3.31457983750232,0.0153326012638469
25,5,4,255,1,24,0.0024,0.0039649760449364,272.209039085727,276.300390904299,4.09135181857238,247.390188690688,246.030293967988,-1.35989472270052,positive_delta_target,-0.33238273876311,0.905479221005473,0.888412987305604,-0.0170662336998686,0.0098192443645737,-0.00326374733448124,0.0162221119520464,-0.00539194999914297,5.45124654127289,0.0216140619511894
25,5,4,255,2,24,0.0024,0.0039649760449364,144.302157488476,141.809518632341,-2.49263885613468,121.751797637097,120.500023566212,-1.25177407088437,negative_delta_target,,0.843423598129361,0.849698582080718,0.00627498395135728,-0.00598233325472322,-0.00300425777012248,-0.00988325335325165,-0.00496325420472902,-1.24086478525031,-0.00491999914852262
25,5,4,255,3,24,0.0024,0.0039649760449364,41.4586913236778,54.0207737598781,12.5620824362003,38.8092021670844,47.7094421300139,8.9002399629295,positive_delta_target,0.708500362748899,0.882013887327535,0.873179341834096,-0.00883454549343954,0.0301489978468808,0.0213605759110308,0.0498083559340505,0.0352892382472011,3.66184247327082,0.0145191176868494
25,5,4,255,4,24,0.0024,0.0039649760449364,150,150,0,140.332971856241,136.159327241801,-4.17364461444001,zero_delta_target,,0.935553145708275,0.907728848278675,-0.0278242974295999,0,-0.010016747074656,0,-0.0165484009163324,4.17364461444001,0.0165484009163324
26,5,5,263,1,22,0.0022,0.00363456137452503,275.482093663912,271.194922361943,-4.2871713019689,251.626528683241,250.180885394139,-1.44564328910201,negative_delta_target,,0.908586075290045,0.917301530095728,0.00871545480568303,-0.00943177686433157,-0.00318041523602442,-0.0155819872201083,-0.00525427925991148,-2.84152801286689,-0.0103277079601969
26,5,5,263,2,22,0.0022,0.00363456137452503,137.210539235742,137.134215078136,-0.0763241576057681,124.651167006369,124.05810860213,-0.593058404239599,negative_delta_target,,0.893508282743493,0.900189139852202,0.00668085710870914,-0.00016791314673269,-0.00130472848932712,-0.000277404835177085,-0.0021555071688867,0.516734246633831,0.00187810233370961
26,5,5,263,3,22,0.0022,0.00363456137452503,45.2772549982271,49.6407679003528,4.36351290212571,41.8777137882544,48.5326262445312,6.65491245627685,positive_delta_target,1.52512725538977,0.868506848250021,0.945513184628,0.0770063363779796,0.00959972838467655,0.0146408074038091,0.0158594554513077,0.0241876877644293,-2.29139955415114,-0.00832823231312161
26,5,5,263,4,22,0.0022,0.00363456137452503,150,150,0,142.215174625366,137.762430872548,-4.45274375281764,zero_delta_target,,0.948101164169106,0.918416205816989,-0.0296849583521173,0,-0.00979603625619881,0,-0.0161837704546486,4.45274375281764,0.0161837704546486
27,5,6,271,1,9,0.0009,0.00148686601685115,273.443935302621,271.951288207453,-1.49264709516763,240.557949206116,238.50860226168,-2.04934694443594,negative_delta_target,,0.879734081283937,0.877026925791716,-0.00270715549222167,-0.00134338238565086,-0.00184441224999235,-0.00221936624095633,-0.00304710432841954,0.556699849268313,0.000827738087463211
27,5,6,271,2,9,0.0009,0.00148686601685115,129.975042958841,131.468495838033,1.49345287919164,116.501024050175,111.783216609396,-4.71780744077809,positive_delta_target,-3.15899316711733,0.859658815424075,0.833388274102427,-0.0262705413216489,0.00134410759127247,-0.00424602669670028,0.00222056433383855,-0.00701474755774043,6.21126031996972,0.00923531189157897
27,5,6,271,3,9,0.0009,0.00148686601685115,50.0429588413387,54.5501038750447,4.50714503370596,36.4899521896992,42.4978910603408,6.00793887064163,positive_delta_target,1.33298103915277,0.725317792004656,0.779061597347069,0.053743805342413,0.00405643053033536,0.00540714498357747,0.00670152078363682,0.00893300013807611,-1.50079383693567,-0.00223147935443929
27,5,6,271,4,9,0.0009,0.00148686601685115,150,150,0,125.949053376475,126.708268891048,0.759215514572716,zero_delta_target,,0.839660355843166,0.844721792606984,0.00506143676381809,0,0.000683293963115445,0,0.00112885174808433,-0.759215514572716,-0.00112885174808433
28,5,7,279,1,40,0.004,0.00660829340822733,264.299157188446,266.387722760742,2.08856557229552,243.205958916132,242.233790871133,-0.97216804499962,positive_delta_target,-0.465471641348143,0.911994606742001,0.906796074016443,-0.00519853272555804,0.00835426228918209,-0.00388867217999848,0.013801854104051,-0.00642437168346023,3.06073361729514,0.0202262257875113
28,5,7,279,2,40,0.004,0.00660829340822733,109.101819272836,113.46575234314,4.36393307030426,116.959529248154,116.666997430508,-0.292531817646292,positive_delta_target,-0.0670339835495912,0.985563859422761,0.967175917061671,-0.0183879423610896,0.017455732281217,-0.00117012727058517,0.0288381501424369,-0.00193313608224875,4.65646488795055,0.0307712862246856
28,5,7,279,3,40,0.004,0.00660829340822733,50.732345961869,52.9143765828423,2.18203062097334,38.1182307791915,44.6836722129841,6.56544143379255,positive_delta_target,3.00886768988783,0.745971364114738,0.838645514659595,0.0926741505448577,0.00872812248389334,0.0262617657351702,0.0144194985691283,0.0433863633490339,-4.38341081281921,-0.0289668647799056
28,5,7,279,4,40,0.004,0.00660829340822733,146.741946921965,149.154677546133,2.41273062416789,137.133500114246,132.235154660614,-4.89834545363283,positive_delta_target,-2.03020818178663,0.927767068275083,0.885957396140809,-0.0418096721342741,0.00965092249667157,-0.0195933818145313,0.0159440318795169,-0.0323697039724621,7.31107607780072,0.048313735851979
29,6,1,287,1,0,0,0,297.575212066661,299.772462370493,2.1972503038325,,,,positive_delta_target,,,,,0,,0,,,
29,6,1,287,2,0,0,0,140.195837765595,143.468674173339,3.27283640774417,,,,positive_delta_target,,,,,0,,0,,,
29,6,1,287,3,0,0,0,78.5533098764422,82.1081042623194,3.55479438587722,,,,positive_delta_target,,,,,0,,0,,,
29,6,1,287,4,0,0,0,150,150,0,,,,zero_delta_target,,,,,0,,0,,,
30,6,2,295,1,0,0,0,300,300,0,,,,zero_delta_target,,,,,0,,0,,,
30,6,2,295,2,0,0,0,143.241142296048,143.241148115322,5.81927403686677e-06,,,,positive_delta_target,,,,,0,,0,,,
30,6,2,295,3,0,0,0,82.9173826473556,88.3216683109635,5.40428566360792,,,,positive_delta_target,,,,,0,,0,,,
30,6,2,295,4,0,0,0,150,150,0,,,,zero_delta_target,,,,,0,,0,,,
31,6,3,303,1,1,0.0001,0.000165207335205683,300,300,0,273.084533879192,270.236691753431,-2.84784212576102,zero_delta_target,,0.910281779597307,0.900788972511437,-0.00949280708587008,0,-0.000284784212576102,0,-0.000470484408683466,2.84784212576102,0.000470484408683466
31,6,3,303,2,1,0.0001,0.000165207335205683,143.241142296048,143.241140516995,-1.77905263853972e-06,133.204771447957,131.456130838798,-1.748640609159,negative_delta_target,,0.929933741889968,0.917726083193265,-0.0122076586967028,-1.77905263853972e-10,-0.0001748640609159,-2.93912545603787e-10,-0.0002888882552716,1.74863883010636,0.000288887961359055
31,6,3,303,3,1,0.0001,0.000165207335205683,78.5533098764422,83.7691237697975,5.21581389335532,45.8277230752421,50.0012893797075,4.1735663044654,positive_delta_target,0.800175464424127,0.583396462190139,0.596894024069226,0.0134975618790869,0.000521581389335532,0.00041735663044654,0.000861690714250011,0.00068950376746496,1.04224758888991,0.000172186946785051
31,6,3,303,4,1,0.0001,0.000165207335205683,150,150,0,149.571252270288,149.994168700741,0.422916430453,zero_delta_target,,0.99714168180192,0.999961124671607,0.00281944286968672,0,4.22916430453e-05,0,6.98688964898398e-05,-0.422916430453,-6.98688964898398e-05
32,6,4,311,1,0,0,0,300,300,0,,,,zero_delta_target,,,,,0,,0,,,
32,6,4,311,2,0,0,0,134.482993753921,139.105719792175,4.62272603825437,,,,positive_delta_target,,,,,0,,0,,,
32,6,4,311,3,0,0,0,77.780050732346,83.4615116465665,5.68146091422051,,,,positive_delta_target,,,,,0,,0,,,
32,6,4,311,4,0,0,0,150,150,0,,,,zero_delta_target,,,,,0,,0,,,
33,6,5,319,1,1,0.0001,0.000165207335205683,300,300,0,257.942765958276,250.119883273708,-7.82288268456801,zero_delta_target,,0.85980921986092,0.833732944245693,-0.0260762756152267,0,-0.000782288268456802,0,-0.00129239760194416,7.82288268456801,0.00129239760194416
33,6,5,319,2,1,0.0001,0.000165207335205683,133.421978561492,133.421984648734,6.08724155881646e-06,109.101819272836,113.46575234314,4.363933070304,positive_delta_target,716898.290980994,0.817719992231657,0.850427706062583,0.0327077138309252,6.08724155881646e-10,0.0004363933070304,1.00565695668536e-09,0.000720953753560879,-4.36392698306244,-0.000720952747903922
33,6,5,319,3,1,0.0001,0.000165207335205683,65.1883370155197,73.6444866111792,8.45614959565953,42.3899250676591,49.9303446849857,7.5404196173266,positive_delta_target,0.891708398961749,0.650268545086019,0.677991618688347,0.0277230736023276,0.000845614959565953,0.00075404196173266,0.00139701794079953,0.00124573263131118,0.915729978332926,0.000151285309488341
33,6,5,319,4,1,0.0001,0.000165207335205683,150,150,0,142.460591210925,138.379121207863,-4.08147000306201,zero_delta_target,,0.9497372747395,0.922527474719087,-0.0272098000204134,0,-0.000408147000306201,0,-0.000674288782927806,4.08147000306201,0.000674288782927806
34,6,6,327,1,0,0,0,300,300,0,,,,zero_delta_target,,,,,0,,0,,,
34,6,6,327,2,0,0,0,118.69323295966,123.603016670133,4.90978371047326,,,,positive_delta_target,,,,,0,,0,,,
34,6,6,327,3,0,0,0,47.6870414314159,58.1418507848514,10.4548093534355,,,,positive_delta_target,,,,,0,,0,,,
34,6,6,327,4,0,0,0,150,150,0,,,,zero_delta_target,,,,,0,,0,,,
35,6,7,335,1,2,0.0002,0.000330414670411366,300,300,0,273.044849846356,273.080506320968,0.035656474611983,zero_delta_target,,0.910149499487852,0.910268354403225,0.000118854915373334,0,7.13129492239659e-06,0,1.17814223069496e-05,-0.035656474611983,-1.17814223069496e-05
35,6,7,335,2,2,0.0002,0.000330414670411366,111.283855658293,106.980914137021,-4.30294152127259,127.876691717285,128.038133080905,0.161441363619502,negative_delta_target,,1,1,0,-0.000860588304254517,3.22882727239005e-05,-0.00142175500455066,5.33425949510994e-05,-4.46438288489209,-0.00147509759950176
35,6,7,335,3,2,0.0002,0.000330414670411366,46.6860322395873,50.9889763636863,4.30294412409904,51.5423281026363,52.7436301264284,1.20130202379205,positive_delta_target,0.279181413735784,1,1,0,0.000860588824819807,0.000240260404758411,0.00142175586456271,0.000396927812255758,3.10164210030698,0.00102482805230695
35,6,7,335,4,2,0.0002,0.000330414670411366,150,150,0,148.251182779988,149.320855881193,1.06967310120598,zero_delta_target,,0.98834121853325,0.99547237254129,0.00713115400803987,0,0.000213934620241196,0,0.000353435685182877,-1.06967310120598,-0.000353435685182877
