path_id,path_type,t,k,a,loc,lf,status,from_site,to_site,f_ij,distance_km,base_cost_per_kg,beta,beta_adjusted_cost_per_kg,edge_transport_cost
986,H02_saa,1,65,2,2,1,normal,1,2,0,28.2276208210645,5.64552416421289,0,5.64552416421289,0
986,H02_saa,1,65,2,2,1,normal,1,3,0,28.2276208210645,5.64552416421289,0,5.64552416421289,0
986,H02_saa,1,65,2,2,1,normal,1,4,0,24.3883468749663,4.87766937499326,0,4.87766937499326,0
986,H02_saa,1,65,2,2,1,normal,2,1,0,28.2276208210645,5.64552416421289,0,5.64552416421289,0
986,H02_saa,1,65,2,2,1,normal,2,3,0,8,1.6,0,1.6,0
986,H02_saa,1,65,2,2,1,normal,2,4,0,22.9939521853426,4.59879043706853,0,4.59879043706853,0
986,H02_saa,1,65,2,2,1,normal,3,1,0,28.2276208210645,5.64552416421289,0,5.64552416421289,0
986,H02_saa,1,65,2,2,1,normal,3,2,0,8,1.6,0,1.6,0
986,H02_saa,1,65,2,2,1,normal,3,4,0,27.1343920149121,5.42687840298242,0,5.42687840298242,0
986,H02_saa,1,65,2,2,1,normal,4,1,0,24.3883468749663,4.87766937499326,0,4.87766937499326,0
986,H02_saa,1,65,2,2,1,normal,4,2,0,22.9939521853426,4.59879043706853,0,4.59879043706853,0
986,H02_saa,1,65,2,2,1,normal,4,3,0,27.1343920149121,5.42687840298242,0,5.42687840298242,0
986,H02_saa,2,83,2,4,3,normal,1,2,0,28.2276208210645,5.64552416421289,0.0471428571428571,6.17781644255297,0
986,H02_saa,2,83,2,4,3,normal,1,3,0,28.2276208210645,5.64552416421289,0.0471428571428571,6.17781644255297,0
986,H02_saa,2,83,2,4,3,normal,1,4,0,24.3883468749663,4.87766937499326,0.0471428571428571,5.33756391606405,0
986,H02_saa,2,83,2,4,3,normal,2,1,0,28.2276208210645,5.64552416421289,0.0471428571428571,6.17781644255297,0
986,H02_saa,2,83,2,4,3,normal,2,3,0,8,1.6,0.0471428571428571,1.75085714285714,0
986,H02_saa,2,83,2,4,3,normal,2,4,0,22.9939521853426,4.59879043706853,0.0471428571428571,5.03239067827784,0
986,H02_saa,2,83,2,4,3,normal,3,1,0,28.2276208210645,5.64552416421289,0.0471428571428571,6.17781644255297,0
986,H02_saa,2,83,2,4,3,normal,3,2,0,8,1.6,0.0471428571428571,1.75085714285714,0
986,H02_saa,2,83,2,4,3,normal,3,4,0,27.1343920149121,5.42687840298242,0.0471428571428571,5.93855550954933,0
986,H02_saa,2,83,2,4,3,normal,4,1,0,24.3883468749663,4.87766937499326,0.0471428571428571,5.33756391606405,0
986,H02_saa,2,83,2,4,3,normal,4,2,0,22.9939521853426,4.59879043706853,0.0471428571428571,5.03239067827784,0
986,H02_saa,2,83,2,4,3,normal,4,3,0,27.1343920149121,5.42687840298242,0.0471428571428571,5.93855550954933,0
986,H02_saa,3,109,2,7,5,normal,1,2,0,28.2276208210645,5.64552416421289,0.114285714285714,6.93592968746156,0
986,H02_saa,3,109,2,7,5,normal,1,3,0,28.2276208210645,5.64552416421289,0.114285714285714,6.93592968746156,0
986,H02_saa,3,109,2,7,5,normal,1,4,0,24.3883468749663,4.87766937499326,0.114285714285714,5.99256523213457,0
986,H02_saa,3,109,2,7,5,normal,2,1,25.3650345621678,28.2276208210645,5.64552416421289,0.114285714285714,6.93592968746156,175.930096243228
986,H02_saa,3,109,2,7,5,normal,2,3,0,8,1.6,0.114285714285714,1.96571428571429,0
986,H02_saa,3,109,2,7,5,normal,2,4,19.1153824539618,22.9939521853426,4.59879043706853,0.114285714285714,5.6499425369699,108.000812437087
986,H02_saa,3,109,2,7,5,normal,3,1,29.2555418047981,28.2276208210645,5.64552416421289,0.114285714285714,6.93592968746156,202.914380926672
986,H02_saa,3,109,2,7,5,normal,3,2,0,8,1.6,0.114285714285714,1.96571428571429,0
986,H02_saa,3,109,2,7,5,normal,3,4,0,27.1343920149121,5.42687840298242,0.114285714285714,6.66730775223554,0
986,H02_saa,3,109,2,7,5,normal,4,1,0,24.3883468749663,4.87766937499326,0.114285714285714,5.99256523213457,0
986,H02_saa,3,109,2,7,5,normal,4,2,0,22.9939521853426,4.59879043706853,0.114285714285714,5.6499425369699,0
986,H02_saa,3,109,2,7,5,normal,4,3,0,27.1343920149121,5.42687840298242,0.114285714285714,6.66730775223554,0
986,H02_saa,4,110,2,7,6,normal,1,2,0,28.2276208210645,5.64552416421289,0.142857142857143,7.25853106827372,0
986,H02_saa,4,110,2,7,6,normal,1,3,0,28.2276208210645,5.64552416421289,0.142857142857143,7.25853106827372,0
986,H02_saa,4,110,2,7,6,normal,1,4,0,24.3883468749663,4.87766937499326,0.142857142857143,6.2712891964199,0
986,H02_saa,4,110,2,7,6,normal,2,1,0,28.2276208210645,5.64552416421289,0.142857142857143,7.25853106827372,0
986,H02_saa,4,110,2,7,6,normal,2,3,0,8,1.6,0.142857142857143,2.05714285714286,0
986,H02_saa,4,110,2,7,6,normal,2,4,0,22.9939521853426,4.59879043706853,0.142857142857143,5.91273056194525,0
986,H02_saa,4,110,2,7,6,normal,3,1,0,28.2276208210645,5.64552416421289,0.142857142857143,7.25853106827372,0
986,H02_saa,4,110,2,7,6,normal,3,2,0,8,1.6,0.142857142857143,2.05714285714286,0
986,H02_saa,4,110,2,7,6,normal,3,4,0,27.1343920149121,5.42687840298242,0.142857142857143,6.97741508954882,0
986,H02_saa,4,110,2,7,6,normal,4,1,0.0753559652177103,24.3883468749663,4.87766937499326,0.142857142857143,6.2712891964199,0.47257905055562
986,H02_saa,4,110,2,7,6,normal,4,2,0,22.9939521853426,4.59879043706853,0.142857142857143,5.91273056194525,0
986,H02_saa,4,110,2,7,6,normal,4,3,0,27.1343920149121,5.42687840298242,0.142857142857143,6.97741508954882,0
986,H02_saa,5,111,2,7,7,loh_demand_stage,1,2,0,28.2276208210645,5.64552416421289,0.171428571428571,7.58113244908589,0
986,H02_saa,5,111,2,7,7,loh_demand_stage,1,3,0,28.2276208210645,5.64552416421289,0.171428571428571,7.58113244908589,0
986,H02_saa,5,111,2,7,7,loh_demand_stage,1,4,0,24.3883468749663,4.87766937499326,0.171428571428571,6.55001316070523,0
986,H02_saa,5,111,2,7,7,loh_demand_stage,2,1,0,28.2276208210645,5.64552416421289,0.171428571428571,7.58113244908589,0
986,H02_saa,5,111,2,7,7,loh_demand_stage,2,3,0,8,1.6,0.171428571428571,2.14857142857143,0
986,H02_saa,5,111,2,7,7,loh_demand_stage,2,4,0,22.9939521853426,4.59879043706853,0.171428571428571,6.17551858692059,0
986,H02_saa,5,111,2,7,7,loh_demand_stage,3,1,0,28.2276208210645,5.64552416421289,0.171428571428571,7.58113244908589,0
986,H02_saa,5,111,2,7,7,loh_demand_stage,3,2,0,8,1.6,0.171428571428571,2.14857142857143,0
986,H02_saa,5,111,2,7,7,loh_demand_stage,3,4,0,27.1343920149121,5.42687840298242,0.171428571428571,7.28752242686211,0
986,H02_saa,5,111,2,7,7,loh_demand_stage,4,1,0,24.3883468749663,4.87766937499326,0.171428571428571,6.55001316070523,0
986,H02_saa,5,111,2,7,7,loh_demand_stage,4,2,0,22.9939521853426,4.59879043706853,0.171428571428571,6.17551858692059,0
986,H02_saa,5,111,2,7,7,loh_demand_stage,4,3,0,27.1343920149121,5.42687840298242,0.171428571428571,7.28752242686211,0
986,H02_saa,6,112,2,7,8,post_absorb,1,2,0,28.2276208210645,5.64552416421289,0.2,7.90373382989805,0
986,H02_saa,6,112,2,7,8,post_absorb,1,3,0,28.2276208210645,5.64552416421289,0.2,7.90373382989805,0
986,H02_saa,6,112,2,7,8,post_absorb,1,4,0,24.3883468749663,4.87766937499326,0.2,6.82873712499056,0
986,H02_saa,6,112,2,7,8,post_absorb,2,1,0,28.2276208210645,5.64552416421289,0.2,7.90373382989805,0
986,H02_saa,6,112,2,7,8,post_absorb,2,3,0,8,1.6,0.2,2.24,0
986,H02_saa,6,112,2,7,8,post_absorb,2,4,0,22.9939521853426,4.59879043706853,0.2,6.43830661189594,0
986,H02_saa,6,112,2,7,8,post_absorb,3,1,0,28.2276208210645,5.64552416421289,0.2,7.90373382989805,0
986,H02_saa,6,112,2,7,8,post_absorb,3,2,0,8,1.6,0.2,2.24,0
986,H02_saa,6,112,2,7,8,post_absorb,3,4,0,27.1343920149121,5.42687840298242,0.2,7.59762976417539,0
986,H02_saa,6,112,2,7,8,post_absorb,4,1,0,24.3883468749663,4.87766937499326,0.2,6.82873712499056,0
986,H02_saa,6,112,2,7,8,post_absorb,4,2,0,22.9939521853426,4.59879043706853,0.2,6.43830661189594,0
986,H02_saa,6,112,2,7,8,post_absorb,4,3,0,27.1343920149121,5.42687840298242,0.2,7.59762976417539,0
986,H02_saa,7,104,2,6,8,post_absorb,1,2,0,28.2276208210645,5.64552416421289,0.188333333333333,7.77200493273308,0
986,H02_saa,7,104,2,6,8,post_absorb,1,3,0,28.2276208210645,5.64552416421289,0.188333333333333,7.77200493273308,0
986,H02_saa,7,104,2,6,8,post_absorb,1,4,0,24.3883468749663,4.87766937499326,0.188333333333333,6.71492483957405,0
986,H02_saa,7,104,2,6,8,post_absorb,2,1,0,28.2276208210645,5.64552416421289,0.188333333333333,7.77200493273308,0
986,H02_saa,7,104,2,6,8,post_absorb,2,3,0,8,1.6,0.188333333333333,2.20266666666667,0
986,H02_saa,7,104,2,6,8,post_absorb,2,4,0,22.9939521853426,4.59879043706853,0.188333333333333,6.33100150169767,0
986,H02_saa,7,104,2,6,8,post_absorb,3,1,0,28.2276208210645,5.64552416421289,0.188333333333333,7.77200493273308,0
986,H02_saa,7,104,2,6,8,post_absorb,3,2,0,8,1.6,0.188333333333333,2.20266666666667,0
986,H02_saa,7,104,2,6,8,post_absorb,3,4,0,27.1343920149121,5.42687840298242,0.188333333333333,7.47100260143913,0
986,H02_saa,7,104,2,6,8,post_absorb,4,1,0,24.3883468749663,4.87766937499326,0.188333333333333,6.71492483957405,0
986,H02_saa,7,104,2,6,8,post_absorb,4,2,0,22.9939521853426,4.59879043706853,0.188333333333333,6.33100150169767,0
986,H02_saa,7,104,2,6,8,post_absorb,4,3,0,27.1343920149121,5.42687840298242,0.188333333333333,7.47100260143913,0
986,H02_saa,8,16,1,2,8,post_absorb,1,2,0,28.2276208210645,5.64552416421289,0,5.64552416421289,0
986,H02_saa,8,16,1,2,8,post_absorb,1,3,0,28.2276208210645,5.64552416421289,0,5.64552416421289,0
986,H02_saa,8,16,1,2,8,post_absorb,1,4,0,24.3883468749663,4.87766937499326,0,4.87766937499326,0
986,H02_saa,8,16,1,2,8,post_absorb,2,1,0,28.2276208210645,5.64552416421289,0,5.64552416421289,0
986,H02_saa,8,16,1,2,8,post_absorb,2,3,0,8,1.6,0,1.6,0
986,H02_saa,8,16,1,2,8,post_absorb,2,4,0,22.9939521853426,4.59879043706853,0,4.59879043706853,0
986,H02_saa,8,16,1,2,8,post_absorb,3,1,0,28.2276208210645,5.64552416421289,0,5.64552416421289,0
986,H02_saa,8,16,1,2,8,post_absorb,3,2,0,8,1.6,0,1.6,0
986,H02_saa,8,16,1,2,8,post_absorb,3,4,0,27.1343920149121,5.42687840298242,0,5.42687840298242,0
986,H02_saa,8,16,1,2,8,post_absorb,4,1,0,24.3883468749663,4.87766937499326,0,4.87766937499326,0
986,H02_saa,8,16,1,2,8,post_absorb,4,2,0,22.9939521853426,4.59879043706853,0,4.59879043706853,0
986,H02_saa,8,16,1,2,8,post_absorb,4,3,0,27.1343920149121,5.42687840298242,0,5.42687840298242,0
2017,H02_saa,1,65,2,2,1,normal,1,2,0,28.2276208210645,5.64552416421289,0,5.64552416421289,0
2017,H02_saa,1,65,2,2,1,normal,1,3,0,28.2276208210645,5.64552416421289,0,5.64552416421289,0
2017,H02_saa,1,65,2,2,1,normal,1,4,0,24.3883468749663,4.87766937499326,0,4.87766937499326,0
2017,H02_saa,1,65,2,2,1,normal,2,1,0,28.2276208210645,5.64552416421289,0,5.64552416421289,0
2017,H02_saa,1,65,2,2,1,normal,2,3,0,8,1.6,0,1.6,0
2017,H02_saa,1,65,2,2,1,normal,2,4,0,22.9939521853426,4.59879043706853,0,4.59879043706853,0
2017,H02_saa,1,65,2,2,1,normal,3,1,0,28.2276208210645,5.64552416421289,0,5.64552416421289,0
2017,H02_saa,1,65,2,2,1,normal,3,2,0,8,1.6,0,1.6,0
2017,H02_saa,1,65,2,2,1,normal,3,4,0,27.1343920149121,5.42687840298242,0,5.42687840298242,0
2017,H02_saa,1,65,2,2,1,normal,4,1,0,24.3883468749663,4.87766937499326,0,4.87766937499326,0
2017,H02_saa,1,65,2,2,1,normal,4,2,0,22.9939521853426,4.59879043706853,0,4.59879043706853,0
2017,H02_saa,1,65,2,2,1,normal,4,3,0,27.1343920149121,5.42687840298242,0,5.42687840298242,0
2017,H02_saa,2,74,2,3,2,normal,1,2,0,28.2276208210645,5.64552416421289,0.0219047619047619,5.89285188950222,0
2017,H02_saa,2,74,2,3,2,normal,1,3,0,28.2276208210645,5.64552416421289,0.0219047619047619,5.89285188950222,0
2017,H02_saa,2,74,2,3,2,normal,1,4,0,24.3883468749663,4.87766937499326,0.0219047619047619,5.09135774761201,0
2017,H02_saa,2,74,2,3,2,normal,2,1,0,28.2276208210645,5.64552416421289,0.0219047619047619,5.89285188950222,0
2017,H02_saa,2,74,2,3,2,normal,2,3,0,8,1.6,0.0219047619047619,1.67009523809524,0
2017,H02_saa,2,74,2,3,2,normal,2,4,0,22.9939521853426,4.59879043706853,0.0219047619047619,4.80026125621629,0
2017,H02_saa,2,74,2,3,2,normal,3,1,0,28.2276208210645,5.64552416421289,0.0219047619047619,5.89285188950222,0
2017,H02_saa,2,74,2,3,2,normal,3,2,0,8,1.6,0.0219047619047619,1.67009523809524,0
2017,H02_saa,2,74,2,3,2,normal,3,4,0,27.1343920149121,5.42687840298242,0.0219047619047619,5.66462736158927,0
2017,H02_saa,2,74,2,3,2,normal,4,1,0,24.3883468749663,4.87766937499326,0.0219047619047619,5.09135774761201,0
2017,H02_saa,2,74,2,3,2,normal,4,2,0,22.9939521853426,4.59879043706853,0.0219047619047619,4.80026125621629,0
2017,H02_saa,2,74,2,3,2,normal,4,3,0,27.1343920149121,5.42687840298242,0.0219047619047619,5.66462736158927,0
2017,H02_saa,3,68,2,2,4,normal,1,2,0,28.2276208210645,5.64552416421289,0.0607142857142857,6.33105209843874,0
2017,H02_saa,3,68,2,2,4,normal,1,3,0,28.2276208210645,5.64552416421289,0.0607142857142857,6.33105209843874,0
2017,H02_saa,3,68,2,2,4,normal,1,4,0,24.3883468749663,4.87766937499326,0.0607142857142857,5.46995779909958,0
2017,H02_saa,3,68,2,2,4,normal,2,1,2.76879027106372,28.2276208210645,5.64552416421289,0.0607142857142857,6.33105209843874,17.5293554557548
2017,H02_saa,3,68,2,2,4,normal,2,3,0,8,1.6,0.0607142857142857,1.79428571428571,0
2017,H02_saa,3,68,2,2,4,normal,2,4,0,22.9939521853426,4.59879043706853,0.0607142857142857,5.15721499014113,0
2017,H02_saa,3,68,2,2,4,normal,3,1,12.5386896952585,28.2276208210645,5.64552416421289,0.0607142857142857,6.33105209843874,79.3830977068383
2017,H02_saa,3,68,2,2,4,normal,3,2,0,8,1.6,0.0607142857142857,1.79428571428571,0
2017,H02_saa,3,68,2,2,4,normal,3,4,0,27.1343920149121,5.42687840298242,0.0607142857142857,6.08585649477314,0
2017,H02_saa,3,68,2,2,4,normal,4,1,0,24.3883468749663,4.87766937499326,0.0607142857142857,5.46995779909958,0
2017,H02_saa,3,68,2,2,4,normal,4,2,0,22.9939521853426,4.59879043706853,0.0607142857142857,5.15721499014113,0
2017,H02_saa,3,68,2,2,4,normal,4,3,0,27.1343920149121,5.42687840298242,0.0607142857142857,6.08585649477314,0
2017,H02_saa,4,151,3,5,7,loh_demand_stage,1,2,0,28.2276208210645,5.64552416421289,0.302857142857143,9.06509880082185,0
2017,H02_saa,4,151,3,5,7,loh_demand_stage,1,3,0,28.2276208210645,5.64552416421289,0.302857142857143,9.06509880082185,0
2017,H02_saa,4,151,3,5,7,loh_demand_stage,1,4,0,24.3883468749663,4.87766937499326,0.302857142857143,7.83214339641774,0
2017,H02_saa,4,151,3,5,7,loh_demand_stage,2,1,0,28.2276208210645,5.64552416421289,0.302857142857143,9.06509880082185,0
2017,H02_saa,4,151,3,5,7,loh_demand_stage,2,3,0,8,1.6,0.302857142857143,2.56914285714286,0
2017,H02_saa,4,151,3,5,7,loh_demand_stage,2,4,0,22.9939521853426,4.59879043706853,0.302857142857143,7.38434350180717,0
2017,H02_saa,4,151,3,5,7,loh_demand_stage,3,1,0,28.2276208210645,5.64552416421289,0.302857142857143,9.06509880082185,0
2017,H02_saa,4,151,3,5,7,loh_demand_stage,3,2,0,8,1.6,0.302857142857143,2.56914285714286,0
2017,H02_saa,4,151,3,5,7,loh_demand_stage,3,4,0,27.1343920149121,5.42687840298242,0.302857142857143,8.7140161785032,0
2017,H02_saa,4,151,3,5,7,loh_demand_stage,4,1,0,24.3883468749663,4.87766937499326,0.302857142857143,7.83214339641774,0
2017,H02_saa,4,151,3,5,7,loh_demand_stage,4,2,0,22.9939521853426,4.59879043706853,0.302857142857143,7.38434350180717,0
2017,H02_saa,4,151,3,5,7,loh_demand_stage,4,3,0,27.1343920149121,5.42687840298242,0.302857142857143,8.7140161785032,0
2017,H02_saa,5,168,3,7,8,post_absorb,1,2,0,28.2276208210645,5.64552416421289,0.4,10.1619434955832,0
2017,H02_saa,5,168,3,7,8,post_absorb,1,3,0,28.2276208210645,5.64552416421289,0.4,10.1619434955832,0
2017,H02_saa,5,168,3,7,8,post_absorb,1,4,0,24.3883468749663,4.87766937499326,0.4,8.77980487498786,0
2017,H02_saa,5,168,3,7,8,post_absorb,2,1,0,28.2276208210645,5.64552416421289,0.4,10.1619434955832,0
2017,H02_saa,5,168,3,7,8,post_absorb,2,3,0,8,1.6,0.4,2.88,0
2017,H02_saa,5,168,3,7,8,post_absorb,2,4,0,22.9939521853426,4.59879043706853,0.4,8.27782278672335,0
2017,H02_saa,5,168,3,7,8,post_absorb,3,1,0,28.2276208210645,5.64552416421289,0.4,10.1619434955832,0
2017,H02_saa,5,168,3,7,8,post_absorb,3,2,0,8,1.6,0.4,2.88,0
2017,H02_saa,5,168,3,7,8,post_absorb,3,4,0,27.1343920149121,5.42687840298242,0.4,9.76838112536835,0
2017,H02_saa,5,168,3,7,8,post_absorb,4,1,0,24.3883468749663,4.87766937499326,0.4,8.77980487498786,0
2017,H02_saa,5,168,3,7,8,post_absorb,4,2,0,22.9939521853426,4.59879043706853,0.4,8.27782278672335,0
2017,H02_saa,5,168,3,7,8,post_absorb,4,3,0,27.1343920149121,5.42687840298242,0.4,9.76838112536835,0
2017,H02_saa,6,160,3,6,8,post_absorb,1,2,0,28.2276208210645,5.64552416421289,0.376666666666667,9.89848570125327,0
2017,H02_saa,6,160,3,6,8,post_absorb,1,3,0,28.2276208210645,5.64552416421289,0.376666666666667,9.89848570125327,0
2017,H02_saa,6,160,3,6,8,post_absorb,1,4,0,24.3883468749663,4.87766937499326,0.376666666666667,8.55218030415484,0
2017,H02_saa,6,160,3,6,8,post_absorb,2,1,0,28.2276208210645,5.64552416421289,0.376666666666667,9.89848570125327,0
2017,H02_saa,6,160,3,6,8,post_absorb,2,3,0,8,1.6,0.376666666666667,2.80533333333333,0
2017,H02_saa,6,160,3,6,8,post_absorb,2,4,0,22.9939521853426,4.59879043706853,0.376666666666667,8.06321256632681,0
2017,H02_saa,6,160,3,6,8,post_absorb,3,1,0,28.2276208210645,5.64552416421289,0.376666666666667,9.89848570125327,0
2017,H02_saa,6,160,3,6,8,post_absorb,3,2,0,8,1.6,0.376666666666667,2.80533333333333,0
2017,H02_saa,6,160,3,6,8,post_absorb,3,4,0,27.1343920149121,5.42687840298242,0.376666666666667,9.51512679989584,0
2017,H02_saa,6,160,3,6,8,post_absorb,4,1,0,24.3883468749663,4.87766937499326,0.376666666666667,8.55218030415484,0
2017,H02_saa,6,160,3,6,8,post_absorb,4,2,0,22.9939521853426,4.59879043706853,0.376666666666667,8.06321256632681,0
2017,H02_saa,6,160,3,6,8,post_absorb,4,3,0,27.1343920149121,5.42687840298242,0.376666666666667,9.51512679989584,0
2017,H02_saa,7,168,3,7,8,post_absorb,1,2,0,28.2276208210645,5.64552416421289,0.4,10.1619434955832,0
2017,H02_saa,7,168,3,7,8,post_absorb,1,3,0,28.2276208210645,5.64552416421289,0.4,10.1619434955832,0
2017,H02_saa,7,168,3,7,8,post_absorb,1,4,0,24.3883468749663,4.87766937499326,0.4,8.77980487498786,0
2017,H02_saa,7,168,3,7,8,post_absorb,2,1,0,28.2276208210645,5.64552416421289,0.4,10.1619434955832,0
2017,H02_saa,7,168,3,7,8,post_absorb,2,3,0,8,1.6,0.4,2.88,0
2017,H02_saa,7,168,3,7,8,post_absorb,2,4,0,22.9939521853426,4.59879043706853,0.4,8.27782278672335,0
2017,H02_saa,7,168,3,7,8,post_absorb,3,1,0,28.2276208210645,5.64552416421289,0.4,10.1619434955832,0
2017,H02_saa,7,168,3,7,8,post_absorb,3,2,0,8,1.6,0.4,2.88,0
2017,H02_saa,7,168,3,7,8,post_absorb,3,4,0,27.1343920149121,5.42687840298242,0.4,9.76838112536835,0
2017,H02_saa,7,168,3,7,8,post_absorb,4,1,0,24.3883468749663,4.87766937499326,0.4,8.77980487498786,0
2017,H02_saa,7,168,3,7,8,post_absorb,4,2,0,22.9939521853426,4.59879043706853,0.4,8.27782278672335,0
2017,H02_saa,7,168,3,7,8,post_absorb,4,3,0,27.1343920149121,5.42687840298242,0.4,9.76838112536835,0
2017,H02_saa,8,160,3,6,8,post_absorb,1,2,0,28.2276208210645,5.64552416421289,0.376666666666667,9.89848570125327,0
2017,H02_saa,8,160,3,6,8,post_absorb,1,3,0,28.2276208210645,5.64552416421289,0.376666666666667,9.89848570125327,0
2017,H02_saa,8,160,3,6,8,post_absorb,1,4,0,24.3883468749663,4.87766937499326,0.376666666666667,8.55218030415484,0
2017,H02_saa,8,160,3,6,8,post_absorb,2,1,0,28.2276208210645,5.64552416421289,0.376666666666667,9.89848570125327,0
2017,H02_saa,8,160,3,6,8,post_absorb,2,3,0,8,1.6,0.376666666666667,2.80533333333333,0
2017,H02_saa,8,160,3,6,8,post_absorb,2,4,0,22.9939521853426,4.59879043706853,0.376666666666667,8.06321256632681,0
2017,H02_saa,8,160,3,6,8,post_absorb,3,1,0,28.2276208210645,5.64552416421289,0.376666666666667,9.89848570125327,0
2017,H02_saa,8,160,3,6,8,post_absorb,3,2,0,8,1.6,0.376666666666667,2.80533333333333,0
2017,H02_saa,8,160,3,6,8,post_absorb,3,4,0,27.1343920149121,5.42687840298242,0.376666666666667,9.51512679989584,0
2017,H02_saa,8,160,3,6,8,post_absorb,4,1,0,24.3883468749663,4.87766937499326,0.376666666666667,8.55218030415484,0
2017,H02_saa,8,160,3,6,8,post_absorb,4,2,0,22.9939521853426,4.59879043706853,0.376666666666667,8.06321256632681,0
2017,H02_saa,8,160,3,6,8,post_absorb,4,3,0,27.1343920149121,5.42687840298242,0.376666666666667,9.51512679989584,0
5380,H02_saa,1,65,2,2,1,normal,1,2,0,28.2276208210645,5.64552416421289,0,5.64552416421289,0
5380,H02_saa,1,65,2,2,1,normal,1,3,0,28.2276208210645,5.64552416421289,0,5.64552416421289,0
5380,H02_saa,1,65,2,2,1,normal,1,4,0,24.3883468749663,4.87766937499326,0,4.87766937499326,0
5380,H02_saa,1,65,2,2,1,normal,2,1,0,28.2276208210645,5.64552416421289,0,5.64552416421289,0
5380,H02_saa,1,65,2,2,1,normal,2,3,0,8,1.6,0,1.6,0
5380,H02_saa,1,65,2,2,1,normal,2,4,0,22.9939521853426,4.59879043706853,0,4.59879043706853,0
5380,H02_saa,1,65,2,2,1,normal,3,1,0,28.2276208210645,5.64552416421289,0,5.64552416421289,0
5380,H02_saa,1,65,2,2,1,normal,3,2,0,8,1.6,0,1.6,0
5380,H02_saa,1,65,2,2,1,normal,3,4,0,27.1343920149121,5.42687840298242,0,5.42687840298242,0
5380,H02_saa,1,65,2,2,1,normal,4,1,0,24.3883468749663,4.87766937499326,0,4.87766937499326,0
5380,H02_saa,1,65,2,2,1,normal,4,2,0,22.9939521853426,4.59879043706853,0,4.59879043706853,0
5380,H02_saa,1,65,2,2,1,normal,4,3,0,27.1343920149121,5.42687840298242,0,5.42687840298242,0
5380,H02_saa,2,66,2,2,2,normal,1,2,0,28.2276208210645,5.64552416421289,0.0202380952380952,5.87403347562151,0
5380,H02_saa,2,66,2,2,2,normal,1,3,0,28.2276208210645,5.64552416421289,0.0202380952380952,5.87403347562151,0
5380,H02_saa,2,66,2,2,2,normal,1,4,0,24.3883468749663,4.87766937499326,0.0202380952380952,5.07509884969536,0
5380,H02_saa,2,66,2,2,2,normal,2,1,0,28.2276208210645,5.64552416421289,0.0202380952380952,5.87403347562151,0
5380,H02_saa,2,66,2,2,2,normal,2,3,0,8,1.6,0.0202380952380952,1.6647619047619,0
5380,H02_saa,2,66,2,2,2,normal,2,4,0,22.9939521853426,4.59879043706853,0.0202380952380952,4.78493195475939,0
5380,H02_saa,2,66,2,2,2,normal,3,1,0,28.2276208210645,5.64552416421289,0.0202380952380952,5.87403347562151,0
5380,H02_saa,2,66,2,2,2,normal,3,2,0,8,1.6,0.0202380952380952,1.6647619047619,0
5380,H02_saa,2,66,2,2,2,normal,3,4,0,27.1343920149121,5.42687840298242,0.0202380952380952,5.64653776691266,0
5380,H02_saa,2,66,2,2,2,normal,4,1,0,24.3883468749663,4.87766937499326,0.0202380952380952,5.07509884969536,0
5380,H02_saa,2,66,2,2,2,normal,4,2,0,22.9939521853426,4.59879043706853,0.0202380952380952,4.78493195475939,0
5380,H02_saa,2,66,2,2,2,normal,4,3,0,27.1343920149121,5.42687840298242,0.0202380952380952,5.64653776691266,0
5380,H02_saa,3,117,3,1,5,normal,1,2,0,28.2276208210645,5.64552416421289,0.148571428571429,7.32305134443615,0
5380,H02_saa,3,117,3,1,5,normal,1,3,0,28.2276208210645,5.64552416421289,0.148571428571429,7.32305134443615,0
5380,H02_saa,3,117,3,1,5,normal,1,4,0,24.3883468749663,4.87766937499326,0.148571428571429,6.32703398927697,0
5380,H02_saa,3,117,3,1,5,normal,2,1,4.73102588092132,28.2276208210645,5.64552416421289,0.148571428571429,7.32305134443615,34.6455454378431
5380,H02_saa,3,117,3,1,5,normal,2,3,0,8,1.6,0.148571428571429,2.07542857142857,0
5380,H02_saa,3,117,3,1,5,normal,2,4,10.2113557107847,22.9939521853426,4.59879043706853,0.148571428571429,5.96528816694032,60.9136793899626
5380,H02_saa,3,117,3,1,5,normal,3,1,29.3833149259421,28.2276208210645,5.64552416421289,0.148571428571429,7.32305134443615,215.175523872411
5380,H02_saa,3,117,3,1,5,normal,3,2,0,8,1.6,0.148571428571429,2.07542857142857,0
5380,H02_saa,3,117,3,1,5,normal,3,4,0,27.1343920149121,5.42687840298242,0.148571428571429,7.03943655701148,0
5380,H02_saa,3,117,3,1,5,normal,4,1,0,24.3883468749663,4.87766937499326,0.148571428571429,6.32703398927697,0
5380,H02_saa,3,117,3,1,5,normal,4,2,0,22.9939521853426,4.59879043706853,0.148571428571429,5.96528816694032,0
5380,H02_saa,3,117,3,1,5,normal,4,3,0,27.1343920149121,5.42687840298242,0.148571428571429,7.03943655701148,0
5380,H02_saa,4,150,3,5,6,normal,1,2,0,28.2276208210645,5.64552416421289,0.252380952380952,8.49516969472035,0
5380,H02_saa,4,150,3,5,6,normal,1,3,0,28.2276208210645,5.64552416421289,0.252380952380952,8.49516969472035,0
5380,H02_saa,4,150,3,5,6,normal,1,4,5.27989360455103,24.3883468749663,4.87766937499326,0.252380952380952,7.33973105951366,38.7529990802508
5380,H02_saa,4,150,3,5,6,normal,2,1,0,28.2276208210645,5.64552416421289,0.252380952380952,8.49516969472035,0
5380,H02_saa,4,150,3,5,6,normal,2,3,0,8,1.6,0.252380952380952,2.40761904761905,0
5380,H02_saa,4,150,3,5,6,normal,2,4,13.8272798665487,22.9939521853426,4.59879043706853,0.252380952380952,6.92008465768407,95.6859472620074
5380,H02_saa,4,150,3,5,6,normal,3,1,0,28.2276208210645,5.64552416421289,0.252380952380952,8.49516969472035,0
5380,H02_saa,4,150,3,5,6,normal,3,2,0,8,1.6,0.252380952380952,2.40761904761905,0
5380,H02_saa,4,150,3,5,6,normal,3,4,11.480104468657,27.1343920149121,5.42687840298242,0.252380952380952,8.16615988258307,93.7483685598097
5380,H02_saa,4,150,3,5,6,normal,4,1,0,24.3883468749663,4.87766937499326,0.252380952380952,7.33973105951366,0
5380,H02_saa,4,150,3,5,6,normal,4,2,0,22.9939521853426,4.59879043706853,0.252380952380952,6.92008465768407,0
5380,H02_saa,4,150,3,5,6,normal,4,3,0,27.1343920149121,5.42687840298242,0.252380952380952,8.16615988258307,0
5380,H02_saa,5,167,3,7,7,loh_demand_stage,1,2,0,28.2276208210645,5.64552416421289,0.342857142857143,9.51674073395888,0
5380,H02_saa,5,167,3,7,7,loh_demand_stage,1,3,0,28.2276208210645,5.64552416421289,0.342857142857143,9.51674073395888,0
5380,H02_saa,5,167,3,7,7,loh_demand_stage,1,4,0,24.3883468749663,4.87766937499326,0.342857142857143,8.2223569464172,0
5380,H02_saa,5,167,3,7,7,loh_demand_stage,2,1,0,28.2276208210645,5.64552416421289,0.342857142857143,9.51674073395888,0
5380,H02_saa,5,167,3,7,7,loh_demand_stage,2,3,0,8,1.6,0.342857142857143,2.69714285714286,0
5380,H02_saa,5,167,3,7,7,loh_demand_stage,2,4,0,22.9939521853426,4.59879043706853,0.342857142857143,7.75224673677266,0
5380,H02_saa,5,167,3,7,7,loh_demand_stage,3,1,0,28.2276208210645,5.64552416421289,0.342857142857143,9.51674073395888,0
5380,H02_saa,5,167,3,7,7,loh_demand_stage,3,2,0,8,1.6,0.342857142857143,2.69714285714286,0
5380,H02_saa,5,167,3,7,7,loh_demand_stage,3,4,0,27.1343920149121,5.42687840298242,0.342857142857143,9.14816645074179,0
5380,H02_saa,5,167,3,7,7,loh_demand_stage,4,1,0,24.3883468749663,4.87766937499326,0.342857142857143,8.2223569464172,0
5380,H02_saa,5,167,3,7,7,loh_demand_stage,4,2,0,22.9939521853426,4.59879043706853,0.342857142857143,7.75224673677266,0
5380,H02_saa,5,167,3,7,7,loh_demand_stage,4,3,0,27.1343920149121,5.42687840298242,0.342857142857143,9.14816645074179,0
5380,H02_saa,6,112,2,7,8,post_absorb,1,2,0,28.2276208210645,5.64552416421289,0.2,7.90373382989805,0
5380,H02_saa,6,112,2,7,8,post_absorb,1,3,0,28.2276208210645,5.64552416421289,0.2,7.90373382989805,0
5380,H02_saa,6,112,2,7,8,post_absorb,1,4,0,24.3883468749663,4.87766937499326,0.2,6.82873712499056,0
5380,H02_saa,6,112,2,7,8,post_absorb,2,1,0,28.2276208210645,5.64552416421289,0.2,7.90373382989805,0
5380,H02_saa,6,112,2,7,8,post_absorb,2,3,0,8,1.6,0.2,2.24,0
5380,H02_saa,6,112,2,7,8,post_absorb,2,4,0,22.9939521853426,4.59879043706853,0.2,6.43830661189594,0
5380,H02_saa,6,112,2,7,8,post_absorb,3,1,0,28.2276208210645,5.64552416421289,0.2,7.90373382989805,0
5380,H02_saa,6,112,2,7,8,post_absorb,3,2,0,8,1.6,0.2,2.24,0
5380,H02_saa,6,112,2,7,8,post_absorb,3,4,0,27.1343920149121,5.42687840298242,0.2,7.59762976417539,0
5380,H02_saa,6,112,2,7,8,post_absorb,4,1,0,24.3883468749663,4.87766937499326,0.2,6.82873712499056,0
5380,H02_saa,6,112,2,7,8,post_absorb,4,2,0,22.9939521853426,4.59879043706853,0.2,6.43830661189594,0
5380,H02_saa,6,112,2,7,8,post_absorb,4,3,0,27.1343920149121,5.42687840298242,0.2,7.59762976417539,0
5380,H02_saa,7,80,2,3,8,post_absorb,1,2,0,28.2276208210645,5.64552416421289,0.153333333333333,7.37681824123818,0
5380,H02_saa,7,80,2,3,8,post_absorb,1,3,0,28.2276208210645,5.64552416421289,0.153333333333333,7.37681824123818,0
5380,H02_saa,7,80,2,3,8,post_absorb,1,4,0,24.3883468749663,4.87766937499326,0.153333333333333,6.37348798332452,0
5380,H02_saa,7,80,2,3,8,post_absorb,2,1,0,28.2276208210645,5.64552416421289,0.153333333333333,7.37681824123818,0
5380,H02_saa,7,80,2,3,8,post_absorb,2,3,0,8,1.6,0.153333333333333,2.09066666666667,0
5380,H02_saa,7,80,2,3,8,post_absorb,2,4,0,22.9939521853426,4.59879043706853,0.153333333333333,6.00908617110287,0
5380,H02_saa,7,80,2,3,8,post_absorb,3,1,0,28.2276208210645,5.64552416421289,0.153333333333333,7.37681824123818,0
5380,H02_saa,7,80,2,3,8,post_absorb,3,2,0,8,1.6,0.153333333333333,2.09066666666667,0
5380,H02_saa,7,80,2,3,8,post_absorb,3,4,0,27.1343920149121,5.42687840298242,0.153333333333333,7.09112111323036,0
5380,H02_saa,7,80,2,3,8,post_absorb,4,1,0,24.3883468749663,4.87766937499326,0.153333333333333,6.37348798332452,0
5380,H02_saa,7,80,2,3,8,post_absorb,4,2,0,22.9939521853426,4.59879043706853,0.153333333333333,6.00908617110287,0
5380,H02_saa,7,80,2,3,8,post_absorb,4,3,0,27.1343920149121,5.42687840298242,0.153333333333333,7.09112111323036,0
5380,H02_saa,8,64,2,1,8,post_absorb,1,2,0,28.2276208210645,5.64552416421289,0.13,7.11336044690825,0
5380,H02_saa,8,64,2,1,8,post_absorb,1,3,0,28.2276208210645,5.64552416421289,0.13,7.11336044690825,0
5380,H02_saa,8,64,2,1,8,post_absorb,1,4,0,24.3883468749663,4.87766937499326,0.13,6.1458634124915,0
5380,H02_saa,8,64,2,1,8,post_absorb,2,1,0,28.2276208210645,5.64552416421289,0.13,7.11336044690825,0
5380,H02_saa,8,64,2,1,8,post_absorb,2,3,0,8,1.6,0.13,2.016,0
5380,H02_saa,8,64,2,1,8,post_absorb,2,4,0,22.9939521853426,4.59879043706853,0.13,5.79447595070634,0
5380,H02_saa,8,64,2,1,8,post_absorb,3,1,0,28.2276208210645,5.64552416421289,0.13,7.11336044690825,0
5380,H02_saa,8,64,2,1,8,post_absorb,3,2,0,8,1.6,0.13,2.016,0
5380,H02_saa,8,64,2,1,8,post_absorb,3,4,0,27.1343920149121,5.42687840298242,0.13,6.83786678775785,0
5380,H02_saa,8,64,2,1,8,post_absorb,4,1,0,24.3883468749663,4.87766937499326,0.13,6.1458634124915,0
5380,H02_saa,8,64,2,1,8,post_absorb,4,2,0,22.9939521853426,4.59879043706853,0.13,5.79447595070634,0
5380,H02_saa,8,64,2,1,8,post_absorb,4,3,0,27.1343920149121,5.42687840298242,0.13,6.83786678775785,0
6826,H02_saa,1,65,2,2,1,normal,1,2,0,28.2276208210645,5.64552416421289,0,5.64552416421289,0
6826,H02_saa,1,65,2,2,1,normal,1,3,0,28.2276208210645,5.64552416421289,0,5.64552416421289,0
6826,H02_saa,1,65,2,2,1,normal,1,4,0,24.3883468749663,4.87766937499326,0,4.87766937499326,0
6826,H02_saa,1,65,2,2,1,normal,2,1,0,28.2276208210645,5.64552416421289,0,5.64552416421289,0
6826,H02_saa,1,65,2,2,1,normal,2,3,0,8,1.6,0,1.6,0
6826,H02_saa,1,65,2,2,1,normal,2,4,0,22.9939521853426,4.59879043706853,0,4.59879043706853,0
6826,H02_saa,1,65,2,2,1,normal,3,1,0,28.2276208210645,5.64552416421289,0,5.64552416421289,0
6826,H02_saa,1,65,2,2,1,normal,3,2,0,8,1.6,0,1.6,0
6826,H02_saa,1,65,2,2,1,normal,3,4,0,27.1343920149121,5.42687840298242,0,5.42687840298242,0
6826,H02_saa,1,65,2,2,1,normal,4,1,0,24.3883468749663,4.87766937499326,0,4.87766937499326,0
6826,H02_saa,1,65,2,2,1,normal,4,2,0,22.9939521853426,4.59879043706853,0,4.59879043706853,0
6826,H02_saa,1,65,2,2,1,normal,4,3,0,27.1343920149121,5.42687840298242,0,5.42687840298242,0
6826,H02_saa,2,75,2,3,3,normal,1,2,0,28.2276208210645,5.64552416421289,0.0438095238095238,6.14017961479155,0
6826,H02_saa,2,75,2,3,3,normal,1,3,0,28.2276208210645,5.64552416421289,0.0438095238095238,6.14017961479155,0
6826,H02_saa,2,75,2,3,3,normal,1,4,0,24.3883468749663,4.87766937499326,0.0438095238095238,5.30504612023076,0
6826,H02_saa,2,75,2,3,3,normal,2,1,0,28.2276208210645,5.64552416421289,0.0438095238095238,6.14017961479155,0
6826,H02_saa,2,75,2,3,3,normal,2,3,0,8,1.6,0.0438095238095238,1.74019047619048,0
6826,H02_saa,2,75,2,3,3,normal,2,4,0,22.9939521853426,4.59879043706853,0.0438095238095238,5.00173207536405,0
6826,H02_saa,2,75,2,3,3,normal,3,1,0,28.2276208210645,5.64552416421289,0.0438095238095238,6.14017961479155,0
6826,H02_saa,2,75,2,3,3,normal,3,2,0,8,1.6,0.0438095238095238,1.74019047619048,0
6826,H02_saa,2,75,2,3,3,normal,3,4,0,27.1343920149121,5.42687840298242,0.0438095238095238,5.90237632019612,0
6826,H02_saa,2,75,2,3,3,normal,4,1,0,24.3883468749663,4.87766937499326,0.0438095238095238,5.30504612023076,0
6826,H02_saa,2,75,2,3,3,normal,4,2,0,22.9939521853426,4.59879043706853,0.0438095238095238,5.00173207536405,0
6826,H02_saa,2,75,2,3,3,normal,4,3,0,27.1343920149121,5.42687840298242,0.0438095238095238,5.90237632019612,0
6826,H02_saa,3,117,3,1,5,normal,1,2,0,28.2276208210645,5.64552416421289,0.148571428571429,7.32305134443615,0
6826,H02_saa,3,117,3,1,5,normal,1,3,0,28.2276208210645,5.64552416421289,0.148571428571429,7.32305134443615,0
6826,H02_saa,3,117,3,1,5,normal,1,4,0,24.3883468749663,4.87766937499326,0.148571428571429,6.32703398927697,0
6826,H02_saa,3,117,3,1,5,normal,2,1,0,28.2276208210645,5.64552416421289,0.148571428571429,7.32305134443615,0
6826,H02_saa,3,117,3,1,5,normal,2,3,0,8,1.6,0.148571428571429,2.07542857142857,0
6826,H02_saa,3,117,3,1,5,normal,2,4,14.1040661020879,22.9939521853426,4.59879043706853,0.148571428571429,5.96528816694032,84.1348186245291
6826,H02_saa,3,117,3,1,5,normal,3,1,27.7776334533175,28.2276208210645,5.64552416421289,0.148571428571429,7.32305134443615,203.417036005571
6826,H02_saa,3,117,3,1,5,normal,3,2,0,8,1.6,0.148571428571429,2.07542857142857,0
6826,H02_saa,3,117,3,1,5,normal,3,4,23.5025488854891,27.1343920149121,5.42687840298242,0.148571428571429,7.03943655701148,165.444701807462
6826,H02_saa,3,117,3,1,5,normal,4,1,0,24.3883468749663,4.87766937499326,0.148571428571429,6.32703398927697,0
6826,H02_saa,3,117,3,1,5,normal,4,2,0,22.9939521853426,4.59879043706853,0.148571428571429,5.96528816694032,0
6826,H02_saa,3,117,3,1,5,normal,4,3,0,27.1343920149121,5.42687840298242,0.148571428571429,7.03943655701148,0
6826,H02_saa,4,134,3,3,6,normal,1,2,0,28.2276208210645,5.64552416421289,0.219047619047619,8.11880141710616,0
6826,H02_saa,4,134,3,3,6,normal,1,3,0,28.2276208210645,5.64552416421289,0.219047619047619,8.11880141710616,0
6826,H02_saa,4,134,3,3,6,normal,1,4,0,24.3883468749663,4.87766937499326,0.219047619047619,7.01455310118078,0
6826,H02_saa,4,134,3,3,6,normal,2,1,0,28.2276208210645,5.64552416421289,0.219047619047619,8.11880141710616,0
6826,H02_saa,4,134,3,3,6,normal,2,3,2.44369835259692,8,1.6,0.219047619047619,2.30095238095238,5.62283354273729
6826,H02_saa,4,134,3,3,6,normal,2,4,0,22.9939521853426,4.59879043706853,0.219047619047619,6.61349862854617,0
6826,H02_saa,4,134,3,3,6,normal,3,1,0,28.2276208210645,5.64552416421289,0.219047619047619,8.11880141710616,0
6826,H02_saa,4,134,3,3,6,normal,3,2,0,8,1.6,0.219047619047619,2.30095238095238,0
6826,H02_saa,4,134,3,3,6,normal,3,4,0,27.1343920149121,5.42687840298242,0.219047619047619,7.80436798905091,0
6826,H02_saa,4,134,3,3,6,normal,4,1,0,24.3883468749663,4.87766937499326,0.219047619047619,7.01455310118078,0
6826,H02_saa,4,134,3,3,6,normal,4,2,0,22.9939521853426,4.59879043706853,0.219047619047619,6.61349862854617,0
6826,H02_saa,4,134,3,3,6,normal,4,3,0,27.1343920149121,5.42687840298242,0.219047619047619,7.80436798905091,0
6826,H02_saa,5,143,3,4,7,loh_demand_stage,1,2,0,28.2276208210645,5.64552416421289,0.282857142857143,8.83927783425333,0
6826,H02_saa,5,143,3,4,7,loh_demand_stage,1,3,0,28.2276208210645,5.64552416421289,0.282857142857143,8.83927783425333,0
6826,H02_saa,5,143,3,4,7,loh_demand_stage,1,4,0,24.3883468749663,4.87766937499326,0.282857142857143,7.63703662141801,0
6826,H02_saa,5,143,3,4,7,loh_demand_stage,2,1,0,28.2276208210645,5.64552416421289,0.282857142857143,8.83927783425333,0
6826,H02_saa,5,143,3,4,7,loh_demand_stage,2,3,0,8,1.6,0.282857142857143,2.50514285714286,0
6826,H02_saa,5,143,3,4,7,loh_demand_stage,2,4,0,22.9939521853426,4.59879043706853,0.282857142857143,7.20039188432443,0
6826,H02_saa,5,143,3,4,7,loh_demand_stage,3,1,0,28.2276208210645,5.64552416421289,0.282857142857143,8.83927783425333,0
6826,H02_saa,5,143,3,4,7,loh_demand_stage,3,2,0,8,1.6,0.282857142857143,2.50514285714286,0
6826,H02_saa,5,143,3,4,7,loh_demand_stage,3,4,0,27.1343920149121,5.42687840298242,0.282857142857143,8.4969410423839,0
6826,H02_saa,5,143,3,4,7,loh_demand_stage,4,1,0,24.3883468749663,4.87766937499326,0.282857142857143,7.63703662141801,0
6826,H02_saa,5,143,3,4,7,loh_demand_stage,4,2,0,22.9939521853426,4.59879043706853,0.282857142857143,7.20039188432443,0
6826,H02_saa,5,143,3,4,7,loh_demand_stage,4,3,0,27.1343920149121,5.42687840298242,0.282857142857143,8.4969410423839,0
6826,H02_saa,6,184,4,2,8,post_absorb,1,2,0,28.2276208210645,5.64552416421289,0.425,10.4442197037939,0
6826,H02_saa,6,184,4,2,8,post_absorb,1,3,0,28.2276208210645,5.64552416421289,0.425,10.4442197037939,0
6826,H02_saa,6,184,4,2,8,post_absorb,1,4,0,24.3883468749663,4.87766937499326,0.425,9.02368834373752,0
6826,H02_saa,6,184,4,2,8,post_absorb,2,1,0,28.2276208210645,5.64552416421289,0.425,10.4442197037939,0
6826,H02_saa,6,184,4,2,8,post_absorb,2,3,0,8,1.6,0.425,2.96,0
6826,H02_saa,6,184,4,2,8,post_absorb,2,4,0,22.9939521853426,4.59879043706853,0.425,8.50776230857677,0
6826,H02_saa,6,184,4,2,8,post_absorb,3,1,0,28.2276208210645,5.64552416421289,0.425,10.4442197037939,0
6826,H02_saa,6,184,4,2,8,post_absorb,3,2,0,8,1.6,0.425,2.96,0
6826,H02_saa,6,184,4,2,8,post_absorb,3,4,0,27.1343920149121,5.42687840298242,0.425,10.0397250455175,0
6826,H02_saa,6,184,4,2,8,post_absorb,4,1,0,24.3883468749663,4.87766937499326,0.425,9.02368834373752,0
6826,H02_saa,6,184,4,2,8,post_absorb,4,2,0,22.9939521853426,4.59879043706853,0.425,8.50776230857677,0
6826,H02_saa,6,184,4,2,8,post_absorb,4,3,0,27.1343920149121,5.42687840298242,0.425,10.0397250455175,0
6826,H02_saa,7,192,4,3,8,post_absorb,1,2,0,28.2276208210645,5.64552416421289,0.46,10.8394063952888,0
6826,H02_saa,7,192,4,3,8,post_absorb,1,3,0,28.2276208210645,5.64552416421289,0.46,10.8394063952888,0
6826,H02_saa,7,192,4,3,8,post_absorb,1,4,0,24.3883468749663,4.87766937499326,0.46,9.36512519998705,0
6826,H02_saa,7,192,4,3,8,post_absorb,2,1,0,28.2276208210645,5.64552416421289,0.46,10.8394063952888,0
6826,H02_saa,7,192,4,3,8,post_absorb,2,3,0,8,1.6,0.46,3.072,0
6826,H02_saa,7,192,4,3,8,post_absorb,2,4,0,22.9939521853426,4.59879043706853,0.46,8.82967763917157,0
6826,H02_saa,7,192,4,3,8,post_absorb,3,1,0,28.2276208210645,5.64552416421289,0.46,10.8394063952888,0
6826,H02_saa,7,192,4,3,8,post_absorb,3,2,0,8,1.6,0.46,3.072,0
6826,H02_saa,7,192,4,3,8,post_absorb,3,4,0,27.1343920149121,5.42687840298242,0.46,10.4196065337262,0
6826,H02_saa,7,192,4,3,8,post_absorb,4,1,0,24.3883468749663,4.87766937499326,0.46,9.36512519998705,0
6826,H02_saa,7,192,4,3,8,post_absorb,4,2,0,22.9939521853426,4.59879043706853,0.46,8.82967763917157,0
6826,H02_saa,7,192,4,3,8,post_absorb,4,3,0,27.1343920149121,5.42687840298242,0.46,10.4196065337262,0
6826,H02_saa,8,208,4,5,8,post_absorb,1,2,0,28.2276208210645,5.64552416421289,0.53,11.6297797782786,0
6826,H02_saa,8,208,4,5,8,post_absorb,1,3,0,28.2276208210645,5.64552416421289,0.53,11.6297797782786,0
6826,H02_saa,8,208,4,5,8,post_absorb,1,4,0,24.3883468749663,4.87766937499326,0.53,10.0479989124861,0
6826,H02_saa,8,208,4,5,8,post_absorb,2,1,0,28.2276208210645,5.64552416421289,0.53,11.6297797782786,0
6826,H02_saa,8,208,4,5,8,post_absorb,2,3,0,8,1.6,0.53,3.296,0
6826,H02_saa,8,208,4,5,8,post_absorb,2,4,0,22.9939521853426,4.59879043706853,0.53,9.47350830036116,0
6826,H02_saa,8,208,4,5,8,post_absorb,3,1,0,28.2276208210645,5.64552416421289,0.53,11.6297797782786,0
6826,H02_saa,8,208,4,5,8,post_absorb,3,2,0,8,1.6,0.53,3.296,0
6826,H02_saa,8,208,4,5,8,post_absorb,3,4,0,27.1343920149121,5.42687840298242,0.53,11.1793695101438,0
6826,H02_saa,8,208,4,5,8,post_absorb,4,1,0,24.3883468749663,4.87766937499326,0.53,10.0479989124861,0
6826,H02_saa,8,208,4,5,8,post_absorb,4,2,0,22.9939521853426,4.59879043706853,0.53,9.47350830036116,0
6826,H02_saa,8,208,4,5,8,post_absorb,4,3,0,27.1343920149121,5.42687840298242,0.53,11.1793695101438,0
9114,H02_saa,1,65,2,2,1,normal,1,2,0,28.2276208210645,5.64552416421289,0,5.64552416421289,0
9114,H02_saa,1,65,2,2,1,normal,1,3,0,28.2276208210645,5.64552416421289,0,5.64552416421289,0
9114,H02_saa,1,65,2,2,1,normal,1,4,0,24.3883468749663,4.87766937499326,0,4.87766937499326,0
9114,H02_saa,1,65,2,2,1,normal,2,1,0,28.2276208210645,5.64552416421289,0,5.64552416421289,0
9114,H02_saa,1,65,2,2,1,normal,2,3,0,8,1.6,0,1.6,0
9114,H02_saa,1,65,2,2,1,normal,2,4,0,22.9939521853426,4.59879043706853,0,4.59879043706853,0
9114,H02_saa,1,65,2,2,1,normal,3,1,0,28.2276208210645,5.64552416421289,0,5.64552416421289,0
9114,H02_saa,1,65,2,2,1,normal,3,2,0,8,1.6,0,1.6,0
9114,H02_saa,1,65,2,2,1,normal,3,4,0,27.1343920149121,5.42687840298242,0,5.42687840298242,0
9114,H02_saa,1,65,2,2,1,normal,4,1,0,24.3883468749663,4.87766937499326,0,4.87766937499326,0
9114,H02_saa,1,65,2,2,1,normal,4,2,0,22.9939521853426,4.59879043706853,0,4.59879043706853,0
9114,H02_saa,1,65,2,2,1,normal,4,3,0,27.1343920149121,5.42687840298242,0,5.42687840298242,0
9114,H02_saa,2,58,2,1,2,normal,1,2,0,28.2276208210645,5.64552416421289,0.0185714285714286,5.8552150617408,0
9114,H02_saa,2,58,2,1,2,normal,1,3,0,28.2276208210645,5.64552416421289,0.0185714285714286,5.8552150617408,0
9114,H02_saa,2,58,2,1,2,normal,1,4,0,24.3883468749663,4.87766937499326,0.0185714285714286,5.05883995177872,0
9114,H02_saa,2,58,2,1,2,normal,2,1,0,28.2276208210645,5.64552416421289,0.0185714285714286,5.8552150617408,0
9114,H02_saa,2,58,2,1,2,normal,2,3,0,8,1.6,0.0185714285714286,1.65942857142857,0
9114,H02_saa,2,58,2,1,2,normal,2,4,0,22.9939521853426,4.59879043706853,0.0185714285714286,4.7696026533025,0
9114,H02_saa,2,58,2,1,2,normal,3,1,0,28.2276208210645,5.64552416421289,0.0185714285714286,5.8552150617408,0
9114,H02_saa,2,58,2,1,2,normal,3,2,0,8,1.6,0.0185714285714286,1.65942857142857,0
9114,H02_saa,2,58,2,1,2,normal,3,4,0,27.1343920149121,5.42687840298242,0.0185714285714286,5.62844817223605,0
9114,H02_saa,2,58,2,1,2,normal,4,1,0,24.3883468749663,4.87766937499326,0.0185714285714286,5.05883995177872,0
9114,H02_saa,2,58,2,1,2,normal,4,2,0,22.9939521853426,4.59879043706853,0.0185714285714286,4.7696026533025,0
9114,H02_saa,2,58,2,1,2,normal,4,3,0,27.1343920149121,5.42687840298242,0.0185714285714286,5.62844817223605,0
9114,H02_saa,3,67,2,2,3,normal,1,2,0,28.2276208210645,5.64552416421289,0.0404761904761905,6.10254278703013,0
9114,H02_saa,3,67,2,2,3,normal,1,3,0,28.2276208210645,5.64552416421289,0.0404761904761905,6.10254278703013,0
9114,H02_saa,3,67,2,2,3,normal,1,4,0,24.3883468749663,4.87766937499326,0.0404761904761905,5.27252832439747,0
9114,H02_saa,3,67,2,2,3,normal,2,1,0,28.2276208210645,5.64552416421289,0.0404761904761905,6.10254278703013,0
9114,H02_saa,3,67,2,2,3,normal,2,3,0,8,1.6,0.0404761904761905,1.72952380952381,0
9114,H02_saa,3,67,2,2,3,normal,2,4,0,22.9939521853426,4.59879043706853,0.0404761904761905,4.97107347245026,0
9114,H02_saa,3,67,2,2,3,normal,3,1,0,28.2276208210645,5.64552416421289,0.0404761904761905,6.10254278703013,0
9114,H02_saa,3,67,2,2,3,normal,3,2,0,8,1.6,0.0404761904761905,1.72952380952381,0
9114,H02_saa,3,67,2,2,3,normal,3,4,0,27.1343920149121,5.42687840298242,0.0404761904761905,5.8661971308429,0
9114,H02_saa,3,67,2,2,3,normal,4,1,0,24.3883468749663,4.87766937499326,0.0404761904761905,5.27252832439747,0
9114,H02_saa,3,67,2,2,3,normal,4,2,0,22.9939521853426,4.59879043706853,0.0404761904761905,4.97107347245026,0
9114,H02_saa,3,67,2,2,3,normal,4,3,0,27.1343920149121,5.42687840298242,0.0404761904761905,5.8661971308429,0
9114,H02_saa,4,116,3,1,4,normal,1,2,0,28.2276208210645,5.64552416421289,0.111428571428571,6.90366954938034,0
9114,H02_saa,4,116,3,1,4,normal,1,3,0,28.2276208210645,5.64552416421289,0.111428571428571,6.90366954938034,0
9114,H02_saa,4,116,3,1,4,normal,1,4,0,24.3883468749663,4.87766937499326,0.111428571428571,5.96469283570604,0
9114,H02_saa,4,116,3,1,4,normal,2,1,0,28.2276208210645,5.64552416421289,0.111428571428571,6.90366954938034,0
9114,H02_saa,4,116,3,1,4,normal,2,3,0,8,1.6,0.111428571428571,1.95657142857143,0
9114,H02_saa,4,116,3,1,4,normal,2,4,1.67047650584998,22.9939521853426,4.59879043706853,0.111428571428571,5.62366373447237,9.39419814523663
9114,H02_saa,4,116,3,1,4,normal,3,1,0,28.2276208210645,5.64552416421289,0.111428571428571,6.90366954938034,0
9114,H02_saa,4,116,3,1,4,normal,3,2,0,8,1.6,0.111428571428571,1.95657142857143,0
9114,H02_saa,4,116,3,1,4,normal,3,4,21.7492392328624,27.1343920149121,5.42687840298242,0.111428571428571,6.63629701850421,144.33441147578
9114,H02_saa,4,116,3,1,4,normal,4,1,0,24.3883468749663,4.87766937499326,0.111428571428571,5.96469283570604,0
9114,H02_saa,4,116,3,1,4,normal,4,2,0,22.9939521853426,4.59879043706853,0.111428571428571,5.62366373447237,0
9114,H02_saa,4,116,3,1,4,normal,4,3,0,27.1343920149121,5.42687840298242,0.111428571428571,6.63629701850421,0
9114,H02_saa,5,134,3,3,6,normal,1,2,0,28.2276208210645,5.64552416421289,0.219047619047619,8.11880141710616,0
9114,H02_saa,5,134,3,3,6,normal,1,3,0,28.2276208210645,5.64552416421289,0.219047619047619,8.11880141710616,0
9114,H02_saa,5,134,3,3,6,normal,1,4,4.32371468612158,24.3883468749663,4.87766937499326,0.219047619047619,7.01455310118078,30.328926260155
9114,H02_saa,5,134,3,3,6,normal,2,1,0,28.2276208210645,5.64552416421289,0.219047619047619,8.11880141710616,0
9114,H02_saa,5,134,3,3,6,normal,2,3,0,8,1.6,0.219047619047619,2.30095238095238,0
9114,H02_saa,5,134,3,3,6,normal,2,4,5.75470220496103,22.9939521853426,4.59879043706853,0.219047619047619,6.61349862854617,38.0587151402014
9114,H02_saa,5,134,3,3,6,normal,3,1,0,28.2276208210645,5.64552416421289,0.219047619047619,8.11880141710616,0
9114,H02_saa,5,134,3,3,6,normal,3,2,0,8,1.6,0.219047619047619,2.30095238095238,0
9114,H02_saa,5,134,3,3,6,normal,3,4,15.680476685617,27.1343920149121,5.42687840298242,0.219047619047619,7.80436798905091,122.376210298288
9114,H02_saa,5,134,3,3,6,normal,4,1,0,24.3883468749663,4.87766937499326,0.219047619047619,7.01455310118078,0
9114,H02_saa,5,134,3,3,6,normal,4,2,0,22.9939521853426,4.59879043706853,0.219047619047619,6.61349862854617,0
9114,H02_saa,5,134,3,3,6,normal,4,3,0,27.1343920149121,5.42687840298242,0.219047619047619,7.80436798905091,0
9114,H02_saa,6,71,2,2,7,loh_demand_stage,1,2,0,28.2276208210645,5.64552416421289,0.121428571428571,7.0165800326646,0
9114,H02_saa,6,71,2,2,7,loh_demand_stage,1,3,0,28.2276208210645,5.64552416421289,0.121428571428571,7.0165800326646,0
9114,H02_saa,6,71,2,2,7,loh_demand_stage,1,4,0,24.3883468749663,4.87766937499326,0.121428571428571,6.0622462232059,0
9114,H02_saa,6,71,2,2,7,loh_demand_stage,2,1,0,28.2276208210645,5.64552416421289,0.121428571428571,7.0165800326646,0
9114,H02_saa,6,71,2,2,7,loh_demand_stage,2,3,0,8,1.6,0.121428571428571,1.98857142857143,0
9114,H02_saa,6,71,2,2,7,loh_demand_stage,2,4,0,22.9939521853426,4.59879043706853,0.121428571428571,5.71563954321374,0
9114,H02_saa,6,71,2,2,7,loh_demand_stage,3,1,0,28.2276208210645,5.64552416421289,0.121428571428571,7.0165800326646,0
9114,H02_saa,6,71,2,2,7,loh_demand_stage,3,2,0,8,1.6,0.121428571428571,1.98857142857143,0
9114,H02_saa,6,71,2,2,7,loh_demand_stage,3,4,0,27.1343920149121,5.42687840298242,0.121428571428571,6.74483458656386,0
9114,H02_saa,6,71,2,2,7,loh_demand_stage,4,1,0,24.3883468749663,4.87766937499326,0.121428571428571,6.0622462232059,0
9114,H02_saa,6,71,2,2,7,loh_demand_stage,4,2,0,22.9939521853426,4.59879043706853,0.121428571428571,5.71563954321374,0
9114,H02_saa,6,71,2,2,7,loh_demand_stage,4,3,0,27.1343920149121,5.42687840298242,0.121428571428571,6.74483458656386,0
9114,H02_saa,7,40,1,5,8,post_absorb,1,2,0,28.2276208210645,5.64552416421289,0,5.64552416421289,0
9114,H02_saa,7,40,1,5,8,post_absorb,1,3,0,28.2276208210645,5.64552416421289,0,5.64552416421289,0
9114,H02_saa,7,40,1,5,8,post_absorb,1,4,0,24.3883468749663,4.87766937499326,0,4.87766937499326,0
9114,H02_saa,7,40,1,5,8,post_absorb,2,1,0,28.2276208210645,5.64552416421289,0,5.64552416421289,0
9114,H02_saa,7,40,1,5,8,post_absorb,2,3,0,8,1.6,0,1.6,0
9114,H02_saa,7,40,1,5,8,post_absorb,2,4,0,22.9939521853426,4.59879043706853,0,4.59879043706853,0
9114,H02_saa,7,40,1,5,8,post_absorb,3,1,0,28.2276208210645,5.64552416421289,0,5.64552416421289,0
9114,H02_saa,7,40,1,5,8,post_absorb,3,2,0,8,1.6,0,1.6,0
9114,H02_saa,7,40,1,5,8,post_absorb,3,4,0,27.1343920149121,5.42687840298242,0,5.42687840298242,0
9114,H02_saa,7,40,1,5,8,post_absorb,4,1,0,24.3883468749663,4.87766937499326,0,4.87766937499326,0
9114,H02_saa,7,40,1,5,8,post_absorb,4,2,0,22.9939521853426,4.59879043706853,0,4.59879043706853,0
9114,H02_saa,7,40,1,5,8,post_absorb,4,3,0,27.1343920149121,5.42687840298242,0,5.42687840298242,0
9114,H02_saa,8,16,1,2,8,post_absorb,1,2,0,28.2276208210645,5.64552416421289,0,5.64552416421289,0
9114,H02_saa,8,16,1,2,8,post_absorb,1,3,0,28.2276208210645,5.64552416421289,0,5.64552416421289,0
9114,H02_saa,8,16,1,2,8,post_absorb,1,4,0,24.3883468749663,4.87766937499326,0,4.87766937499326,0
9114,H02_saa,8,16,1,2,8,post_absorb,2,1,0,28.2276208210645,5.64552416421289,0,5.64552416421289,0
9114,H02_saa,8,16,1,2,8,post_absorb,2,3,0,8,1.6,0,1.6,0
9114,H02_saa,8,16,1,2,8,post_absorb,2,4,0,22.9939521853426,4.59879043706853,0,4.59879043706853,0
9114,H02_saa,8,16,1,2,8,post_absorb,3,1,0,28.2276208210645,5.64552416421289,0,5.64552416421289,0
9114,H02_saa,8,16,1,2,8,post_absorb,3,2,0,8,1.6,0,1.6,0
9114,H02_saa,8,16,1,2,8,post_absorb,3,4,0,27.1343920149121,5.42687840298242,0,5.42687840298242,0
9114,H02_saa,8,16,1,2,8,post_absorb,4,1,0,24.3883468749663,4.87766937499326,0,4.87766937499326,0
9114,H02_saa,8,16,1,2,8,post_absorb,4,2,0,22.9939521853426,4.59879043706853,0,4.59879043706853,0
9114,H02_saa,8,16,1,2,8,post_absorb,4,3,0,27.1343920149121,5.42687840298242,0,5.42687840298242,0
